segment,oldTributaryId,straightLineM,throughWaterM,crossedLand,status,newTributaryId
main:1,honeycomb-creek,4078,4223,False,reassigned,mainstem
main:2,honeycomb-creek,4169,4368,False,reassigned,mainstem
main:3,honeycomb-creek,4280,4555,False,reassigned,mainstem
main:4,honeycomb-creek,4354,4646,False,reassigned,mainstem
main:5,honeycomb-creek,4223,4540,False,reassigned,mainstem
main:6,honeycomb-creek,4080,4399,False,reassigned,mainstem
main:7,honeycomb-creek,4002,4300,False,reassigned,mainstem
main:8,honeycomb-creek,3807,4117,False,reassigned,mainstem
main:9,honeycomb-creek,3795,4090,False,reassigned,mainstem
main:10,honeycomb-creek,3802,4191,False,reassigned,mainstem
main:11,honeycomb-creek,3955,4393,False,reassigned,mainstem
main:12,honeycomb-creek,3998,4482,False,reassigned,mainstem
main:13,honeycomb-creek,3888,4381,False,reassigned,mainstem
main:14,honeycomb-creek,3734,4167,False,reassigned,mainstem
main:15,honeycomb-creek,3583,3952,False,reassigned,mainstem
main:16,honeycomb-creek,3470,3809,False,reassigned,mainstem
main:17,honeycomb-creek,3296,3553,False,reassigned,mainstem
main:18,honeycomb-creek,3064,3321,False,reassigned,mainstem
main:19,honeycomb-creek,2863,3089,False,reassigned,mainstem
main:20,honeycomb-creek,2679,2911,False,reassigned,mainstem
main:21,honeycomb-creek,2580,2788,False,reassigned,mainstem
main:22,honeycomb-creek,2711,3020,False,reassigned,mainstem
main:23,honeycomb-creek,2645,3002,False,reassigned,mainstem
main:24,honeycomb-creek,2535,2788,False,reassigned,mainstem
main:25,honeycomb-creek,2371,2574,False,reassigned,mainstem
main:26,honeycomb-creek,2145,2317,False,reassigned,mainstem
main:27,honeycomb-creek,1997,2145,False,reassigned,mainstem
main:28,honeycomb-creek,1845,1991,False,reassigned,mainstem
main:29,honeycomb-creek,1636,1760,False,reassigned,mainstem
main:30,honeycomb-creek,1593,1678,False,reassigned,mainstem
main:31,honeycomb-creek,1819,1882,False,reassigned,mainstem
main:32,honeycomb-creek,1928,2048,False,reassigned,mainstem
main:33,honeycomb-creek,1848,2006,False,reassigned,mainstem
main:34,honeycomb-creek,1607,1661,False,reassigned,mainstem
main:35,honeycomb-creek,1484,1599,False,reassigned,mainstem
main:36,honeycomb-creek,1340,1464,False,reassigned,mainstem
main:37,honeycomb-creek,1212,1266,False,reassigned,mainstem
main:38,honeycomb-creek,975,1010,False,reassigned,mainstem
main:39,honeycomb-creek,830,867,False,reassigned,mainstem
main:40,honeycomb-creek,659,722,False,reassigned,mainstem
main:41,honeycomb-creek,610,678,False,reassigned,mainstem
main:42,honeycomb-creek,669,706,False,reassigned,dripping-spring-branch
main:43,honeycomb-creek,693,742,False,reassigned,dripping-spring-branch
main:44,dripping-spring-branch,391,404,False,same,dripping-spring-branch
main:45,dripping-spring-branch,276,281,False,same,dripping-spring-branch
main:46,dripping-spring-branch,156,143,False,same,dripping-spring-branch
main:47,dripping-spring-branch,121,89,False,same,dripping-spring-branch
main:48,dripping-spring-branch,109,89,False,same,dripping-spring-branch
main:49,dripping-spring-branch,59,42,False,same,dripping-spring-branch
main:50,dripping-spring-branch,116,0,False,same,dripping-spring-branch
main:51,dripping-spring-branch,42,30,False,same,dripping-spring-branch
main:52,dripping-spring-branch,0,0,False,same,dripping-spring-branch
main:53,dripping-spring-branch,45,0,False,same,dripping-spring-branch
main:54,dripping-spring-branch,47,42,False,same,dripping-spring-branch
main:55,dripping-spring-branch,92,71,False,same,dripping-spring-branch
main:56,dripping-spring-branch,104,101,False,same,dripping-spring-branch
main:57,dripping-spring-branch,108,113,False,reassigned,hayes-branch
main:58,dripping-spring-branch,243,310,False,reassigned,hayes-branch
main:59,hayes-branch,0,0,False,same,hayes-branch
main:60,hayes-branch,11,30,False,same,hayes-branch
main:61,hayes-branch,71,71,False,same,hayes-branch
main:62,dripping-spring-branch,219,207,False,reassigned,hayes-branch
main:63,dripping-spring-branch,188,178,False,reassigned,hayes-branch
main:64,dripping-spring-branch,179,209,False,same,dripping-spring-branch
main:65,dripping-spring-branch,257,323,False,same,dripping-spring-branch
main:66,dripping-spring-branch,262,483,False,same,dripping-spring-branch
main:67,dripping-spring-branch,414,645,False,same,dripping-spring-branch
main:68,dripping-spring-branch,559,801,False,same,dripping-spring-branch
main:69,dripping-spring-branch,698,937,False,reassigned,mainstem
main:70,dripping-spring-branch,857,1163,False,reassigned,mainstem
main:71,hayes-branch,487,1548,False,reassigned,mainstem
main:72,hayes-branch,529,1612,False,reassigned,mainstem
main:73,hayes-branch,750,1651,False,reassigned,mainstem
main:74,dripping-spring-branch,1246,1695,False,reassigned,mainstem
main:75,hayes-branch,771,2085,False,reassigned,mainstem
main:76,hayes-branch,827,2228,False,reassigned,mainstem
main:77,hayes-branch,779,2490,False,reassigned,mainstem
main:78,hayes-branch,759,2692,False,reassigned,mainstem
main:79,hayes-branch,632,2882,True,reassigned,mainstem
main:80,hayes-branch,583,2983,True,reassigned,mainstem
main:81,hayes-branch,792,2877,True,reassigned,mainstem
main:82,hayes-branch,830,3114,True,reassigned,mainstem
main:83,hayes-branch,823,3375,True,reassigned,mainstem
main:84,hayes-branch,822,3518,True,reassigned,mainstem
main:85,hayes-branch,880,3762,True,reassigned,mainstem
main:86,hayes-branch,939,3977,True,reassigned,mainstem
main:87,hayes-branch,971,4149,True,reassigned,mainstem
main:88,hayes-branch,930,4435,True,reassigned,mainstem
main:89,hayes-branch,1009,4566,True,reassigned,mainstem
main:90,hayes-branch,1100,4827,True,reassigned,mainstem
main:91,hayes-branch,1151,4928,True,reassigned,mainstem
main:92,dripping-spring-branch,1900,4990,False,reassigned,mainstem
main:93,dripping-spring-branch,1908,5246,False,reassigned,mainstem
main:94,browns-creek,2044,2052,False,reassigned,mainstem
main:95,browns-creek,2174,2237,False,reassigned,mainstem
main:96,dripping-spring-branch,1680,5936,True,reassigned,mainstem
main:97,dripping-spring-branch,1648,5860,True,reassigned,mainstem
main:98,dripping-spring-branch,1653,5882,True,reassigned,mainstem
main:99,dripping-spring-branch,1632,5947,True,reassigned,mainstem
main:100,browns-creek,2156,2170,False,reassigned,mainstem
main:101,browns-creek,2129,2240,False,reassigned,mainstem
main:102,browns-creek,2348,2459,False,reassigned,mainstem
main:103,dripping-spring-branch,1609,6474,True,reassigned,mainstem
main:104,browns-creek,2381,2516,False,reassigned,mainstem
main:105,browns-creek,2294,2511,False,reassigned,mainstem
main:106,browns-creek,2172,2314,False,reassigned,mainstem
main:107,browns-creek,2115,2282,False,reassigned,mainstem
main:108,browns-creek,2148,2275,False,reassigned,mainstem
main:109,browns-creek,2067,2282,False,reassigned,mainstem
main:110,browns-creek,2077,2403,False,reassigned,mainstem
main:111,browns-creek,2036,2576,False,reassigned,mainstem
main:112,browns-creek,1956,2581,False,reassigned,mainstem
main:113,browns-creek,1933,2337,False,reassigned,mainstem
main:114,browns-creek,1940,2164,False,reassigned,mainstem
main:115,browns-creek,1807,2004,False,reassigned,mainstem
main:116,browns-creek,1700,2060,False,reassigned,mainstem
main:117,browns-creek,1725,2193,False,reassigned,mainstem
main:118,browns-creek,1612,2097,False,reassigned,mainstem
main:119,browns-creek,1471,2006,False,reassigned,mainstem
main:120,browns-creek,1505,1846,False,reassigned,mainstem
main:121,browns-creek,1442,1547,False,reassigned,mainstem
main:122,browns-creek,1375,1409,False,reassigned,mainstem
main:123,browns-creek,1280,1336,False,reassigned,mainstem
main:124,browns-creek,1416,1511,False,reassigned,mainstem
main:125,browns-creek,1387,1450,False,reassigned,mainstem
main:126,browns-creek,1386,1431,False,reassigned,mainstem
main:127,browns-creek,1384,1421,False,reassigned,mainstem
main:128,browns-creek,1465,1535,False,reassigned,mainstem
main:129,browns-creek,1482,1540,False,same,browns-creek
main:130,browns-creek,1492,1552,False,same,browns-creek
main:131,browns-creek,1483,1505,False,same,browns-creek
main:132,browns-creek,1395,1451,False,same,browns-creek
main:133,browns-creek,1327,1374,False,same,browns-creek
main:134,browns-creek,950,989,False,same,browns-creek
main:135,browns-creek,750,794,False,same,browns-creek
main:136,browns-creek,550,558,False,same,browns-creek
main:137,browns-creek,350,368,False,same,browns-creek
main:138,browns-creek,150,173,False,same,browns-creek
main:139,browns-creek,44,30,False,same,browns-creek
main:140,browns-creek,309,316,False,same,browns-creek
main:141,browns-creek,509,518,False,same,browns-creek
main:142,browns-creek,709,750,False,same,browns-creek
main:143,browns-creek,909,825,False,same,browns-creek
main:144,browns-creek,1109,729,False,same,browns-creek
main:145,browns-creek,1293,727,False,same,browns-creek
main:146,browns-creek,1292,626,False,same,browns-creek
main:147,browns-creek,1423,722,False,same,browns-creek
main:148,browns-creek,1339,668,False,same,browns-creek
main:149,browns-creek,1282,424,False,same,browns-creek
main:150,browns-creek,1332,399,False,same,browns-creek
main:151,browns-creek,1499,427,False,same,browns-creek
main:152,browns-creek,1616,397,False,same,browns-creek
main:153,browns-creek,1520,279,False,same,browns-creek
main:154,browns-creek,1587,251,False,same,browns-creek
main:155,browns-creek,1658,30,False,same,browns-creek
main:156,browns-creek,1829,0,False,same,browns-creek
main:157,browns-creek,1895,178,False,same,browns-creek
main:158,browns-creek,1757,59,False,same,browns-creek
main:159,browns-creek,1620,126,False,same,browns-creek
main:160,browns-creek,1736,84,False,same,browns-creek
main:161,browns-creek,1708,71,False,same,browns-creek
main:162,browns-creek,1487,101,False,same,browns-creek
main:163,browns-creek,1336,168,False,same,browns-creek
main:164,browns-creek,1454,143,False,same,browns-creek
main:165,browns-creek,1578,274,False,same,browns-creek
main:166,browns-creek,1583,513,False,same,browns-creek
main:167,browns-creek,1486,451,False,same,browns-creek
main:168,browns-creek,1465,261,False,same,browns-creek
main:169,browns-creek,1586,239,False,same,browns-creek
main:170,browns-creek,1620,227,False,same,browns-creek
main:171,browns-creek,1463,0,False,same,browns-creek
main:172,browns-creek,1447,197,False,same,browns-creek
main:173,browns-creek,1338,274,False,same,browns-creek
main:174,browns-creek,1177,350,False,same,browns-creek
main:175,browns-creek,1083,560,False,same,browns-creek
main:176,browns-creek,922,577,False,same,browns-creek
main:177,browns-creek,823,638,False,same,browns-creek
main:178,browns-creek,771,741,False,same,browns-creek
main:179,browns-creek,705,700,False,same,browns-creek
main:180,browns-creek,742,712,False,same,browns-creek
main:181,browns-creek,788,825,False,same,browns-creek
main:182,browns-creek,670,670,False,same,browns-creek
main:183,browns-creek,637,628,False,same,browns-creek
main:184,browns-creek,513,419,False,same,browns-creek
main:185,browns-creek,631,293,False,same,browns-creek
main:186,browns-creek,679,202,False,same,browns-creek
main:187,browns-creek,775,220,False,same,browns-creek
main:188,browns-creek,861,30,False,same,browns-creek
main:189,browns-creek,985,59,False,same,browns-creek
main:190,browns-creek,1073,0,False,same,browns-creek
main:191,browns-creek,971,30,False,same,browns-creek
main:192,browns-creek,980,155,False,same,browns-creek
main:193,browns-creek,1116,340,False,same,browns-creek
main:194,browns-creek,990,239,False,same,browns-creek
main:195,browns-creek,824,71,False,same,browns-creek
main:196,browns-creek,655,178,False,same,browns-creek
main:197,browns-creek,652,352,False,same,browns-creek
main:198,browns-creek,596,490,False,same,browns-creek
main:199,browns-creek,565,293,False,same,browns-creek
main:200,browns-creek,525,503,False,same,browns-creek
main:201,browns-creek,596,574,False,same,browns-creek
main:202,browns-creek,571,544,False,same,browns-creek
main:203,browns-creek,603,586,False,same,browns-creek
main:204,browns-creek,733,741,False,reassigned,beech-creek
main:205,browns-creek,860,872,False,reassigned,beech-creek
main:206,beech-creek,440,478,False,same,beech-creek
main:207,beech-creek,284,308,False,same,beech-creek
main:208,beech-creek,341,345,False,same,beech-creek
main:209,beech-creek,464,471,False,same,beech-creek
main:210,beech-creek,290,281,False,same,beech-creek
main:211,beech-creek,268,261,False,same,beech-creek
main:212,beech-creek,121,113,False,same,beech-creek
main:213,beech-creek,39,30,False,same,beech-creek
main:214,beech-creek,191,185,False,same,beech-creek
main:215,beech-creek,186,155,False,same,beech-creek
main:216,beech-creek,74,71,False,same,beech-creek
main:217,beech-creek,106,89,False,same,beech-creek
main:218,beech-creek,93,30,False,same,beech-creek
main:219,beech-creek,120,0,False,same,beech-creek
main:220,beech-creek,19,30,False,same,beech-creek
main:221,beech-creek,9,0,False,same,beech-creek
main:222,beech-creek,10,30,False,same,beech-creek
main:223,beech-creek,39,30,False,same,beech-creek
main:224,beech-creek,95,71,False,same,beech-creek
main:225,beech-creek,114,30,False,same,beech-creek
main:226,beech-creek,159,143,False,same,beech-creek
main:227,beech-creek,73,42,False,same,beech-creek
main:228,beech-creek,139,113,False,same,beech-creek
main:229,beech-creek,150,0,False,same,beech-creek
main:230,beech-creek,74,89,False,same,beech-creek
main:231,beech-creek,82,59,False,same,beech-creek
main:232,beech-creek,317,316,False,same,beech-creek
main:233,beech-creek,287,249,False,same,beech-creek
main:234,beech-creek,447,30,False,same,beech-creek
main:235,beech-creek,508,0,False,same,beech-creek
main:236,beech-creek,505,30,False,same,beech-creek
main:237,beech-creek,461,101,False,same,beech-creek
main:238,browns-creek,662,687,False,reassigned,beech-creek
main:239,browns-creek,561,562,False,reassigned,beech-creek
main:240,browns-creek,490,495,False,same,browns-creek
main:241,browns-creek,511,486,False,same,browns-creek
main:242,browns-creek,459,474,False,same,browns-creek
main:243,browns-creek,497,500,False,same,browns-creek
main:244,browns-creek,538,516,False,same,browns-creek
main:245,browns-creek,536,533,False,same,browns-creek
main:246,browns-creek,635,634,False,same,browns-creek
main:247,browns-creek,785,799,False,same,browns-creek
main:248,browns-creek,813,934,False,same,browns-creek
main:249,browns-creek,880,1233,False,same,browns-creek
main:250,browns-creek,974,1393,False,same,browns-creek
main:251,browns-creek,968,1489,False,same,browns-creek
main:252,browns-creek,795,1420,False,same,browns-creek
main:253,browns-creek,754,1444,False,same,browns-creek
main:254,browns-creek,725,1402,False,same,browns-creek
main:255,browns-creek,717,1193,False,same,browns-creek
main:256,browns-creek,597,1141,False,same,browns-creek
main:257,browns-creek,516,986,False,same,browns-creek
main:258,browns-creek,510,860,False,same,browns-creek
main:259,browns-creek,558,621,False,same,browns-creek
main:260,browns-creek,437,436,False,same,browns-creek
main:261,browns-creek,310,293,False,same,browns-creek
main:262,browns-creek,354,352,False,same,browns-creek
main:263,browns-creek,415,377,False,same,browns-creek
main:264,browns-creek,339,365,False,same,browns-creek
main:265,browns-creek,256,239,False,same,browns-creek
main:266,browns-creek,254,239,False,same,browns-creek
main:267,browns-creek,380,377,False,reassigned,mink-creek-marshall
main:268,browns-creek,380,424,False,reassigned,mink-creek-marshall
main:269,browns-creek,495,567,False,reassigned,mink-creek-marshall
main:270,mink-creek,288,291,False,split:mink-creek-marshall,mink-creek-marshall
main:271,mink-creek,298,321,False,split:mink-creek-marshall,mink-creek-marshall
main:272,mink-creek,128,118,False,split:mink-creek-marshall,mink-creek-marshall
main:273,mink-creek,204,207,False,split:mink-creek-marshall,mink-creek-marshall
main:274,mink-creek,373,328,False,split:mink-creek-marshall,mink-creek-marshall
main:275,mink-creek,341,239,False,split:mink-creek-marshall,mink-creek-marshall
main:276,mink-creek,251,143,False,split:mink-creek-marshall,mink-creek-marshall
main:277,mink-creek,208,143,False,split:mink-creek-marshall,mink-creek-marshall
main:278,mink-creek,68,0,False,split:mink-creek-marshall,mink-creek-marshall
main:279,mink-creek,9,0,False,split:mink-creek-marshall,mink-creek-marshall
main:280,mink-creek,6,0,False,split:mink-creek-marshall,mink-creek-marshall
main:281,mink-creek,8,0,False,split:mink-creek-marshall,mink-creek-marshall
main:282,mink-creek,12,0,False,split:mink-creek-marshall,mink-creek-marshall
main:283,mink-creek,24,30,False,split:mink-creek-marshall,mink-creek-marshall
main:284,mink-creek,7,0,False,split:mink-creek-marshall,mink-creek-marshall
main:285,mink-creek,102,84,False,split:mink-creek-marshall,mink-creek-marshall
main:286,mink-creek,98,84,False,split:mink-creek-marshall,mink-creek-marshall
main:287,mink-creek,118,84,False,split:mink-creek-marshall,mink-creek-marshall
main:288,mink-creek,267,30,False,split:mink-creek-marshall,mink-creek-marshall
main:289,mink-creek,315,42,False,split:mink-creek-marshall,mink-creek-marshall
main:290,mink-creek,144,59,False,split:mink-creek-marshall,mink-creek-marshall
main:291,mink-creek,214,209,False,split:mink-creek-marshall,mink-creek-marshall
main:292,mink-creek,271,269,False,split:mink-creek-marshall,mink-creek-marshall
main:293,browns-creek,427,513,False,reassigned,mink-creek-marshall
main:294,browns-creek,396,722,False,reassigned,mink-creek-marshall
main:295,browns-creek,302,710,False,reassigned,mink-creek-marshall
main:296,browns-creek,269,567,False,reassigned,mink-creek-marshall
main:297,browns-creek,343,382,False,reassigned,mink-creek-marshall
main:298,browns-creek,156,155,False,same,browns-creek
main:299,browns-creek,36,30,False,same,browns-creek
main:300,browns-creek,0,0,False,same,browns-creek
main:301,browns-creek,194,244,False,same,browns-creek
main:302,browns-creek,157,0,False,same,browns-creek
main:303,browns-creek,127,59,False,same,browns-creek
main:304,browns-creek,172,168,False,same,browns-creek
main:305,browns-creek,212,214,False,same,browns-creek
main:306,browns-creek,233,237,False,same,browns-creek
main:307,browns-creek,329,30,False,same,browns-creek
main:308,browns-creek,288,155,False,same,browns-creek
main:309,browns-creek,276,251,False,same,browns-creek
main:310,browns-creek,269,251,False,same,browns-creek
main:311,browns-creek,302,293,False,same,browns-creek
main:312,browns-creek,285,281,False,same,browns-creek
main:313,browns-creek,346,310,False,same,browns-creek
main:314,browns-creek,304,101,False,same,browns-creek
main:315,browns-creek,310,42,False,same,browns-creek
main:316,browns-creek,357,185,False,same,browns-creek
main:317,browns-creek,459,59,False,same,browns-creek
main:318,browns-creek,446,143,False,same,browns-creek
main:319,browns-creek,497,251,False,same,browns-creek
main:320,browns-creek,424,269,False,same,browns-creek
main:321,browns-creek,497,227,False,same,browns-creek
main:322,browns-creek,590,30,False,same,browns-creek
main:323,browns-creek,652,30,False,same,browns-creek
main:324,browns-creek,651,71,False,same,browns-creek
main:325,browns-creek,746,173,False,same,browns-creek
main:326,browns-creek,790,296,False,same,browns-creek
main:327,browns-creek,671,190,False,same,browns-creek
main:328,browns-creek,728,30,False,same,browns-creek
main:329,browns-creek,858,0,False,same,browns-creek
main:330,browns-creek,867,148,False,same,browns-creek
main:331,browns-creek,872,261,False,same,browns-creek
main:332,browns-creek,713,178,False,same,browns-creek
main:333,browns-creek,578,168,False,same,browns-creek
main:334,browns-creek,728,30,False,same,browns-creek
main:335,browns-creek,784,0,False,same,browns-creek
main:336,browns-creek,776,131,False,same,browns-creek
main:337,browns-creek,740,274,False,same,browns-creek
main:338,browns-creek,722,261,False,same,browns-creek
main:339,browns-creek,554,293,False,same,browns-creek
main:340,browns-creek,587,352,False,same,browns-creek
main:341,browns-creek,665,168,False,same,browns-creek
main:342,browns-creek,674,84,False,same,browns-creek
main:343,browns-creek,782,71,False,same,browns-creek
main:344,browns-creek,741,42,False,same,browns-creek
main:345,browns-creek,752,118,False,same,browns-creek
main:346,browns-creek,855,251,False,same,browns-creek
main:347,browns-creek,967,310,False,same,browns-creek
main:348,browns-creek,896,126,False,same,browns-creek
main:349,browns-creek,992,71,False,same,browns-creek
main:350,big-spring-creek,1398,9478,True,reassigned,browns-creek
main:351,browns-creek,930,131,False,same,browns-creek
main:352,big-spring-creek,1361,9258,True,reassigned,browns-creek
main:353,browns-creek,866,214,False,same,browns-creek
main:354,browns-creek,835,352,False,same,browns-creek
main:355,big-spring-creek,1084,8850,True,reassigned,browns-creek
main:356,big-spring-creek,1049,8707,True,reassigned,browns-creek
main:357,big-spring-creek,918,8665,True,reassigned,browns-creek
main:358,big-spring-creek,973,8480,True,reassigned,browns-creek
main:359,big-spring-creek,907,8413,True,reassigned,browns-creek
main:360,big-spring-creek,882,8187,True,reassigned,browns-creek
main:361,big-spring-creek,841,8007,True,reassigned,browns-creek
main:362,big-spring-creek,913,7780,True,reassigned,browns-creek
main:363,big-spring-creek,1006,7637,True,reassigned,browns-creek
main:364,big-spring-creek,1153,7369,True,reassigned,browns-creek
main:365,big-spring-creek,1223,7329,True,reassigned,browns-creek
main:366,big-spring-creek,1321,7242,True,reassigned,browns-creek
main:367,big-spring-creek,1435,7094,True,reassigned,browns-creek
main:368,big-spring-creek,1500,6978,True,reassigned,browns-creek
main:369,big-spring-creek,1478,6992,True,reassigned,browns-creek
main:370,big-spring-creek,1622,6861,True,reassigned,browns-creek
main:371,browns-creek,1020,244,False,same,browns-creek
main:372,browns-creek,1023,459,False,same,browns-creek
main:373,browns-creek,1055,446,False,same,browns-creek
main:374,browns-creek,1067,274,False,same,browns-creek
main:375,browns-creek,1060,71,False,same,browns-creek
main:376,browns-creek,1126,113,False,same,browns-creek
main:377,browns-creek,1185,0,False,same,browns-creek
main:378,browns-creek,936,173,False,same,browns-creek
main:379,browns-creek,736,296,False,same,browns-creek
main:380,browns-creek,536,415,False,same,browns-creek
main:381,browns-creek,336,355,False,same,browns-creek
main:382,browns-creek,136,89,False,same,browns-creek
main:383,browns-creek,46,42,False,same,browns-creek
main:384,browns-creek,324,333,False,same,browns-creek
main:385,browns-creek,524,535,False,same,browns-creek
main:386,browns-creek,723,767,False,same,browns-creek
main:387,browns-creek,923,969,False,same,browns-creek
main:388,browns-creek,1112,944,False,same,browns-creek
main:389,browns-creek,1149,830,False,same,browns-creek
main:390,browns-creek,1171,687,False,same,browns-creek
main:391,browns-creek,1238,448,False,same,browns-creek
main:392,browns-creek,1287,293,False,same,browns-creek
main:393,browns-creek,1436,126,False,same,browns-creek
main:394,big-spring-creek,2074,3170,False,reassigned,browns-creek
main:395,big-spring-creek,1990,2896,False,reassigned,browns-creek
main:396,big-spring-creek,1877,2748,False,reassigned,browns-creek
main:397,big-spring-creek,1831,2610,False,reassigned,browns-creek
main:398,big-spring-creek,1779,2366,False,reassigned,browns-creek
main:399,big-spring-creek,1631,2189,False,reassigned,browns-creek
main:400,big-spring-creek,1467,1952,False,reassigned,mainstem
main:401,big-spring-creek,1317,1762,False,reassigned,mainstem
main:402,big-spring-creek,1159,1584,False,reassigned,mainstem
main:403,big-spring-creek,916,1439,False,reassigned,mainstem
main:404,big-spring-creek,723,1353,False,reassigned,mainstem
main:405,big-spring-creek,622,1228,False,reassigned,mainstem
main:406,big-spring-creek,613,1097,False,reassigned,mainstem
main:408,big-spring-creek,623,663,False,same,big-spring-creek
main:409,big-spring-creek,543,577,False,same,big-spring-creek
main:410,big-spring-creek,560,533,False,same,big-spring-creek
main:411,big-spring-creek,592,587,False,same,big-spring-creek
main:412,big-spring-creek,583,587,False,same,big-spring-creek
main:413,big-spring-creek,472,444,False,same,big-spring-creek
main:414,big-spring-creek,564,533,False,same,big-spring-creek
main:415,big-spring-creek,512,503,False,same,big-spring-creek
main:416,big-spring-creek,448,436,False,same,big-spring-creek
main:417,big-spring-creek,384,377,False,same,big-spring-creek
main:418,big-spring-creek,354,335,False,same,big-spring-creek
main:419,big-spring-creek,317,293,False,same,big-spring-creek
main:420,big-spring-creek,259,239,False,same,big-spring-creek
main:421,big-spring-creek,236,190,False,same,big-spring-creek
main:422,big-spring-creek,253,59,False,same,big-spring-creek
main:423,big-spring-creek,113,89,False,same,big-spring-creek
main:424,big-spring-creek,43,42,False,same,big-spring-creek
main:425,big-spring-creek,310,333,False,same,big-spring-creek
main:426,big-spring-creek,343,363,False,same,big-spring-creek
main:427,big-spring-creek,322,293,False,same,big-spring-creek
main:428,big-spring-creek,346,335,False,same,big-spring-creek
main:429,big-spring-creek,359,340,False,same,big-spring-creek
main:430,big-spring-creek,352,352,False,same,big-spring-creek
main:431,big-spring-creek,328,323,False,same,big-spring-creek
main:432,big-spring-creek,345,335,False,same,big-spring-creek
main:433,big-spring-creek,394,394,False,same,big-spring-creek
main:434,big-spring-creek,418,419,False,same,big-spring-creek
main:435,big-spring-creek,368,352,False,same,big-spring-creek
main:436,big-spring-creek,350,335,False,same,big-spring-creek
main:437,big-spring-creek,463,448,False,same,big-spring-creek
main:438,big-spring-creek,444,436,False,same,big-spring-creek
main:439,big-spring-creek,411,417,False,same,big-spring-creek
main:440,big-spring-creek,50,42,False,same,big-spring-creek
main:441,big-spring-creek,19,30,False,same,big-spring-creek
main:442,big-spring-creek,294,296,False,same,big-spring-creek
main:443,big-spring-creek,235,207,False,same,big-spring-creek
main:444,big-spring-creek,238,209,False,same,big-spring-creek
main:445,big-spring-creek,289,291,False,same,big-spring-creek
main:446,big-spring-creek,293,266,False,same,big-spring-creek
main:447,big-spring-creek,259,261,False,same,big-spring-creek
main:448,big-spring-creek,135,118,False,same,big-spring-creek
main:449,big-spring-creek,161,126,False,same,big-spring-creek
main:450,big-spring-creek,143,118,False,same,big-spring-creek
main:451,big-spring-creek,87,59,False,same,big-spring-creek
main:452,big-spring-creek,155,143,False,same,big-spring-creek
main:453,big-spring-creek,237,237,False,same,big-spring-creek
main:454,big-spring-creek,260,244,False,same,big-spring-creek
main:455,big-spring-creek,290,281,False,same,big-spring-creek
main:456,big-spring-creek,250,239,False,same,big-spring-creek
main:457,big-spring-creek,211,84,False,same,big-spring-creek
main:458,big-spring-creek,184,113,False,same,big-spring-creek
main:459,big-spring-creek,136,126,False,same,big-spring-creek
main:460,big-spring-creek,219,0,False,same,big-spring-creek
main:461,big-spring-creek,333,178,False,same,big-spring-creek
main:462,big-spring-creek,234,185,False,same,big-spring-creek
main:463,big-spring-creek,238,207,False,same,big-spring-creek
main:464,big-spring-creek,131,71,False,same,big-spring-creek
main:465,big-spring-creek,103,71,False,same,big-spring-creek
main:466,big-spring-creek,98,71,False,same,big-spring-creek
main:467,big-spring-creek,84,59,False,same,big-spring-creek
main:468,big-spring-creek,96,101,False,same,big-spring-creek
main:469,big-spring-creek,135,274,False,same,big-spring-creek
main:470,big-spring-creek,96,387,False,same,big-spring-creek
main:471,big-spring-creek,73,357,False,same,big-spring-creek
main:472,big-spring-creek,85,59,False,same,big-spring-creek
main:473,big-spring-creek,50,30,False,same,big-spring-creek
main:474,big-spring-creek,16,0,False,same,big-spring-creek
main:475,big-spring-creek,22,42,False,same,big-spring-creek
main:476,big-spring-creek,24,345,False,same,big-spring-creek
main:477,big-spring-creek,0,0,False,same,big-spring-creek
main:478,big-spring-creek,96,113,False,same,big-spring-creek
main:479,big-spring-creek,119,101,False,same,big-spring-creek
main:480,big-spring-creek,26,30,False,same,big-spring-creek
main:481,big-spring-creek,18,0,False,same,big-spring-creek
main:482,big-spring-creek,16,0,False,same,big-spring-creek
main:483,big-spring-creek,60,42,False,same,big-spring-creek
main:484,big-spring-creek,65,59,False,same,big-spring-creek
main:485,big-spring-creek,138,143,False,same,big-spring-creek
main:486,big-spring-creek,108,84,False,same,big-spring-creek
main:487,big-spring-creek,114,113,False,same,big-spring-creek
main:488,big-spring-creek,126,113,False,same,big-spring-creek
main:489,big-spring-creek,163,148,False,same,big-spring-creek
main:490,big-spring-creek,298,293,False,same,big-spring-creek
main:491,big-spring-creek,411,406,False,same,big-spring-creek
main:492,big-spring-creek,250,251,False,same,big-spring-creek
main:493,big-spring-creek,147,126,False,same,big-spring-creek
main:494,big-spring-creek,161,155,False,same,big-spring-creek
main:495,big-spring-creek,259,239,False,same,big-spring-creek
main:496,big-spring-creek,310,310,False,same,big-spring-creek
main:497,big-spring-creek,257,155,False,same,big-spring-creek
main:498,big-spring-creek,277,0,False,same,big-spring-creek
main:499,big-spring-creek,455,197,False,same,big-spring-creek
main:500,big-spring-creek,595,323,False,same,big-spring-creek
main:501,big-spring-creek,678,495,False,same,big-spring-creek
main:502,big-spring-creek,691,483,False,same,big-spring-creek
main:503,big-spring-creek,598,412,False,same,big-spring-creek
main:504,big-spring-creek,381,249,False,same,big-spring-creek
main:505,big-spring-creek,322,333,False,same,big-spring-creek
main:506,big-spring-creek,372,355,False,same,big-spring-creek
main:507,big-spring-creek,318,296,False,same,big-spring-creek
main:508,big-spring-creek,302,303,False,same,big-spring-creek
main:509,big-spring-creek,267,251,False,same,big-spring-creek
main:510,big-spring-creek,165,148,False,same,big-spring-creek
main:511,big-spring-creek,121,113,False,same,big-spring-creek
main:512,big-spring-creek,141,118,False,same,big-spring-creek
main:513,big-spring-creek,234,237,False,same,big-spring-creek
main:514,big-spring-creek,271,266,False,same,big-spring-creek
main:515,big-spring-creek,380,355,False,same,big-spring-creek
main:516,big-spring-creek,406,422,False,same,big-spring-creek
main:517,big-spring-creek,450,471,False,same,big-spring-creek
main:518,big-spring-creek,447,436,False,same,big-spring-creek
main:519,big-spring-creek,470,483,False,same,big-spring-creek
main:520,big-spring-creek,190,178,False,same,big-spring-creek
main:521,big-spring-creek,21,30,False,same,big-spring-creek
main:522,big-spring-creek,162,148,False,same,big-spring-creek
main:523,big-spring-creek,284,279,False,same,big-spring-creek
main:524,big-spring-creek,550,89,False,same,big-spring-creek
main:525,big-spring-creek,666,30,False,same,big-spring-creek
main:526,big-spring-creek,608,89,False,same,big-spring-creek
main:527,big-spring-creek,630,126,False,same,big-spring-creek
main:528,big-spring-creek,807,155,False,same,big-spring-creek
main:529,big-spring-creek,921,59,False,same,big-spring-creek
main:530,big-spring-creek,1063,30,False,same,big-spring-creek
main:531,big-spring-creek,1211,42,False,same,big-spring-creek
main:532,big-spring-creek,1400,30,False,same,big-spring-creek
main:533,big-spring-creek,1532,30,False,same,big-spring-creek
main:534,big-spring-creek,1748,0,False,same,big-spring-creek
main:535,big-spring-creek,1782,0,False,same,big-spring-creek
main:536,big-spring-creek,1899,0,False,same,big-spring-creek
main:537,big-spring-creek,1958,0,False,same,big-spring-creek
main:538,big-spring-creek,1843,30,False,same,big-spring-creek
main:539,big-spring-creek,1784,30,False,same,big-spring-creek
main:540,big-spring-creek,1585,30,False,same,big-spring-creek
main:541,big-spring-creek,1525,42,False,same,big-spring-creek
main:542,big-spring-creek,1358,30,False,same,big-spring-creek
main:543,big-spring-creek,1082,71,False,same,big-spring-creek
main:544,big-spring-creek,1039,42,False,same,big-spring-creek
main:545,big-spring-creek,900,42,False,same,big-spring-creek
main:546,big-spring-creek,744,178,False,same,big-spring-creek
main:547,big-spring-creek,644,269,False,same,big-spring-creek
main:548,big-spring-creek,499,323,False,same,big-spring-creek
main:549,big-spring-creek,455,422,False,same,big-spring-creek
main:550,big-spring-creek,387,377,False,same,big-spring-creek
main:551,big-spring-creek,514,293,False,same,big-spring-creek
main:552,big-spring-creek,572,239,False,same,big-spring-creek
main:553,big-spring-creek,614,251,False,same,big-spring-creek
main:554,big-spring-creek,639,197,False,same,big-spring-creek
main:555,big-spring-creek,799,244,False,same,big-spring-creek
main:556,big-spring-creek,858,113,False,same,big-spring-creek
main:557,big-spring-creek,1032,59,False,same,big-spring-creek
main:558,big-spring-creek,1173,59,False,same,big-spring-creek
main:559,big-spring-creek,1300,30,False,same,big-spring-creek
main:560,big-spring-creek,1519,0,False,same,big-spring-creek
main:561,big-spring-creek,1358,0,False,same,big-spring-creek
main:562,big-spring-creek,1213,30,False,same,big-spring-creek
main:563,big-spring-creek,991,59,False,same,big-spring-creek
main:564,big-spring-creek,926,113,False,same,big-spring-creek
main:565,big-spring-creek,756,126,False,same,big-spring-creek
main:566,big-spring-creek,540,209,False,same,big-spring-creek
main:567,big-spring-creek,448,335,False,same,big-spring-creek
main:568,big-spring-creek,366,365,False,same,big-spring-creek
main:569,big-spring-creek,356,335,False,same,big-spring-creek
main:570,big-spring-creek,350,335,False,same,big-spring-creek
main:571,big-spring-creek,405,394,False,same,big-spring-creek
main:572,big-spring-creek,341,333,False,same,big-spring-creek
main:573,big-spring-creek,335,323,False,same,big-spring-creek
main:574,big-spring-creek,289,298,False,same,big-spring-creek
main:575,big-spring-creek,351,335,False,same,big-spring-creek
main:576,big-spring-creek,432,429,False,same,big-spring-creek
main:577,big-spring-creek,586,587,False,same,big-spring-creek
main:578,big-spring-creek,646,634,False,same,big-spring-creek
main:579,big-spring-creek,698,711,False,same,big-spring-creek
main:580,big-spring-creek,397,415,False,same,big-spring-creek
main:581,big-spring-creek,198,190,False,same,big-spring-creek
main:582,big-spring-creek,42,30,False,same,big-spring-creek
main:583,big-spring-creek,97,89,False,same,big-spring-creek
main:584,big-spring-creek,96,126,False,same,big-spring-creek
main:585,big-spring-creek,318,335,False,same,big-spring-creek
main:586,big-spring-creek,423,406,False,same,big-spring-creek
main:587,big-spring-creek,488,621,False,reassigned,polecat-branch
main:588,big-spring-creek,578,628,False,reassigned,polecat-branch
main:589,big-spring-creek,628,771,False,reassigned,polecat-branch
main:590,polecat-branch,355,335,False,same,polecat-branch
main:591,polecat-branch,286,281,False,same,polecat-branch
main:592,polecat-branch,263,244,False,same,polecat-branch
main:593,polecat-branch,236,209,False,same,polecat-branch
main:594,polecat-branch,176,148,False,same,polecat-branch
main:595,polecat-branch,320,291,False,same,polecat-branch
main:596,polecat-branch,156,160,False,same,polecat-branch
main:597,polecat-branch,54,0,False,same,polecat-branch
main:598,polecat-branch,90,71,False,same,polecat-branch
main:599,polecat-branch,134,113,False,same,polecat-branch
main:600,polecat-branch,94,0,False,same,polecat-branch
main:601,polecat-branch,126,84,False,same,polecat-branch
main:602,polecat-branch,115,89,False,same,polecat-branch
main:603,polecat-branch,148,30,False,same,polecat-branch
main:604,polecat-branch,114,89,False,same,polecat-branch
main:605,polecat-branch,100,89,False,same,polecat-branch
main:606,polecat-branch,75,59,False,same,polecat-branch
main:607,polecat-branch,53,30,False,same,polecat-branch
main:608,polecat-branch,34,0,False,same,polecat-branch
main:609,polecat-branch,30,0,False,same,polecat-branch
main:610,polecat-branch,40,30,False,same,polecat-branch
main:611,polecat-branch,14,0,False,same,polecat-branch
main:612,polecat-branch,33,30,False,same,polecat-branch
main:613,polecat-branch,36,30,False,same,polecat-branch
main:614,polecat-branch,52,30,False,same,polecat-branch
main:615,polecat-branch,62,30,False,same,polecat-branch
main:616,polecat-branch,74,59,False,same,polecat-branch
main:617,polecat-branch,110,84,False,same,polecat-branch
main:618,polecat-branch,146,131,False,same,polecat-branch
main:619,polecat-branch,100,89,False,same,polecat-branch
main:620,polecat-branch,119,118,False,same,polecat-branch
main:621,polecat-branch,107,89,False,same,polecat-branch
main:622,polecat-branch,16,0,False,same,polecat-branch
main:623,polecat-branch,169,71,False,same,polecat-branch
main:624,polecat-branch,207,0,False,same,polecat-branch
main:625,polecat-branch,204,30,False,same,polecat-branch
main:626,polecat-branch,187,89,False,same,polecat-branch
main:627,polecat-branch,161,155,False,same,polecat-branch
main:628,polecat-branch,236,239,False,same,polecat-branch
main:629,polecat-branch,308,328,False,same,polecat-branch
main:630,polecat-branch,408,377,False,same,polecat-branch
main:631,big-spring-creek,685,708,False,reassigned,polecat-branch
main:632,big-spring-creek,622,634,False,reassigned,polecat-branch
main:633,big-spring-creek,668,622,False,same,big-spring-creek
main:634,big-spring-creek,709,681,False,reassigned,mainstem
main:635,big-spring-creek,733,740,False,reassigned,mainstem
main:636,big-spring-creek,873,901,False,reassigned,mainstem
main:637,big-spring-creek,939,939,False,reassigned,mainstem
main:638,big-spring-creek,1061,1064,False,reassigned,mainstem
main:639,big-spring-creek,1113,1077,False,reassigned,mainstem
main:640,big-spring-creek,1087,1082,False,reassigned,mainstem
main:641,big-spring-creek,1064,1092,False,reassigned,mainstem
main:642,big-spring-creek,1076,1132,False,reassigned,mainstem
main:643,big-spring-creek,1142,1327,False,reassigned,mainstem
main:644,big-spring-creek,1178,1415,False,reassigned,mainstem
main:645,big-spring-creek,1287,1410,False,reassigned,mainstem
main:646,big-spring-creek,1301,1381,False,reassigned,mainstem
main:647,big-spring-creek,1432,1499,False,reassigned,mainstem
main:648,big-spring-creek,1270,1349,False,reassigned,mainstem
main:649,big-spring-creek,1496,1574,False,reassigned,mainstem
main:650,big-spring-creek,1589,1662,False,reassigned,mainstem
main:651,big-spring-creek,1732,1786,False,reassigned,mainstem
main:652,big-spring-creek,1843,1971,False,reassigned,mainstem
main:653,big-spring-creek,1854,1934,False,reassigned,mainstem
main:654,big-spring-creek,1897,1939,False,reassigned,mainstem
main:655,big-spring-creek,2045,2112,False,reassigned,mainstem
main:656,big-spring-creek,2025,2050,False,reassigned,mainstem
main:657,big-spring-creek,2252,2287,False,reassigned,mainstem
main:658,big-spring-creek,2243,2502,False,reassigned,mainstem
main:659,big-spring-creek,2377,2531,False,reassigned,mainstem
main:660,big-spring-creek,2377,2413,False,reassigned,mainstem
main:661,big-spring-creek,2473,2458,False,reassigned,mainstem
main:662,short-creek,1598,1744,False,reassigned,mainstem
main:663,big-spring-creek,2568,2845,False,reassigned,mainstem
main:664,short-creek,1665,1922,False,reassigned,mainstem
main:665,short-creek,1542,1720,False,reassigned,mainstem
main:666,short-creek,1370,1530,False,reassigned,mainstem
main:667,short-creek,1276,1345,False,reassigned,mainstem
main:668,short-creek,1053,1089,False,reassigned,mainstem
main:669,short-creek,877,897,False,reassigned,mainstem
main:670,short-creek,672,687,False,same,short-creek
main:671,short-creek,502,503,False,same,short-creek
main:672,short-creek,404,406,False,same,short-creek
main:673,short-creek,336,323,False,same,short-creek
main:674,short-creek,332,323,False,same,short-creek
main:675,short-creek,311,293,False,same,short-creek
main:676,short-creek,375,365,False,same,short-creek
main:677,short-creek,268,251,False,same,short-creek
main:678,short-creek,211,185,False,same,short-creek
main:679,short-creek,226,148,False,same,short-creek
main:680,short-creek,389,30,False,same,short-creek
main:681,short-creek,506,0,False,same,short-creek
main:682,short-creek,306,42,False,same,short-creek
main:683,short-creek,204,190,False,same,short-creek
main:684,short-creek,166,143,False,same,short-creek
main:685,short-creek,172,173,False,same,short-creek
main:686,short-creek,108,84,False,same,short-creek
main:687,short-creek,152,118,False,same,short-creek
main:688,short-creek,129,113,False,same,short-creek
main:689,short-creek,135,126,False,same,short-creek
main:690,short-creek,137,126,False,same,short-creek
main:691,short-creek,148,143,False,same,short-creek
main:692,short-creek,181,155,False,same,short-creek
main:693,short-creek,208,0,False,same,short-creek
main:694,short-creek,120,89,False,same,short-creek
main:695,short-creek,116,118,False,same,short-creek
main:696,short-creek,107,0,False,same,short-creek
main:697,short-creek,90,89,False,same,short-creek
main:698,short-creek,121,113,False,same,short-creek
main:699,short-creek,119,84,False,same,short-creek
main:700,short-creek,131,118,False,same,short-creek
main:701,short-creek,80,59,False,same,short-creek
main:702,short-creek,48,30,False,same,short-creek
main:703,short-creek,44,30,False,same,short-creek
main:704,short-creek,0,0,False,same,short-creek
main:705,short-creek,40,0,False,same,short-creek
main:706,short-creek,46,30,False,same,short-creek
main:707,short-creek,79,59,False,same,short-creek
main:708,short-creek,198,197,False,same,short-creek
main:709,short-creek,130,113,False,same,short-creek
main:710,short-creek,111,101,False,same,short-creek
main:711,short-creek,114,30,False,same,short-creek
main:712,short-creek,108,89,False,same,short-creek
main:713,short-creek,98,89,False,same,short-creek
main:714,short-creek,98,84,False,same,short-creek
main:715,short-creek,111,89,False,same,short-creek
main:716,short-creek,118,101,False,same,short-creek
main:717,short-creek,162,148,False,same,short-creek
main:718,short-creek,157,30,False,same,short-creek
main:719,short-creek,137,113,False,same,short-creek
main:720,short-creek,131,101,False,same,short-creek
main:721,short-creek,153,148,False,same,short-creek
main:722,short-creek,250,59,False,same,short-creek
main:723,short-creek,394,0,False,same,short-creek
main:724,short-creek,552,30,False,same,short-creek
main:725,short-creek,800,0,False,same,short-creek
main:726,short-creek,762,0,False,same,short-creek
main:727,short-creek,563,0,False,same,short-creek
main:728,short-creek,378,30,False,same,short-creek
main:729,short-creek,224,84,False,same,short-creek
main:730,short-creek,46,30,False,same,short-creek
main:731,short-creek,185,168,False,same,short-creek
main:732,short-creek,131,131,False,same,short-creek
main:733,short-creek,143,148,False,same,short-creek
main:734,short-creek,229,209,False,same,short-creek
main:735,short-creek,231,209,False,same,short-creek
main:736,short-creek,224,227,False,same,short-creek
main:737,short-creek,284,281,False,same,short-creek
main:738,short-creek,298,293,False,same,short-creek
main:739,short-creek,345,365,False,same,short-creek
main:740,short-creek,510,532,False,same,short-creek
main:741,short-creek,699,700,False,same,short-creek
main:742,short-creek,879,867,False,reassigned,mainstem
main:743,short-creek,1036,1052,False,reassigned,mainstem
main:744,short-creek,1204,1225,False,reassigned,mainstem
main:745,town-creek,1986,2040,False,reassigned,mainstem
main:746,town-creek,1870,1885,False,reassigned,mainstem
main:747,town-creek,1901,1956,False,reassigned,mainstem
main:748,town-creek,1995,2077,False,reassigned,mainstem
main:749,town-creek,1985,2136,False,reassigned,mainstem
main:750,town-creek,1814,1880,False,reassigned,mainstem
main:751,town-creek,1662,1939,False,reassigned,mainstem
main:752,town-creek,1720,1754,False,reassigned,mainstem
main:753,town-creek,1523,1510,False,reassigned,mainstem
main:754,town-creek,1553,1584,False,reassigned,mainstem
main:755,town-creek,1449,1483,False,reassigned,mainstem
main:756,town-creek,1567,1692,False,reassigned,mainstem
main:757,town-creek,1361,1530,False,reassigned,mainstem
main:758,town-creek,1290,1298,False,reassigned,mainstem
main:759,town-creek,1122,1127,False,reassigned,mainstem
main:760,town-creek,1084,1142,False,reassigned,mainstem
main:761,town-creek,1167,1238,False,reassigned,mainstem
main:762,town-creek,1026,1079,False,reassigned,mainstem
main:763,town-creek,999,1022,False,reassigned,mainstem
main:764,town-creek,921,961,False,split:town-creek-marshall,town-creek-marshall
main:765,town-creek,826,843,False,split:town-creek-marshall,town-creek-marshall
main:766,town-creek,878,879,False,split:town-creek-marshall,town-creek-marshall
main:767,town-creek,804,796,False,split:town-creek-marshall,town-creek-marshall
main:768,town-creek,832,825,False,split:town-creek-marshall,town-creek-marshall
main:769,town-creek,771,771,False,split:town-creek-marshall,town-creek-marshall
main:770,town-creek,796,656,False,split:town-creek-marshall,town-creek-marshall
main:771,town-creek,806,596,False,split:town-creek-marshall,town-creek-marshall
main:772,town-creek,723,441,False,split:town-creek-marshall,town-creek-marshall
main:773,town-creek,785,249,False,split:town-creek-marshall,town-creek-marshall
main:774,town-creek,690,148,False,split:town-creek-marshall,town-creek-marshall
main:775,town-creek,773,0,False,split:town-creek-marshall,town-creek-marshall
main:776,town-creek,786,148,False,split:town-creek-marshall,town-creek-marshall
main:777,town-creek,767,338,False,split:town-creek-marshall,town-creek-marshall
main:778,town-creek,697,415,False,split:town-creek-marshall,town-creek-marshall
main:779,town-creek,584,574,False,split:town-creek-marshall,town-creek-marshall
main:780,town-creek,471,461,False,split:town-creek-marshall,town-creek-marshall
main:781,town-creek,288,281,False,split:town-creek-marshall,town-creek-marshall
main:782,town-creek,258,239,False,split:town-creek-marshall,town-creek-marshall
main:783,town-creek,249,113,False,split:town-creek-marshall,town-creek-marshall
main:784,town-creek,327,0,False,split:town-creek-marshall,town-creek-marshall
main:785,town-creek,206,178,False,split:town-creek-marshall,town-creek-marshall
main:786,town-creek,240,89,False,split:town-creek-marshall,town-creek-marshall
main:787,town-creek,355,0,False,split:town-creek-marshall,town-creek-marshall
main:788,town-creek,169,89,False,split:town-creek-marshall,town-creek-marshall
main:789,town-creek,125,89,False,split:town-creek-marshall,town-creek-marshall
main:790,town-creek,107,84,False,split:town-creek-marshall,town-creek-marshall
main:791,town-creek,26,0,False,split:town-creek-marshall,town-creek-marshall
main:792,town-creek,143,148,False,split:town-creek-marshall,town-creek-marshall
main:793,town-creek,326,338,False,split:town-creek-marshall,town-creek-marshall
main:794,town-creek,527,545,False,split:town-creek-marshall,town-creek-marshall
main:795,town-creek,728,777,False,split:town-creek-marshall,town-creek-marshall
main:796,town-creek,967,1026,False,split:town-creek-marshall,town-creek-marshall
main:797,town-creek,1144,1187,False,split:town-creek-marshall,town-creek-marshall
main:798,town-creek,1315,1443,False,split:town-creek-marshall,town-creek-marshall
main:799,town-creek,1310,1401,False,split:town-creek-marshall,town-creek-marshall
main:800,town-creek,1173,1246,False,split:town-creek-marshall,town-creek-marshall
main:801,town-creek,905,967,False,split:town-creek-marshall,town-creek-marshall
main:802,town-creek,771,782,False,split:town-creek-marshall,town-creek-marshall
main:803,town-creek,578,563,False,split:town-creek-marshall,town-creek-marshall
main:804,town-creek,414,409,False,split:town-creek-marshall,town-creek-marshall
main:805,town-creek,296,291,False,split:town-creek-marshall,town-creek-marshall
main:806,town-creek,161,168,False,split:town-creek-marshall,town-creek-marshall
main:807,town-creek,137,118,False,split:town-creek-marshall,town-creek-marshall
main:808,town-creek,107,101,False,split:town-creek-marshall,town-creek-marshall
main:809,town-creek,107,84,False,split:town-creek-marshall,town-creek-marshall
main:810,town-creek,127,113,False,split:town-creek-marshall,town-creek-marshall
main:811,town-creek,175,59,False,split:town-creek-marshall,town-creek-marshall
main:812,town-creek,226,0,False,split:town-creek-marshall,town-creek-marshall
main:813,town-creek,176,0,False,split:town-creek-marshall,town-creek-marshall
main:814,town-creek,109,89,False,split:town-creek-marshall,town-creek-marshall
main:815,town-creek,76,59,False,split:town-creek-marshall,town-creek-marshall
main:816,town-creek,80,71,False,split:town-creek-marshall,town-creek-marshall
main:817,town-creek,58,30,False,split:town-creek-marshall,town-creek-marshall
main:818,town-creek,81,71,False,split:town-creek-marshall,town-creek-marshall
main:819,town-creek,132,101,False,split:town-creek-marshall,town-creek-marshall
main:820,town-creek,90,71,False,split:town-creek-marshall,town-creek-marshall
main:821,town-creek,92,59,False,split:town-creek-marshall,town-creek-marshall
main:822,town-creek,152,0,False,split:town-creek-marshall,town-creek-marshall
main:823,town-creek,97,89,False,split:town-creek-marshall,town-creek-marshall
main:824,town-creek,64,59,False,split:town-creek-marshall,town-creek-marshall
main:825,town-creek,61,42,False,split:town-creek-marshall,town-creek-marshall
main:826,town-creek,57,30,False,split:town-creek-marshall,town-creek-marshall
main:827,town-creek,51,30,False,split:town-creek-marshall,town-creek-marshall
main:828,town-creek,54,30,False,split:town-creek-marshall,town-creek-marshall
main:829,town-creek,68,59,False,split:town-creek-marshall,town-creek-marshall
main:830,town-creek,74,59,False,split:town-creek-marshall,town-creek-marshall
main:831,town-creek,60,30,False,split:town-creek-marshall,town-creek-marshall
main:832,town-creek,62,30,False,split:town-creek-marshall,town-creek-marshall
main:833,town-creek,54,30,False,split:town-creek-marshall,town-creek-marshall
main:834,town-creek,59,42,False,split:town-creek-marshall,town-creek-marshall
main:835,town-creek,52,30,False,split:town-creek-marshall,town-creek-marshall
main:836,town-creek,46,30,False,split:town-creek-marshall,town-creek-marshall
main:837,town-creek,55,42,False,split:town-creek-marshall,town-creek-marshall
main:838,town-creek,51,42,False,split:town-creek-marshall,town-creek-marshall
main:839,town-creek,59,30,False,split:town-creek-marshall,town-creek-marshall
main:840,town-creek,52,42,False,split:town-creek-marshall,town-creek-marshall
main:841,town-creek,142,113,False,split:town-creek-marshall,town-creek-marshall
main:842,town-creek,127,118,False,split:town-creek-marshall,town-creek-marshall
main:843,town-creek,119,89,False,split:town-creek-marshall,town-creek-marshall
main:844,town-creek,67,42,False,split:town-creek-marshall,town-creek-marshall
main:845,town-creek,44,30,False,split:town-creek-marshall,town-creek-marshall
main:846,town-creek,47,42,False,split:town-creek-marshall,town-creek-marshall
main:847,town-creek,108,101,False,split:town-creek-marshall,town-creek-marshall
main:848,town-creek,52,59,False,split:town-creek-marshall,town-creek-marshall
main:849,town-creek,29,0,False,split:town-creek-marshall,town-creek-marshall
main:850,town-creek,26,30,False,split:town-creek-marshall,town-creek-marshall
main:851,town-creek,27,30,False,split:town-creek-marshall,town-creek-marshall
main:852,town-creek,21,0,False,split:town-creek-marshall,town-creek-marshall
main:853,town-creek,13,0,False,split:town-creek-marshall,town-creek-marshall
main:854,town-creek,8,30,False,split:town-creek-marshall,town-creek-marshall
main:855,town-creek,10,0,False,split:town-creek-marshall,town-creek-marshall
main:856,town-creek,11,0,False,split:town-creek-marshall,town-creek-marshall
main:857,town-creek,9,0,False,split:town-creek-marshall,town-creek-marshall
main:858,town-creek,8,0,False,split:town-creek-marshall,town-creek-marshall
main:859,town-creek,66,0,False,split:town-creek-marshall,town-creek-marshall
main:860,town-creek,17,30,False,split:town-creek-marshall,town-creek-marshall
main:861,town-creek,8,0,False,split:town-creek-marshall,town-creek-marshall
main:862,town-creek,13,0,False,split:town-creek-marshall,town-creek-marshall
main:863,town-creek,14,0,False,split:town-creek-marshall,town-creek-marshall
main:864,town-creek,9,0,False,split:town-creek-marshall,town-creek-marshall
main:865,town-creek,12,0,False,split:town-creek-marshall,town-creek-marshall
main:866,town-creek,8,0,False,split:town-creek-marshall,town-creek-marshall
main:867,town-creek,7,0,False,split:town-creek-marshall,town-creek-marshall
main:868,town-creek,12,0,False,split:town-creek-marshall,town-creek-marshall
main:869,town-creek,12,0,False,split:town-creek-marshall,town-creek-marshall
main:870,town-creek,13,0,False,split:town-creek-marshall,town-creek-marshall
main:871,town-creek,10,0,False,split:town-creek-marshall,town-creek-marshall
main:872,town-creek,15,0,False,split:town-creek-marshall,town-creek-marshall
main:873,town-creek,8,0,False,split:town-creek-marshall,town-creek-marshall
main:874,town-creek,12,0,False,split:town-creek-marshall,town-creek-marshall
main:875,town-creek,13,0,False,split:town-creek-marshall,town-creek-marshall
main:876,town-creek,18,30,False,split:town-creek-marshall,town-creek-marshall
main:877,town-creek,11,0,False,split:town-creek-marshall,town-creek-marshall
main:878,town-creek,10,0,False,split:town-creek-marshall,town-creek-marshall
main:879,town-creek,10,0,False,split:town-creek-marshall,town-creek-marshall
main:880,town-creek,14,0,False,split:town-creek-marshall,town-creek-marshall
main:881,town-creek,11,0,False,split:town-creek-marshall,town-creek-marshall
main:882,town-creek,10,0,False,split:town-creek-marshall,town-creek-marshall
main:883,town-creek,10,30,False,split:town-creek-marshall,town-creek-marshall
main:884,town-creek,8,0,False,split:town-creek-marshall,town-creek-marshall
main:885,town-creek,6,0,False,split:town-creek-marshall,town-creek-marshall
main:886,town-creek,11,30,False,split:town-creek-marshall,town-creek-marshall
main:887,town-creek,7,0,False,split:town-creek-marshall,town-creek-marshall
main:888,town-creek,10,0,False,split:town-creek-marshall,town-creek-marshall
main:889,town-creek,8,0,False,split:town-creek-marshall,town-creek-marshall
main:890,town-creek,7,0,False,split:town-creek-marshall,town-creek-marshall
main:891,town-creek,11,0,False,split:town-creek-marshall,town-creek-marshall
main:892,town-creek,18,0,False,split:town-creek-marshall,town-creek-marshall
main:893,town-creek,9,0,False,split:town-creek-marshall,town-creek-marshall
main:894,town-creek,10,0,False,split:town-creek-marshall,town-creek-marshall
main:895,town-creek,8,0,False,split:town-creek-marshall,town-creek-marshall
main:896,town-creek,14,0,False,split:town-creek-marshall,town-creek-marshall
main:897,town-creek,15,0,False,split:town-creek-marshall,town-creek-marshall
main:898,town-creek,12,0,False,split:town-creek-marshall,town-creek-marshall
main:899,town-creek,20,0,False,split:town-creek-marshall,town-creek-marshall
main:900,town-creek,14,0,False,split:town-creek-marshall,town-creek-marshall
main:901,town-creek,11,0,False,split:town-creek-marshall,town-creek-marshall
main:902,town-creek,13,0,False,split:town-creek-marshall,town-creek-marshall
main:903,town-creek,5,0,False,split:town-creek-marshall,town-creek-marshall
main:904,town-creek,4,0,False,split:town-creek-marshall,town-creek-marshall
main:905,town-creek,7,0,False,split:town-creek-marshall,town-creek-marshall
main:906,town-creek,10,0,False,split:town-creek-marshall,town-creek-marshall
main:907,town-creek,16,0,False,split:town-creek-marshall,town-creek-marshall
main:908,town-creek,9,0,False,split:town-creek-marshall,town-creek-marshall
main:909,town-creek,9,0,False,split:town-creek-marshall,town-creek-marshall
main:910,town-creek,11,0,False,split:town-creek-marshall,town-creek-marshall
main:911,town-creek,10,0,False,split:town-creek-marshall,town-creek-marshall
main:912,town-creek,6,30,False,split:town-creek-marshall,town-creek-marshall
main:913,town-creek,11,0,False,split:town-creek-marshall,town-creek-marshall
main:914,town-creek,12,0,False,split:town-creek-marshall,town-creek-marshall
main:915,town-creek,9,0,False,split:town-creek-marshall,town-creek-marshall
main:916,town-creek,12,0,False,split:town-creek-marshall,town-creek-marshall
main:917,town-creek,12,0,False,split:town-creek-marshall,town-creek-marshall
main:918,town-creek,11,0,False,split:town-creek-marshall,town-creek-marshall
main:919,town-creek,11,0,False,split:town-creek-marshall,town-creek-marshall
main:920,town-creek,8,0,False,split:town-creek-marshall,town-creek-marshall
main:921,town-creek,11,0,False,split:town-creek-marshall,town-creek-marshall
main:922,town-creek,7,0,False,split:town-creek-marshall,town-creek-marshall
main:923,town-creek,12,0,False,split:town-creek-marshall,town-creek-marshall
main:924,town-creek,15,0,False,split:town-creek-marshall,town-creek-marshall
main:925,town-creek,12,0,False,split:town-creek-marshall,town-creek-marshall
main:926,town-creek,8,0,False,split:town-creek-marshall,town-creek-marshall
main:927,town-creek,10,0,False,split:town-creek-marshall,town-creek-marshall
main:928,town-creek,11,0,False,split:town-creek-marshall,town-creek-marshall
main:929,town-creek,12,0,False,split:town-creek-marshall,town-creek-marshall
main:930,town-creek,12,0,False,split:town-creek-marshall,town-creek-marshall
main:931,town-creek,8,0,False,split:town-creek-marshall,town-creek-marshall
main:932,town-creek,10,0,False,split:town-creek-marshall,town-creek-marshall
main:933,town-creek,13,0,False,split:town-creek-marshall,town-creek-marshall
main:934,town-creek,15,0,False,split:town-creek-marshall,town-creek-marshall
main:935,town-creek,15,0,False,split:town-creek-marshall,town-creek-marshall
main:936,town-creek,14,0,False,split:town-creek-marshall,town-creek-marshall
main:937,town-creek,11,0,False,split:town-creek-marshall,town-creek-marshall
main:938,town-creek,7,0,False,split:town-creek-marshall,town-creek-marshall
main:939,town-creek,8,0,False,split:town-creek-marshall,town-creek-marshall
main:940,town-creek,8,0,False,split:town-creek-marshall,town-creek-marshall
main:941,town-creek,6,0,False,split:town-creek-marshall,town-creek-marshall
main:942,town-creek,12,0,False,split:town-creek-marshall,town-creek-marshall
main:943,town-creek,11,0,False,split:town-creek-marshall,town-creek-marshall
main:944,town-creek,8,0,False,split:town-creek-marshall,town-creek-marshall
main:945,town-creek,10,0,False,split:town-creek-marshall,town-creek-marshall
main:946,town-creek,10,0,False,split:town-creek-marshall,town-creek-marshall
main:947,town-creek,15,0,False,split:town-creek-marshall,town-creek-marshall
main:948,town-creek,26,30,False,split:town-creek-marshall,town-creek-marshall
main:949,town-creek,28,0,False,split:town-creek-marshall,town-creek-marshall
main:950,town-creek,41,30,False,split:town-creek-marshall,town-creek-marshall
main:951,town-creek,151,143,False,split:town-creek-marshall,town-creek-marshall
main:953,town-creek,349,422,False,split:town-creek-marshall,town-creek-marshall
main:954,town-creek,233,333,False,split:town-creek-marshall,town-creek-marshall
main:955,town-creek,83,30,False,split:town-creek-marshall,town-creek-marshall
main:956,town-creek,52,42,False,split:town-creek-marshall,town-creek-marshall
main:957,town-creek,38,30,False,split:town-creek-marshall,town-creek-marshall
main:958,town-creek,77,71,False,split:town-creek-marshall,town-creek-marshall
main:959,town-creek,134,131,False,split:town-creek-marshall,town-creek-marshall
main:960,town-creek,101,89,False,split:town-creek-marshall,town-creek-marshall
main:961,town-creek,146,148,False,split:town-creek-marshall,town-creek-marshall
main:962,town-creek,126,113,False,split:town-creek-marshall,town-creek-marshall
main:963,town-creek,99,84,False,split:town-creek-marshall,town-creek-marshall
main:964,town-creek,57,30,False,split:town-creek-marshall,town-creek-marshall
main:965,town-creek,46,30,False,split:town-creek-marshall,town-creek-marshall
main:966,town-creek,47,30,False,split:town-creek-marshall,town-creek-marshall
main:967,town-creek,44,30,False,split:town-creek-marshall,town-creek-marshall
main:968,town-creek,52,42,False,split:town-creek-marshall,town-creek-marshall
main:969,town-creek,59,30,False,split:town-creek-marshall,town-creek-marshall
main:970,town-creek,68,71,False,split:town-creek-marshall,town-creek-marshall
main:971,town-creek,50,42,False,split:town-creek-marshall,town-creek-marshall
main:972,town-creek,60,59,False,split:town-creek-marshall,town-creek-marshall
main:973,town-creek,71,59,False,split:town-creek-marshall,town-creek-marshall
main:974,town-creek,75,30,False,split:town-creek-marshall,town-creek-marshall
main:975,town-creek,68,59,False,split:town-creek-marshall,town-creek-marshall
main:976,town-creek,54,30,False,split:town-creek-marshall,town-creek-marshall
main:977,town-creek,49,42,False,split:town-creek-marshall,town-creek-marshall
main:978,town-creek,54,42,False,split:town-creek-marshall,town-creek-marshall
main:979,town-creek,63,42,False,split:town-creek-marshall,town-creek-marshall
main:980,town-creek,80,84,False,split:town-creek-marshall,town-creek-marshall
main:981,town-creek,125,84,False,split:town-creek-marshall,town-creek-marshall
main:982,town-creek,111,89,False,split:town-creek-marshall,town-creek-marshall
main:983,town-creek,82,59,False,split:town-creek-marshall,town-creek-marshall
main:984,town-creek,93,71,False,split:town-creek-marshall,town-creek-marshall
main:985,town-creek,223,0,False,split:town-creek-marshall,town-creek-marshall
main:986,town-creek,125,42,False,split:town-creek-marshall,town-creek-marshall
main:987,town-creek,84,59,False,split:town-creek-marshall,town-creek-marshall
main:988,town-creek,59,42,False,split:town-creek-marshall,town-creek-marshall
main:989,town-creek,72,30,False,split:town-creek-marshall,town-creek-marshall
main:990,town-creek,64,30,False,split:town-creek-marshall,town-creek-marshall
main:991,town-creek,101,101,False,split:town-creek-marshall,town-creek-marshall
main:992,town-creek,130,118,False,split:town-creek-marshall,town-creek-marshall
main:993,town-creek,105,42,False,split:town-creek-marshall,town-creek-marshall
main:994,town-creek,107,71,False,split:town-creek-marshall,town-creek-marshall
main:995,town-creek,115,84,False,split:town-creek-marshall,town-creek-marshall
main:996,town-creek,145,126,False,split:town-creek-marshall,town-creek-marshall
main:997,town-creek,138,214,False,split:town-creek-marshall,town-creek-marshall
main:998,town-creek,32,30,False,split:town-creek-marshall,town-creek-marshall
main:999,town-creek,126,113,False,split:town-creek-marshall,town-creek-marshall
main:1000,town-creek,120,113,False,split:town-creek-marshall,town-creek-marshall
main:1001,town-creek,158,160,False,split:town-creek-marshall,town-creek-marshall
main:1002,town-creek,193,168,False,split:town-creek-marshall,town-creek-marshall
main:1003,town-creek,220,209,False,split:town-creek-marshall,town-creek-marshall
main:1004,town-creek,303,269,False,split:town-creek-marshall,town-creek-marshall
main:1005,town-creek,249,239,False,split:town-creek-marshall,town-creek-marshall
main:1006,town-creek,280,281,False,split:town-creek-marshall,town-creek-marshall
main:1007,town-creek,422,419,False,reassigned,minky-creek
main:1008,town-creek,549,532,False,reassigned,minky-creek
main:1009,town-creek,661,700,False,reassigned,minky-creek
main:1010,minky-creek,387,350,False,same,minky-creek
main:1011,minky-creek,346,352,False,same,minky-creek
main:1012,minky-creek,327,237,False,same,minky-creek
main:1013,minky-creek,270,0,False,same,minky-creek
main:1014,minky-creek,202,155,False,same,minky-creek
main:1015,minky-creek,198,197,False,same,minky-creek
main:1016,minky-creek,224,209,False,same,minky-creek
main:1017,minky-creek,206,197,False,same,minky-creek
main:1018,minky-creek,188,178,False,same,minky-creek
main:1019,minky-creek,95,84,False,same,minky-creek
main:1020,minky-creek,111,84,False,same,minky-creek
main:1021,minky-creek,101,0,False,same,minky-creek
main:1022,minky-creek,78,42,False,same,minky-creek
main:1023,minky-creek,32,30,False,same,minky-creek
main:1024,minky-creek,46,30,False,same,minky-creek
main:1025,minky-creek,86,42,False,same,minky-creek
main:1026,minky-creek,118,30,False,same,minky-creek
main:1027,minky-creek,108,84,False,same,minky-creek
main:1028,minky-creek,121,118,False,same,minky-creek
main:1029,minky-creek,257,59,False,same,minky-creek
main:1030,minky-creek,220,101,False,same,minky-creek
main:1031,minky-creek,246,101,False,same,minky-creek
main:1032,minky-creek,216,0,False,same,minky-creek
main:1033,minky-creek,225,209,False,same,minky-creek
main:1034,minky-creek,274,113,False,same,minky-creek
main:1035,minky-creek,416,101,False,same,minky-creek
main:1036,minky-creek,307,89,False,same,minky-creek
main:1037,minky-creek,403,316,False,same,minky-creek
main:1038,minky-creek,457,448,False,reassigned,town-creek-marshall
main:1039,town-creek,723,256,False,split:town-creek-marshall,town-creek-marshall
main:1040,town-creek,743,0,False,split:town-creek-marshall,town-creek-marshall
main:1041,town-creek,708,59,False,split:town-creek-marshall,town-creek-marshall
main:1042,town-creek,767,0,False,split:town-creek-marshall,town-creek-marshall
main:1043,town-creek,719,84,False,split:town-creek-marshall,town-creek-marshall
main:1044,town-creek,833,279,False,split:town-creek-marshall,town-creek-marshall
main:1045,town-creek,766,469,False,split:town-creek-marshall,town-creek-marshall
main:1046,town-creek,776,587,False,split:town-creek-marshall,town-creek-marshall
main:1047,town-creek,738,570,False,split:town-creek-marshall,town-creek-marshall
main:1048,town-creek,691,670,False,split:town-creek-marshall,town-creek-marshall
main:1049,town-creek,702,712,False,split:town-creek-marshall,town-creek-marshall
main:1050,town-creek,700,700,False,split:town-creek-marshall,town-creek-marshall
main:1051,town-creek,714,700,False,split:town-creek-marshall,town-creek-marshall
main:1052,town-creek,714,700,False,split:town-creek-marshall,town-creek-marshall
main:1053,town-creek,764,783,False,split:town-creek-marshall,town-creek-marshall
main:1054,town-creek,984,1005,False,reassigned,mainstem
main:1055,town-creek,1166,1178,False,reassigned,mainstem
main:1056,town-creek,1282,1355,False,reassigned,mainstem
main:1057,town-creek,1448,1604,False,reassigned,mainstem
main:1058,town-creek,1515,1777,False,reassigned,mainstem
main:1059,town-creek,1637,1841,False,reassigned,mainstem
main:1060,town-creek,1782,2093,False,reassigned,mainstem
main:1061,town-creek,1799,2290,False,reassigned,mainstem
main:1062,town-creek,1827,2415,False,reassigned,mainstem
main:1063,seibold-branch,1172,1397,False,reassigned,mainstem
main:1064,seibold-branch,1034,1516,False,reassigned,mainstem
main:1065,seibold-branch,1181,1254,False,reassigned,mainstem
main:1066,seibold-branch,1003,1040,False,reassigned,mainstem
main:1067,seibold-branch,890,983,False,reassigned,mainstem
main:1068,seibold-branch,900,976,False,reassigned,mainstem
main:1069,seibold-branch,849,920,False,same,seibold-branch
main:1070,seibold-branch,942,1063,False,same,seibold-branch
main:1071,seibold-branch,1143,1243,False,same,seibold-branch
main:1072,seibold-branch,1203,1307,False,same,seibold-branch
main:1073,seibold-branch,1198,1258,False,same,seibold-branch
main:1074,seibold-branch,1192,1226,False,same,seibold-branch
main:1075,seibold-branch,1077,1096,False,same,seibold-branch
main:1076,seibold-branch,1168,1233,False,same,seibold-branch
main:1077,seibold-branch,1329,1431,False,same,seibold-branch
main:1078,seibold-branch,1423,1527,False,same,seibold-branch
main:1079,seibold-branch,1229,1337,False,same,seibold-branch
main:1080,seibold-branch,1065,1159,False,same,seibold-branch
main:1081,seibold-branch,1187,1304,False,same,seibold-branch
main:1082,seibold-branch,1354,1459,False,reassigned,mainstem
main:1083,seibold-branch,1371,1474,False,reassigned,mainstem
main:1084,seibold-branch,1344,1392,False,reassigned,mainstem
main:1085,seibold-branch,1526,1589,False,reassigned,mainstem
main:1086,seibold-branch,1606,1762,False,reassigned,mainstem
main:1087,seibold-branch,1716,1838,False,reassigned,mainstem
main:1088,seibold-branch,1802,1927,False,reassigned,mainstem
main:1089,minky-creek,2874,6197,False,reassigned,mainstem
main:1090,town-creek,2993,4961,False,reassigned,mainstem
main:1091,minky-creek,2696,6673,False,reassigned,mainstem
main:1092,town-creek,2725,5257,False,reassigned,mainstem
main:1093,town-creek,2541,5417,False,reassigned,mainstem
main:1094,town-creek,2649,5318,False,reassigned,mainstem
main:1095,town-creek,2627,5385,False,reassigned,mainstem
main:1096,town-creek,2815,5200,False,reassigned,mainstem
main:1097,town-creek,2720,5390,False,reassigned,mainstem
main:1098,town-creek,2794,5365,False,reassigned,mainstem
main:1099,town-creek,2923,5375,False,reassigned,mainstem
main:1100,town-creek,2885,5506,False,reassigned,mainstem
main:1101,town-creek,2960,5625,False,reassigned,mainstem
main:1102,town-creek,3076,5602,False,reassigned,mainstem
main:1103,town-creek,3129,5770,False,reassigned,mainstem
main:1104,town-creek,3138,5908,False,reassigned,mainstem
main:1105,town-creek,3329,6046,False,reassigned,mainstem
main:1106,minky-creek,2185,7561,True,reassigned,mainstem
main:1107,minky-creek,2104,7733,True,reassigned,mainstem
main:1108,minky-creek,2139,7770,True,reassigned,mainstem
main:1109,minky-creek,2221,7861,True,reassigned,mainstem
main:1110,minky-creek,2375,7851,True,reassigned,mainstem
main:1111,minky-creek,2450,7930,True,reassigned,mainstem
main:1112,minky-creek,2441,7971,True,reassigned,mainstem
main:1113,chandler-branch,1624,1785,False,reassigned,mainstem
main:1114,chandler-branch,1578,1703,False,reassigned,mainstem
main:1115,minky-creek,2389,8361,True,reassigned,mainstem
main:1116,chandler-branch,1492,1582,False,reassigned,mainstem
main:1117,chandler-branch,1398,1446,False,reassigned,mainstem
main:1118,chandler-branch,1370,1370,False,reassigned,mainstem
main:1119,chandler-branch,1351,1404,False,reassigned,mainstem
main:1120,chandler-branch,1368,1439,False,reassigned,mainstem
main:1121,chandler-branch,1474,1582,False,reassigned,mainstem
main:1122,minky-creek,2194,9176,True,reassigned,mainstem
main:1123,chandler-branch,1478,1609,False,reassigned,mainstem
main:1124,chandler-branch,1448,1607,False,reassigned,mainstem
main:1125,minky-creek,2313,9439,True,reassigned,mainstem
main:1126,minky-creek,2327,9565,True,reassigned,mainstem
main:1127,chandler-branch,1548,1667,False,reassigned,mainstem
main:1128,chandler-branch,1498,1584,False,reassigned,mainstem
main:1129,chandler-branch,1617,1653,False,reassigned,mainstem
main:1130,chandler-branch,1718,1870,False,reassigned,mainstem
main:1131,minky-creek,2572,10178,True,reassigned,mainstem
main:1132,minky-creek,2717,10136,True,reassigned,mainstem
main:1133,minky-creek,2674,10308,True,reassigned,mainstem
main:1134,yellow-creek,3022,12726,True,reassigned,mainstem
main:1135,yellow-creek,2952,12703,True,reassigned,mainstem
main:1136,yellow-creek,2894,12622,True,reassigned,mainstem
main:1137,yellow-creek,2692,12829,True,reassigned,mainstem
main:1138,yellow-creek,2675,12822,True,reassigned,mainstem
main:1139,yellow-creek,2844,12649,True,reassigned,mainstem
main:1140,yellow-creek,2940,12723,True,reassigned,mainstem
main:1141,yellow-creek,3020,12597,True,reassigned,mainstem
main:1142,yellow-creek,3129,12371,True,reassigned,mainstem
main:1143,yellow-creek,3212,12181,True,reassigned,mainstem
main:1144,yellow-creek,3284,12062,True,reassigned,mainstem
main:1145,yellow-creek,3255,11823,True,reassigned,mainstem
main:1146,yellow-creek,3290,11692,True,reassigned,mainstem
main:1147,yellow-creek,3241,11471,True,reassigned,mainstem
main:1148,yellow-creek,3120,11380,True,reassigned,mainstem
main:1149,yellow-creek,2958,11479,True,reassigned,mainstem
main:1150,yellow-creek,2911,11711,True,reassigned,mainstem
main:1151,yellow-creek,2796,11787,True,reassigned,mainstem
main:1152,yellow-creek,2825,11622,True,reassigned,mainstem
main:1153,yellow-creek,2790,11599,True,reassigned,mainstem
main:1154,yellow-creek,2608,11750,True,reassigned,mainstem
main:1155,yellow-creek,2625,11703,True,reassigned,mainstem
main:1156,yellow-creek,2722,11555,True,reassigned,mainstem
main:1157,yellow-creek,2692,11584,True,reassigned,mainstem
main:1158,yellow-creek,2614,11690,True,reassigned,mainstem
main:1159,yellow-creek,2645,11725,True,reassigned,mainstem
main:1160,yellow-creek,2708,11784,True,reassigned,mainstem
main:1161,yellow-creek,2764,11654,True,reassigned,mainstem
main:1162,yellow-creek,2857,11552,True,reassigned,mainstem
main:1163,baker-spring-branch,1936,2146,False,reassigned,mainstem
main:1164,baker-spring-branch,1879,1944,False,reassigned,mainstem
main:1165,baker-spring-branch,1658,1712,False,reassigned,mainstem
main:1166,baker-spring-branch,1542,1606,False,reassigned,mainstem
main:1167,baker-spring-branch,1619,1709,False,reassigned,mainstem
main:1168,baker-spring-branch,1462,1579,False,reassigned,mainstem
main:1169,baker-spring-branch,1383,1544,False,reassigned,mainstem
main:1170,baker-spring-branch,1285,1401,False,reassigned,mainstem
main:1171,baker-spring-branch,1105,1194,False,reassigned,mainstem
main:1172,baker-spring-branch,1033,1149,False,reassigned,mainstem
main:1173,baker-spring-branch,1153,1257,False,reassigned,mainstem
main:1174,baker-spring-branch,1041,1151,False,reassigned,mainstem
main:1175,baker-spring-branch,987,1040,False,reassigned,mainstem
main:1176,baker-spring-branch,1089,1118,False,reassigned,mainstem
main:1177,baker-spring-branch,1167,1247,False,reassigned,mainstem
main:1178,baker-spring-branch,1133,1250,False,reassigned,mainstem
main:1179,baker-spring-branch,1268,1381,False,reassigned,mainstem
main:1180,baker-spring-branch,1487,1607,False,reassigned,mainstem
main:1181,baker-spring-branch,1478,1876,False,reassigned,mainstem
main:1182,baker-spring-branch,1482,2061,False,reassigned,mainstem
main:1183,baker-spring-branch,1556,2263,False,reassigned,mainstem
main:1184,baker-spring-branch,1594,2335,False,reassigned,mainstem
main:1185,baker-spring-branch,1713,2189,False,reassigned,mainstem
main:1186,yellow-creek,2650,9750,True,reassigned,mainstem
main:1187,yellow-creek,2630,9690,True,reassigned,mainstem
main:1188,baker-spring-branch,1767,2041,False,reassigned,mainstem
main:1189,yellow-creek,2657,9488,True,reassigned,mainstem
main:1190,yellow-creek,2557,9498,True,reassigned,mainstem
main:1191,yellow-creek,2404,9600,True,reassigned,mainstem
main:1192,yellow-creek,2378,9577,True,reassigned,mainstem
main:1193,yellow-creek,2521,9422,True,reassigned,mainstem
main:1194,yellow-creek,2705,9178,True,reassigned,mainstem
main:1195,yellow-creek,2699,9160,True,reassigned,mainstem
main:1196,yellow-creek,2631,9121,True,reassigned,mainstem
main:1197,yellow-creek,2639,9126,True,reassigned,mainstem
main:1198,yellow-creek,2764,8918,True,reassigned,mainstem
main:1199,baker-spring-branch,1887,2037,False,reassigned,mainstem
main:1200,baker-spring-branch,1782,1899,False,reassigned,mainstem
main:1201,yellow-creek,2805,8435,False,reassigned,mainstem
main:1202,yellow-creek,2641,8428,True,reassigned,mainstem
main:1203,yellow-creek,2516,8537,True,reassigned,mainstem
main:1204,yellow-creek,2635,8364,False,reassigned,mainstem
main:1205,baker-spring-branch,2134,2242,False,reassigned,mainstem
main:1206,baker-spring-branch,2122,2250,False,reassigned,mainstem
main:1207,baker-spring-branch,2076,2178,False,reassigned,mainstem
main:1208,boshart-creek,1270,1347,False,reassigned,mainstem
main:1209,boshart-creek,1211,1290,False,reassigned,mainstem
main:1210,boshart-creek,1300,1381,False,reassigned,mainstem
main:1211,boshart-creek,1403,1501,False,reassigned,mainstem
main:1212,boshart-creek,1501,1716,False,reassigned,mainstem
main:1213,boshart-creek,1542,1901,False,reassigned,mainstem
main:1214,baker-spring-branch,2345,3450,False,reassigned,mainstem
main:1215,boshart-creek,1673,1942,False,reassigned,mainstem
main:1216,yellow-creek,2460,7388,False,reassigned,mainstem
main:1217,yellow-creek,2391,7607,False,reassigned,mainstem
main:1218,yellow-creek,2370,7834,True,reassigned,mainstem
main:1219,yellow-creek,2258,7671,True,reassigned,mainstem
main:1220,yellow-creek,2242,7546,True,reassigned,mainstem
main:1221,yellow-creek,2301,7331,False,reassigned,mainstem
main:1222,yellow-creek,2299,7194,False,reassigned,mainstem
main:1223,yellow-creek,2326,6979,False,reassigned,mainstem
main:1224,yellow-creek,2174,7031,True,reassigned,mainstem
main:1225,south-sauty-creek,2811,2982,False,reassigned,mainstem
main:1226,south-sauty-creek,2646,2809,False,reassigned,mainstem
main:1227,south-sauty-creek,2589,2718,False,reassigned,mainstem
main:1228,south-sauty-creek,2570,2657,False,reassigned,mainstem
main:1229,south-sauty-creek,2460,2580,False,reassigned,mainstem
main:1230,south-sauty-creek,2347,2437,False,reassigned,mainstem
main:1231,south-sauty-creek,2165,2218,False,reassigned,mainstem
main:1232,south-sauty-creek,2103,2115,False,reassigned,mainstem
main:1233,south-sauty-creek,1974,1954,False,reassigned,mainstem
main:1234,south-sauty-creek,1799,1777,False,reassigned,mainstem
main:1235,south-sauty-creek,1648,1658,False,reassigned,mainstem
main:1236,south-sauty-creek,1616,1599,False,reassigned,mainstem
main:1237,south-sauty-creek,1713,1725,False,reassigned,mainstem
main:1238,south-sauty-creek,1724,1766,False,reassigned,mainstem
main:1239,south-sauty-creek,1570,1613,False,reassigned,mainstem
main:1240,south-sauty-creek,1614,1751,False,reassigned,mainstem
main:1241,south-sauty-creek,1483,1720,False,reassigned,mainstem
main:1242,south-sauty-creek,1420,1601,False,reassigned,mainstem
main:1243,south-sauty-creek,1390,1387,False,reassigned,mainstem
main:1244,south-sauty-creek,1173,1155,False,same,south-sauty-creek
main:1245,south-sauty-creek,1044,1007,False,same,south-sauty-creek
main:1246,south-sauty-creek,910,888,False,same,south-sauty-creek
main:1247,south-sauty-creek,743,740,False,same,south-sauty-creek
main:1248,south-sauty-creek,662,676,False,same,south-sauty-creek
main:1249,south-sauty-creek,440,439,False,same,south-sauty-creek
main:1250,south-sauty-creek,327,308,False,same,south-sauty-creek
main:1251,south-sauty-creek,430,439,False,same,south-sauty-creek
main:1252,south-sauty-creek,528,528,False,same,south-sauty-creek
main:1253,south-sauty-creek,387,385,False,same,south-sauty-creek
main:1254,south-sauty-creek,508,516,False,same,south-sauty-creek
main:1255,south-sauty-creek,638,651,False,same,south-sauty-creek
main:1256,south-sauty-creek,757,866,False,same,south-sauty-creek
main:1257,south-sauty-creek,910,974,False,same,south-sauty-creek
main:1258,south-sauty-creek,915,1041,False,same,south-sauty-creek
main:1259,south-sauty-creek,982,1112,False,same,south-sauty-creek
main:1260,south-sauty-creek,756,873,False,same,south-sauty-creek
main:1261,south-sauty-creek,634,646,False,same,south-sauty-creek
main:1262,south-sauty-creek,467,444,False,same,south-sauty-creek
main:1263,south-sauty-creek,310,303,False,same,south-sauty-creek
main:1264,south-sauty-creek,324,310,False,same,south-sauty-creek
main:1265,south-sauty-creek,460,448,False,same,south-sauty-creek
main:1266,south-sauty-creek,490,542,False,same,south-sauty-creek
main:1267,south-sauty-creek,344,370,False,same,south-sauty-creek
main:1268,south-sauty-creek,250,239,False,same,south-sauty-creek
main:1269,south-sauty-creek,72,59,False,same,south-sauty-creek
main:1270,south-sauty-creek,36,0,False,same,south-sauty-creek
main:1271,south-sauty-creek,352,352,False,same,south-sauty-creek
main:1272,south-sauty-creek,503,478,False,same,south-sauty-creek
main:1273,south-sauty-creek,586,574,False,same,south-sauty-creek
main:1274,south-sauty-creek,800,783,False,same,south-sauty-creek
main:1275,south-sauty-creek,816,799,False,same,south-sauty-creek
main:1276,south-sauty-creek,764,770,False,same,south-sauty-creek
main:1277,south-sauty-creek,780,575,False,same,south-sauty-creek
main:1278,south-sauty-creek,737,385,False,same,south-sauty-creek
main:1279,south-sauty-creek,721,249,False,same,south-sauty-creek
main:1280,south-sauty-creek,715,71,False,same,south-sauty-creek
main:1281,yellow-creek,466,478,False,reassigned,south-sauty-creek
main:1282,yellow-creek,394,377,False,reassigned,south-sauty-creek
main:1283,yellow-creek,358,335,False,same,yellow-creek
main:1284,yellow-creek,279,197,False,same,yellow-creek
main:1285,yellow-creek,246,30,False,same,yellow-creek
main:1286,yellow-creek,257,143,False,same,yellow-creek
main:1287,yellow-creek,221,197,False,same,yellow-creek
main:1288,yellow-creek,170,155,False,same,yellow-creek
main:1289,yellow-creek,121,113,False,same,yellow-creek
main:1290,yellow-creek,96,84,False,same,yellow-creek
main:1291,yellow-creek,84,59,False,same,yellow-creek
main:1292,yellow-creek,51,197,False,same,yellow-creek
main:1293,yellow-creek,4,0,False,same,yellow-creek
main:1294,yellow-creek,36,30,False,same,yellow-creek
main:1295,yellow-creek,112,101,False,same,yellow-creek
main:1296,yellow-creek,182,168,False,same,yellow-creek
main:1297,yellow-creek,159,143,False,same,yellow-creek
main:1298,yellow-creek,229,209,False,same,yellow-creek
main:1299,yellow-creek,245,239,False,same,yellow-creek
main:1300,yellow-creek,239,227,False,same,yellow-creek
main:1301,yellow-creek,337,323,False,same,yellow-creek
main:1302,yellow-creek,362,352,False,same,yellow-creek
main:1303,south-sauty-creek,540,532,False,reassigned,yellow-creek
main:1304,south-sauty-creek,481,461,False,same,south-sauty-creek
main:1305,south-sauty-creek,345,352,False,same,south-sauty-creek
main:1306,south-sauty-creek,230,232,False,same,south-sauty-creek
main:1307,south-sauty-creek,167,155,False,same,south-sauty-creek
main:1308,south-sauty-creek,164,143,False,same,south-sauty-creek
main:1309,south-sauty-creek,203,30,False,same,south-sauty-creek
main:1310,south-sauty-creek,199,30,False,same,south-sauty-creek
main:1311,south-sauty-creek,163,143,False,same,south-sauty-creek
main:1312,south-sauty-creek,168,155,False,same,south-sauty-creek
main:1313,south-sauty-creek,149,126,False,same,south-sauty-creek
main:1314,south-sauty-creek,186,168,False,same,south-sauty-creek
main:1315,south-sauty-creek,109,89,False,same,south-sauty-creek
main:1316,south-sauty-creek,80,89,False,same,south-sauty-creek
main:1317,south-sauty-creek,87,59,False,same,south-sauty-creek
main:1318,south-sauty-creek,87,59,False,same,south-sauty-creek
main:1319,south-sauty-creek,72,59,False,same,south-sauty-creek
main:1320,south-sauty-creek,75,59,False,same,south-sauty-creek
main:1321,south-sauty-creek,103,30,False,same,south-sauty-creek
main:1322,south-sauty-creek,106,89,False,same,south-sauty-creek
main:1323,south-sauty-creek,122,113,False,same,south-sauty-creek
main:1324,south-sauty-creek,170,118,False,same,south-sauty-creek
main:1325,south-sauty-creek,313,323,False,same,south-sauty-creek
main:1326,south-sauty-creek,194,185,False,same,south-sauty-creek
main:1327,south-sauty-creek,209,214,False,same,south-sauty-creek
main:1328,south-sauty-creek,80,59,False,same,south-sauty-creek
main:1329,south-sauty-creek,47,30,False,same,south-sauty-creek
main:1330,south-sauty-creek,40,0,False,same,south-sauty-creek
main:1331,south-sauty-creek,40,30,False,same,south-sauty-creek
main:1332,south-sauty-creek,29,30,False,same,south-sauty-creek
main:1333,south-sauty-creek,25,30,False,same,south-sauty-creek
main:1334,south-sauty-creek,43,30,False,same,south-sauty-creek
main:1335,south-sauty-creek,32,30,False,same,south-sauty-creek
main:1336,south-sauty-creek,27,30,False,same,south-sauty-creek
main:1337,south-sauty-creek,68,30,False,same,south-sauty-creek
main:1338,south-sauty-creek,44,30,False,same,south-sauty-creek
main:1339,south-sauty-creek,18,0,False,same,south-sauty-creek
main:1340,south-sauty-creek,46,30,False,same,south-sauty-creek
main:1341,south-sauty-creek,35,30,False,same,south-sauty-creek
main:1342,south-sauty-creek,66,59,False,same,south-sauty-creek
main:1343,south-sauty-creek,127,89,False,same,south-sauty-creek
main:1344,south-sauty-creek,128,118,False,same,south-sauty-creek
main:1345,south-sauty-creek,215,269,False,same,south-sauty-creek
main:1346,south-sauty-creek,140,466,False,same,south-sauty-creek
main:1347,south-sauty-creek,251,269,False,same,south-sauty-creek
main:1348,south-sauty-creek,207,202,False,same,south-sauty-creek
main:1349,south-sauty-creek,130,113,False,same,south-sauty-creek
main:1350,south-sauty-creek,60,30,False,same,south-sauty-creek
main:1351,south-sauty-creek,78,59,False,same,south-sauty-creek
main:1352,south-sauty-creek,73,59,False,same,south-sauty-creek
main:1353,south-sauty-creek,91,59,False,same,south-sauty-creek
main:1354,south-sauty-creek,85,59,False,same,south-sauty-creek
main:1355,south-sauty-creek,143,143,False,same,south-sauty-creek
main:1356,south-sauty-creek,231,237,False,same,south-sauty-creek
main:1357,south-sauty-creek,416,434,False,same,south-sauty-creek
main:1358,south-sauty-creek,392,424,False,same,south-sauty-creek
main:1359,south-sauty-creek,530,513,False,same,south-sauty-creek
main:1360,south-sauty-creek,551,537,False,same,south-sauty-creek
main:1361,south-sauty-creek,415,406,False,same,south-sauty-creek
main:1362,south-sauty-creek,263,293,False,same,south-sauty-creek
main:1363,south-sauty-creek,179,168,False,same,south-sauty-creek
main:1364,south-sauty-creek,143,126,False,same,south-sauty-creek
main:1365,south-sauty-creek,151,126,False,same,south-sauty-creek
main:1366,south-sauty-creek,176,155,False,same,south-sauty-creek
main:1367,south-sauty-creek,181,168,False,same,south-sauty-creek
main:1368,south-sauty-creek,189,185,False,same,south-sauty-creek
main:1369,south-sauty-creek,167,143,False,same,south-sauty-creek
main:1370,south-sauty-creek,226,202,False,same,south-sauty-creek
main:1371,south-sauty-creek,269,256,False,same,south-sauty-creek
main:1372,south-sauty-creek,369,363,False,same,south-sauty-creek
main:1373,south-sauty-creek,576,579,False,same,south-sauty-creek
main:1374,south-sauty-creek,553,544,False,same,south-sauty-creek
main:1375,south-sauty-creek,631,628,False,same,south-sauty-creek
main:1376,south-sauty-creek,714,711,False,same,south-sauty-creek
main:1377,south-sauty-creek,737,740,False,same,south-sauty-creek
main:1378,south-sauty-creek,776,634,False,same,south-sauty-creek
main:1379,south-sauty-creek,819,545,False,same,south-sauty-creek
main:1380,south-sauty-creek,828,444,False,same,south-sauty-creek
main:1381,south-sauty-creek,852,266,False,same,south-sauty-creek
main:1382,south-sauty-creek,930,143,False,same,south-sauty-creek
main:1383,south-sauty-creek,944,30,False,same,south-sauty-creek
main:1384,south-sauty-creek,919,59,False,same,south-sauty-creek
main:1385,south-sauty-creek,897,118,False,same,south-sauty-creek
main:1386,south-sauty-creek,817,308,False,same,south-sauty-creek
main:1387,south-sauty-creek,888,197,False,same,south-sauty-creek
main:1388,south-sauty-creek,1087,118,False,same,south-sauty-creek
main:1389,south-sauty-creek,1207,113,False,same,south-sauty-creek
main:1390,south-sauty-creek,1247,101,False,same,south-sauty-creek
main:1391,south-sauty-creek,1446,30,False,same,south-sauty-creek
main:1392,south-sauty-creek,1600,0,False,same,south-sauty-creek
main:1393,south-sauty-creek,1508,0,False,same,south-sauty-creek
main:1394,south-sauty-creek,1475,42,False,same,south-sauty-creek
main:1395,south-sauty-creek,1443,126,False,same,south-sauty-creek
main:1396,south-sauty-creek,1287,113,False,same,south-sauty-creek
main:1397,south-sauty-creek,1241,131,False,same,south-sauty-creek
main:1398,south-sauty-creek,1311,202,False,same,south-sauty-creek
main:1399,south-sauty-creek,1495,178,False,same,south-sauty-creek
main:1400,south-sauty-creek,1604,296,False,same,south-sauty-creek
main:1401,south-sauty-creek,1521,498,False,same,south-sauty-creek
main:1402,south-sauty-creek,1577,511,False,same,south-sauty-creek
main:1403,south-sauty-creek,1703,338,False,same,south-sauty-creek
main:1404,south-sauty-creek,1810,427,False,same,south-sauty-creek
main:1405,south-sauty-creek,1699,237,False,same,south-sauty-creek
main:1406,south-sauty-creek,1821,266,False,same,south-sauty-creek
main:1407,south-sauty-creek,1884,113,False,same,south-sauty-creek
main:1408,south-sauty-creek,1970,310,False,same,south-sauty-creek
main:1409,south-sauty-creek,1938,382,False,same,south-sauty-creek
main:1410,south-sauty-creek,2011,209,False,same,south-sauty-creek
main:1411,south-sauty-creek,1958,42,False,same,south-sauty-creek
main:1412,south-sauty-creek,2069,59,False,same,south-sauty-creek
main:1413,south-sauty-creek,2197,0,False,same,south-sauty-creek
main:1414,south-sauty-creek,2117,30,False,same,south-sauty-creek
main:1415,south-sauty-creek,1940,42,False,same,south-sauty-creek
main:1416,south-sauty-creek,1752,185,False,same,south-sauty-creek
main:1417,south-sauty-creek,1682,155,False,same,south-sauty-creek
main:1418,south-sauty-creek,1520,227,False,same,south-sauty-creek
main:1419,south-sauty-creek,1404,237,False,same,south-sauty-creek
main:1420,south-sauty-creek,1401,207,False,same,south-sauty-creek
main:1421,south-sauty-creek,1278,202,False,same,south-sauty-creek
main:1422,south-sauty-creek,1129,160,False,same,south-sauty-creek
main:1423,south-sauty-creek,955,269,False,same,south-sauty-creek
main:1424,south-sauty-creek,1012,441,False,same,south-sauty-creek
main:1425,south-sauty-creek,847,520,False,same,south-sauty-creek
main:1426,south-sauty-creek,670,562,False,same,south-sauty-creek
main:1427,south-sauty-creek,627,616,False,same,south-sauty-creek
main:1428,south-sauty-creek,257,251,False,same,south-sauty-creek
main:1429,south-sauty-creek,57,84,False,same,south-sauty-creek
main:1430,south-sauty-creek,34,42,False,same,south-sauty-creek
main:1431,south-sauty-creek,376,365,False,same,south-sauty-creek
main:1432,south-sauty-creek,576,574,False,same,south-sauty-creek
main:1433,south-sauty-creek,669,628,False,same,south-sauty-creek
main:1434,south-sauty-creek,777,770,False,same,south-sauty-creek
main:1435,south-sauty-creek,799,799,False,same,south-sauty-creek
main:1436,south-sauty-creek,924,942,False,same,south-sauty-creek
main:1437,south-sauty-creek,1032,1080,False,same,south-sauty-creek
main:1438,south-sauty-creek,1051,1124,False,same,south-sauty-creek
main:1439,south-sauty-creek,947,996,False,same,south-sauty-creek
main:1440,south-sauty-creek,957,939,False,same,south-sauty-creek
main:1441,south-sauty-creek,821,796,False,same,south-sauty-creek
main:1442,south-sauty-creek,930,951,False,same,south-sauty-creek
main:1443,south-sauty-creek,1075,1141,False,same,south-sauty-creek
main:1444,south-sauty-creek,1220,1301,False,same,south-sauty-creek
main:1445,south-sauty-creek,1220,1237,False,same,south-sauty-creek
main:1446,south-sauty-creek,1167,1160,False,same,south-sauty-creek
main:1447,south-sauty-creek,1299,1298,False,same,south-sauty-creek
main:1448,south-sauty-creek,1297,1362,False,same,south-sauty-creek
main:1449,south-sauty-creek,1330,1414,False,same,south-sauty-creek
main:1450,south-sauty-creek,1498,1617,False,same,south-sauty-creek
main:1451,south-sauty-creek,1566,1688,False,same,south-sauty-creek
main:1452,south-sauty-creek,1546,1641,False,same,south-sauty-creek
main:1453,south-sauty-creek,1703,1826,False,same,south-sauty-creek
main:1454,south-sauty-creek,1575,1666,False,same,south-sauty-creek
main:1455,south-sauty-creek,1592,1700,False,same,south-sauty-creek
main:1456,south-sauty-creek,1743,1861,False,same,south-sauty-creek
main:1457,south-sauty-creek,1674,1802,False,same,south-sauty-creek
main:1458,south-sauty-creek,1506,1592,False,same,south-sauty-creek
main:1459,south-sauty-creek,1406,1513,False,same,south-sauty-creek
main:1460,south-sauty-creek,1259,1363,False,same,south-sauty-creek
main:1461,south-sauty-creek,1055,1124,False,same,south-sauty-creek
main:1462,south-sauty-creek,1133,1231,False,same,south-sauty-creek
main:1463,south-sauty-creek,1357,1470,False,same,south-sauty-creek
main:1464,south-sauty-creek,1490,1588,False,same,south-sauty-creek
main:1465,south-sauty-creek,1308,1420,False,same,south-sauty-creek
main:1466,south-sauty-creek,1126,1218,False,same,south-sauty-creek
main:1467,south-sauty-creek,1109,1127,False,same,south-sauty-creek
main:1468,south-sauty-creek,1038,1036,False,same,south-sauty-creek
main:1469,south-sauty-creek,1005,1019,False,same,south-sauty-creek
main:1470,south-sauty-creek,1062,1066,False,same,south-sauty-creek
main:1471,south-sauty-creek,1167,1209,False,same,south-sauty-creek
main:1472,south-sauty-creek,1323,1470,False,reassigned,mainstem
main:1473,south-sauty-creek,1295,1613,False,reassigned,mainstem
main:1474,south-sauty-creek,1412,1697,False,reassigned,mainstem
main:1475,south-sauty-creek,1352,1870,False,reassigned,mainstem
main:1476,south-sauty-creek,1446,2089,False,reassigned,mainstem
main:1477,south-sauty-creek,1592,2198,False,reassigned,mainstem
main:1478,south-sauty-creek,1745,2288,False,reassigned,mainstem
main:1479,south-sauty-creek,1994,3029,False,reassigned,mainstem
main:1480,mink-creek,1338,1475,False,reassigned,mainstem
main:1481,mink-creek,1312,1475,False,reassigned,mainstem
main:1482,mink-creek,1169,1255,False,reassigned,mainstem
main:1483,mink-creek,1110,1198,False,split:mink-creek-jackson,mink-creek-jackson
main:1484,mink-creek,997,1033,False,split:mink-creek-jackson,mink-creek-jackson
main:1485,mink-creek,1017,1040,False,split:mink-creek-jackson,mink-creek-jackson
main:1486,mink-creek,1196,1254,False,split:mink-creek-jackson,mink-creek-jackson
main:1487,mink-creek,1200,1242,False,split:mink-creek-jackson,mink-creek-jackson
main:1488,mink-creek,1098,1173,False,split:mink-creek-jackson,mink-creek-jackson
main:1489,mink-creek,1264,1356,False,reassigned,north-sauty-creek
main:1490,mink-creek,1420,1529,False,reassigned,north-sauty-creek
main:1491,mink-creek,1529,1761,False,reassigned,north-sauty-creek
main:1492,mink-creek,1588,1921,False,reassigned,north-sauty-creek
main:1493,mink-creek,1658,2010,False,reassigned,north-sauty-creek
main:1494,mink-creek,1640,2283,False,reassigned,north-sauty-creek
main:1495,south-sauty-creek,2376,5142,False,reassigned,north-sauty-creek
main:1496,south-sauty-creek,2291,5235,False,reassigned,north-sauty-creek
main:1497,south-sauty-creek,2442,5063,False,reassigned,north-sauty-creek
main:1498,south-sauty-creek,2471,5117,False,reassigned,north-sauty-creek
main:1499,mink-creek,1865,2195,False,reassigned,north-sauty-creek
main:1500,mink-creek,1922,2184,False,reassigned,north-sauty-creek
main:1501,mink-creek,2002,2145,False,reassigned,north-sauty-creek
main:1502,mink-creek,2017,2179,False,reassigned,north-sauty-creek
main:1503,mink-creek,2123,2327,False,reassigned,north-sauty-creek
main:1504,north-sauty-creek,1308,1376,False,same,north-sauty-creek
main:1505,north-sauty-creek,1266,1366,False,same,north-sauty-creek
main:1506,north-sauty-creek,1322,1423,False,reassigned,mainstem
main:1507,north-sauty-creek,1251,1341,False,reassigned,mainstem
main:1508,north-sauty-creek,1246,1313,False,reassigned,mainstem
main:1509,north-sauty-creek,1345,1422,False,reassigned,mainstem
main:1510,north-sauty-creek,1374,1399,False,reassigned,mainstem
main:1511,north-sauty-creek,1440,1453,False,reassigned,mainstem
main:1512,north-sauty-creek,1591,1661,False,reassigned,mainstem
main:1513,north-sauty-creek,1637,1725,False,reassigned,mainstem
main:1514,north-sauty-creek,1816,1962,False,reassigned,mainstem
main:1515,north-sauty-creek,2033,2147,False,reassigned,mainstem
main:1516,north-sauty-creek,1986,2152,False,reassigned,mainstem
main:1517,north-sauty-creek,2172,2342,False,reassigned,mainstem
main:1518,north-sauty-creek,2300,2467,False,reassigned,mainstem
main:1519,north-sauty-creek,2394,2645,False,reassigned,mainstem
main:1520,north-sauty-creek,2398,2830,False,reassigned,mainstem
main:1521,north-sauty-creek,2473,3062,False,reassigned,mainstem
main:1522,north-sauty-creek,2638,3244,False,reassigned,mainstem
main:1523,mink-creek,4161,5013,False,reassigned,mainstem
main:1524,mink-creek,4244,5047,False,reassigned,mainstem
main:1525,north-sauty-creek,2848,3286,False,reassigned,mainstem
main:1526,north-sauty-creek,2760,3138,False,reassigned,mainstem
main:1527,north-sauty-creek,2678,2943,False,reassigned,mainstem
main:1528,north-sauty-creek,2788,3005,False,reassigned,mainstem
main:1529,north-sauty-creek,2838,3051,False,reassigned,mainstem
main:1530,north-sauty-creek,2987,3217,False,reassigned,mainstem
main:1531,north-sauty-creek,2977,3205,False,reassigned,mainstem
main:1532,north-sauty-creek,2931,3156,False,reassigned,mainstem
main:1533,north-sauty-creek,2906,3153,False,reassigned,mainstem
main:1534,north-sauty-creek,3047,3343,False,reassigned,mainstem
main:1535,north-sauty-creek,3132,3373,False,reassigned,mainstem
main:1536,north-sauty-creek,3163,3383,False,reassigned,mainstem
main:1537,north-sauty-creek,3237,3453,False,reassigned,mainstem
main:1538,north-sauty-creek,3246,3463,False,reassigned,mainstem
main:1539,north-sauty-creek,3372,3618,False,reassigned,mainstem
main:1540,north-sauty-creek,3523,3747,False,reassigned,mainstem
main:1541,north-sauty-creek,3575,3764,False,reassigned,mainstem
main:1542,north-sauty-creek,3595,3774,False,reassigned,mainstem
main:1543,north-sauty-creek,3710,3873,False,reassigned,mainstem
main:1544,north-sauty-creek,3785,3937,False,reassigned,mainstem
main:1545,mink-creek,5870,5944,False,reassigned,mainstem
main:1551,north-sauty-creek,4657,4827,False,reassigned,mainstem
main:1552,north-sauty-creek,4586,4767,False,reassigned,mainstem
main:1553,north-sauty-creek,4696,4856,False,reassigned,mainstem
main:1554,north-sauty-creek,4730,4886,False,reassigned,mainstem
main:1555,north-sauty-creek,4772,5031,False,reassigned,mainstem
main:1556,north-sauty-creek,4859,5223,False,reassigned,mainstem
main:1557,north-sauty-creek,4938,5343,False,reassigned,mainstem
main:1558,roseberry-creek,3348,3857,False,reassigned,mainstem
main:1559,roseberry-creek,3163,3618,False,reassigned,mainstem
main:1560,roseberry-creek,2997,3367,False,reassigned,mainstem
main:1561,roseberry-creek,2907,3217,False,reassigned,mainstem
main:1562,roseberry-creek,2795,3024,False,reassigned,mainstem
main:1563,roseberry-creek,2735,2904,False,reassigned,mainstem
main:1564,roseberry-creek,2625,2791,False,reassigned,mainstem
main:1565,roseberry-creek,2525,2693,False,reassigned,mainstem
main:1566,roseberry-creek,2424,2577,False,reassigned,mainstem
main:1567,roseberry-creek,2355,2445,False,reassigned,mainstem
main:1568,roseberry-creek,2264,2312,False,reassigned,mainstem
main:1569,roseberry-creek,2200,2253,False,reassigned,mainstem
main:1570,roseberry-creek,2134,2255,False,reassigned,mainstem
main:1571,roseberry-creek,2179,2385,False,reassigned,mainstem
main:1572,roseberry-creek,2111,2647,False,reassigned,mainstem
main:1573,roseberry-creek,2063,2730,False,reassigned,mainstem
main:1574,roseberry-creek,1986,2696,False,reassigned,mainstem
main:1575,roseberry-creek,1993,2464,False,reassigned,mainstem
main:1576,roseberry-creek,1916,2499,False,reassigned,mainstem
main:1577,roseberry-creek,2092,2213,False,reassigned,mainstem
main:1578,roseberry-creek,1945,2099,False,reassigned,mainstem
main:1579,roseberry-creek,1821,1873,False,reassigned,mainstem
main:1580,roseberry-creek,1737,1747,False,reassigned,mainstem
main:1581,roseberry-creek,1598,1636,False,reassigned,mainstem
main:1582,roseberry-creek,1399,1416,False,reassigned,mainstem
main:1586,roseberry-creek,846,912,False,same,roseberry-creek
main:1587,roseberry-creek,798,818,False,same,roseberry-creek
main:1588,roseberry-creek,804,835,False,same,roseberry-creek
main:1589,roseberry-creek,837,893,False,same,roseberry-creek
main:1590,roseberry-creek,899,945,False,same,roseberry-creek
main:1591,roseberry-creek,1014,1031,False,same,roseberry-creek
main:1592,roseberry-creek,1172,1192,False,same,roseberry-creek
main:1593,roseberry-creek,1309,1384,False,reassigned,mainstem
main:1594,roseberry-creek,1374,1443,False,reassigned,mainstem
main:1595,roseberry-creek,1497,1605,False,reassigned,mainstem
main:1596,roseberry-creek,1656,1797,False,reassigned,mainstem
main:1597,roseberry-creek,1825,1965,False,reassigned,mainstem
main:1598,roseberry-creek,1980,2145,False,reassigned,mainstem
main:1599,roseberry-creek,2174,2312,False,reassigned,mainstem
main:1600,roseberry-creek,2291,2462,False,reassigned,mainstem
main:1601,roseberry-creek,2456,2612,False,reassigned,mainstem
main:1602,roseberry-creek,2637,2817,False,reassigned,mainstem
main:1603,roseberry-creek,2790,2925,False,reassigned,mainstem
main:1604,roseberry-creek,3014,3176,False,reassigned,mainstem
main:1605,roseberry-creek,3220,3356,False,reassigned,mainstem
main:1606,jones-creek,4969,5115,False,reassigned,mainstem
main:1607,jones-creek,4790,4947,False,reassigned,mainstem
main:1608,jones-creek,4598,4768,False,reassigned,mainstem
main:1609,jones-creek,4408,4575,False,reassigned,mainstem
main:1610,jones-creek,4167,4324,False,reassigned,mainstem
main:1611,jones-creek,4002,4169,False,reassigned,mainstem
main:1612,jones-creek,3806,3942,False,reassigned,mainstem
main:1613,jones-creek,3603,3757,False,reassigned,mainstem
main:1614,jones-creek,3478,3590,False,reassigned,mainstem
main:1615,jones-creek,3259,3393,False,reassigned,mainstem
main:1616,jones-creek,3154,3292,False,reassigned,mainstem
main:1617,jones-creek,3022,3119,False,reassigned,mainstem
main:1618,jones-creek,3037,3183,False,reassigned,mainstem
main:1619,jones-creek,2888,3016,False,reassigned,mainstem
main:1620,jones-creek,2730,2861,False,reassigned,mainstem
main:1621,jones-creek,2521,2627,False,reassigned,mainstem
main:1622,jones-creek,2300,2400,False,reassigned,mainstem
main:1623,jones-creek,2132,2215,False,reassigned,mainstem
main:1624,jones-creek,1873,1959,False,reassigned,mainstem
main:1625,jones-creek,1724,1791,False,reassigned,mainstem
main:1626,jones-creek,1504,1582,False,reassigned,mainstem
main:1627,jones-creek,1346,1432,False,reassigned,mainstem
main:1628,jones-creek,1128,1193,False,reassigned,mainstem
main:1629,jones-creek,991,1025,False,reassigned,mainstem
main:1630,jones-creek,742,791,False,reassigned,mainstem
main:1631,jones-creek,692,720,False,reassigned,mainstem
main:1635,jones-creek,102,71,False,split:jones-creek-jackson-rorex-creek-jones-creek,jones-creek-jackson-rorex-creek-jones-creek
main:1636,jones-creek,126,113,False,split:jones-creek-jackson-rorex-creek-jones-creek,jones-creek-jackson-rorex-creek-jones-creek
main:1637,jones-creek,193,178,False,split:jones-creek-jackson-rorex-creek-jones-creek,jones-creek-jackson-rorex-creek-jones-creek
main:1638,jones-creek,277,266,False,split:jones-creek-jackson-rorex-creek-jones-creek,jones-creek-jackson-rorex-creek-jones-creek
main:1639,jones-creek,361,355,False,split:jones-creek-jackson-rorex-creek-jones-creek,jones-creek-jackson-rorex-creek-jones-creek
main:1640,jones-creek,486,412,False,split:jones-creek-jackson-rorex-creek-jones-creek,jones-creek-jackson-rorex-creek-jones-creek
main:1641,jones-creek,519,185,False,split:jones-creek-jackson-rorex-creek-jones-creek,jones-creek-jackson-rorex-creek-jones-creek
main:1642,jones-creek,626,0,False,split:jones-creek-jackson-rorex-creek-jones-creek,jones-creek-jackson-rorex-creek-jones-creek
main:1643,jones-creek,597,30,False,split:jones-creek-jackson-rorex-creek-jones-creek,jones-creek-jackson-rorex-creek-jones-creek
main:1644,jones-creek,683,148,False,split:jones-creek-jackson-rorex-creek-jones-creek,jones-creek-jackson-rorex-creek-jones-creek
main:1645,jones-creek,831,71,False,split:jones-creek-jackson-rorex-creek-jones-creek,jones-creek-jackson-rorex-creek-jones-creek
main:1646,jones-creek,909,0,False,split:jones-creek-jackson-rorex-creek-jones-creek,jones-creek-jackson-rorex-creek-jones-creek
main:1647,jones-creek,793,0,False,split:jones-creek-jackson-rorex-creek-jones-creek,jones-creek-jackson-rorex-creek-jones-creek
main:1648,jones-creek,769,30,False,split:jones-creek-jackson-rorex-creek-jones-creek,jones-creek-jackson-rorex-creek-jones-creek
main:1649,jones-creek,644,126,False,split:jones-creek-jackson-rorex-creek-jones-creek,jones-creek-jackson-rorex-creek-jones-creek
main:1650,jones-creek,544,239,False,split:jones-creek-jackson-rorex-creek-jones-creek,jones-creek-jackson-rorex-creek-jones-creek
main:1651,jones-creek,474,397,False,split:jones-creek-jackson-rorex-creek-jones-creek,jones-creek-jackson-rorex-creek-jones-creek
main:1652,jones-creek,413,406,False,split:jones-creek-jackson-rorex-creek-jones-creek,jones-creek-jackson-rorex-creek-jones-creek
main:1653,jones-creek,235,207,False,split:jones-creek-jackson-rorex-creek-jones-creek,jones-creek-jackson-rorex-creek-jones-creek
main:1654,jones-creek,178,173,False,split:jones-creek-jackson-rorex-creek-jones-creek,jones-creek-jackson-rorex-creek-jones-creek
main:1655,jones-creek,230,207,False,split:jones-creek-jackson-rorex-creek-jones-creek,jones-creek-jackson-rorex-creek-jones-creek
main:1656,jones-creek,214,143,False,split:jones-creek-jackson-rorex-creek-jones-creek,jones-creek-jackson-rorex-creek-jones-creek
main:1657,jones-creek,280,30,False,split:jones-creek-jackson-rorex-creek-jones-creek,jones-creek-jackson-rorex-creek-jones-creek
main:1658,jones-creek,170,0,False,split:jones-creek-jackson-rorex-creek-jones-creek,jones-creek-jackson-rorex-creek-jones-creek
main:1659,jones-creek,252,0,False,split:jones-creek-jackson-rorex-creek-jones-creek,jones-creek-jackson-rorex-creek-jones-creek
main:1660,jones-creek,298,0,False,split:jones-creek-jackson-rorex-creek-jones-creek,jones-creek-jackson-rorex-creek-jones-creek
main:1661,jones-creek,261,0,False,split:jones-creek-jackson-rorex-creek-jones-creek,jones-creek-jackson-rorex-creek-jones-creek
main:1662,jones-creek,221,42,False,split:jones-creek-jackson-rorex-creek-jones-creek,jones-creek-jackson-rorex-creek-jones-creek
main:1663,jones-creek,168,42,False,split:jones-creek-jackson-rorex-creek-jones-creek,jones-creek-jackson-rorex-creek-jones-creek
main:1664,jones-creek,126,30,False,split:jones-creek-jackson-rorex-creek-jones-creek,jones-creek-jackson-rorex-creek-jones-creek
main:1665,jones-creek,203,84,False,split:jones-creek-jackson-rorex-creek-jones-creek,jones-creek-jackson-rorex-creek-jones-creek
main:1666,jones-creek,72,59,False,split:jones-creek-jackson-rorex-creek-jones-creek,jones-creek-jackson-rorex-creek-jones-creek
main:1667,jones-creek,72,59,False,split:jones-creek-jackson-rorex-creek-jones-creek,jones-creek-jackson-rorex-creek-jones-creek
main:1668,jones-creek,15,0,False,split:jones-creek-jackson-rorex-creek-jones-creek,jones-creek-jackson-rorex-creek-jones-creek
main:1669,jones-creek,14,0,False,split:jones-creek-jackson-rorex-creek-jones-creek,jones-creek-jackson-rorex-creek-jones-creek
main:1670,jones-creek,46,59,False,split:jones-creek-jackson-rorex-creek-jones-creek,jones-creek-jackson-rorex-creek-jones-creek
main:1671,jones-creek,80,113,False,split:jones-creek-jackson-rorex-creek-jones-creek,jones-creek-jackson-rorex-creek-jones-creek
main:1672,jones-creek,196,209,False,split:jones-creek-jackson-rorex-creek-jones-creek,jones-creek-jackson-rorex-creek-jones-creek
main:1673,jones-creek,98,323,False,split:jones-creek-jackson-rorex-creek-jones-creek,jones-creek-jackson-rorex-creek-jones-creek
main:1674,jones-creek,235,118,False,split:jones-creek-jackson-rorex-creek-jones-creek,jones-creek-jackson-rorex-creek-jones-creek
main:1675,jones-creek,335,89,False,split:jones-creek-jackson-rorex-creek-jones-creek,jones-creek-jackson-rorex-creek-jones-creek
main:1676,jones-creek,346,0,False,split:jones-creek-jackson-rorex-creek-jones-creek,jones-creek-jackson-rorex-creek-jones-creek
main:1677,jones-creek,226,118,False,split:jones-creek-jackson-rorex-creek-jones-creek,jones-creek-jackson-rorex-creek-jones-creek
main:1678,jones-creek,221,207,False,split:jones-creek-jackson-rorex-creek-jones-creek,jones-creek-jackson-rorex-creek-jones-creek
main:1679,jones-creek,214,207,False,split:jones-creek-jackson-rorex-creek-jones-creek,jones-creek-jackson-rorex-creek-jones-creek
main:1680,jones-creek,181,178,False,split:jones-creek-jackson-rorex-creek-jones-creek,jones-creek-jackson-rorex-creek-jones-creek
main:1681,jones-creek,308,326,False,split:jones-creek-jackson-rorex-creek-jones-creek,jones-creek-jackson-rorex-creek-jones-creek
main:1682,jones-creek,403,385,False,split:jones-creek-jackson-rorex-creek-jones-creek,jones-creek-jackson-rorex-creek-jones-creek
main:1683,jones-creek,283,296,False,split:jones-creek-jackson-rorex-creek-jones-creek,jones-creek-jackson-rorex-creek-jones-creek
main:1684,jones-creek,372,363,False,split:jones-creek-jackson-rorex-creek-jones-creek,jones-creek-jackson-rorex-creek-jones-creek
main:1685,jones-creek,388,365,False,split:jones-creek-jackson-rorex-creek-jones-creek,jones-creek-jackson-rorex-creek-jones-creek
main:1686,jones-creek,521,586,False,split:jones-creek-jackson-rorex-creek-jones-creek,jones-creek-jackson-rorex-creek-jones-creek
main:1687,jones-creek,655,685,False,split:jones-creek-jackson-rorex-creek-jones-creek,jones-creek-jackson-rorex-creek-jones-creek
main:1688,jones-creek,548,555,False,split:jones-creek-jackson-rorex-creek-jones-creek,jones-creek-jackson-rorex-creek-jones-creek
main:1689,jones-creek,669,678,False,split:jones-creek-jackson-rorex-creek-jones-creek,jones-creek-jackson-rorex-creek-jones-creek
main:1690,jones-creek,544,565,False,split:jones-creek-jackson-rorex-creek-jones-creek,jones-creek-jackson-rorex-creek-jones-creek
main:1691,jones-creek,573,587,False,split:jones-creek-jackson-rorex-creek-jones-creek,jones-creek-jackson-rorex-creek-jones-creek
main:1692,jones-creek,802,831,False,split:jones-creek-jackson-rorex-creek-jones-creek,jones-creek-jackson-rorex-creek-jones-creek
main:1693,jones-creek,1014,1117,False,split:jones-creek-jackson-rorex-creek-jones-creek,jones-creek-jackson-rorex-creek-jones-creek
main:1694,jones-creek,1243,1332,False,reassigned,mainstem
main:1695,jones-creek,1378,1546,False,reassigned,mainstem
main:1696,jones-creek,1528,1736,False,reassigned,mainstem
main:1697,jones-creek,1628,1879,False,reassigned,mainstem
main:1709,town-creek,2088,2384,False,reassigned,mainstem
main:1710,town-creek,1925,2366,False,reassigned,mainstem
main:1711,town-creek,1742,2391,False,reassigned,mainstem
main:1712,town-creek,1588,2211,False,reassigned,mainstem
main:1713,town-creek,1430,2014,False,reassigned,mainstem
main:1714,town-creek,1285,1834,False,reassigned,mainstem
main:1715,town-creek,1089,1566,False,reassigned,mainstem
main:1716,town-creek,959,1410,False,reassigned,mainstem
main:1717,town-creek,862,1243,False,reassigned,mainstem
main:1718,town-creek,760,1016,False,reassigned,mainstem
main:1719,town-creek,694,868,False,reassigned,mainstem
main:1720,town-creek,639,767,False,reassigned,mainstem
main:1721,town-creek,681,905,False,reassigned,mainstem
main:1768,coon-creek,109,84,False,same,coon-creek
main:1769,coon-creek,180,155,False,same,coon-creek
main:1770,coon-creek,196,178,False,same,coon-creek
main:1771,coon-creek,212,207,False,same,coon-creek
main:1772,coon-creek,243,237,False,same,coon-creek
main:1773,coon-creek,330,308,False,same,coon-creek
main:1774,deal-creek,692,732,False,reassigned,coon-creek
main:1775,deal-creek,640,659,False,reassigned,coon-creek
main:1776,deal-creek,704,735,False,reassigned,coon-creek
main:1777,deal-creek,818,856,False,reassigned,coon-creek
main:1778,coon-creek,481,469,False,same,coon-creek
main:1779,coon-creek,450,415,False,same,coon-creek
main:1780,coon-creek,413,385,False,same,coon-creek
main:1781,coon-creek,413,409,False,same,coon-creek
main:1782,coon-creek,386,385,False,same,coon-creek
main:1783,coon-creek,389,385,False,same,coon-creek
main:1784,coon-creek,342,350,False,same,coon-creek
main:1785,coon-creek,248,232,False,same,coon-creek
main:1786,coon-creek,216,207,False,same,coon-creek
main:1787,coon-creek,90,84,False,same,coon-creek
main:1788,coon-creek,75,42,False,same,coon-creek
main:1789,coon-creek,70,59,False,same,coon-creek
main:1790,coon-creek,90,71,False,same,coon-creek
main:1791,coon-creek,90,84,False,same,coon-creek
main:1792,coon-creek,158,126,False,same,coon-creek
main:1793,coon-creek,182,178,False,same,coon-creek
main:1794,coon-creek,112,84,False,same,coon-creek
main:1795,coon-creek,50,30,False,same,coon-creek
main:1796,coon-creek,33,30,False,same,coon-creek
main:1797,coon-creek,81,71,False,same,coon-creek
main:1798,coon-creek,28,0,False,same,coon-creek
main:1799,coon-creek,27,0,False,same,coon-creek
main:1800,coon-creek,18,0,False,same,coon-creek
main:1801,coon-creek,31,0,False,same,coon-creek
main:1802,coon-creek,59,84,False,same,coon-creek
main:1803,coon-creek,20,0,False,same,coon-creek
main:1804,coon-creek,23,0,False,same,coon-creek
main:1805,coon-creek,65,71,False,same,coon-creek
main:1806,coon-creek,28,0,False,same,coon-creek
main:1807,coon-creek,83,84,False,same,coon-creek
main:1808,coon-creek,196,148,False,same,coon-creek
main:1809,coon-creek,290,173,False,same,coon-creek
main:1810,coon-creek,208,0,False,same,coon-creek
main:1811,coon-creek,92,0,False,same,coon-creek
main:1812,coon-creek,28,0,False,same,coon-creek
main:1813,coon-creek,68,71,False,same,coon-creek
main:1814,coon-creek,51,30,False,same,coon-creek
main:1815,coon-creek,98,84,False,same,coon-creek
main:1816,coon-creek,91,71,False,same,coon-creek
main:1817,coon-creek,138,101,False,same,coon-creek
main:1818,coon-creek,89,71,False,same,coon-creek
main:1819,coon-creek,80,59,False,same,coon-creek
main:1820,coon-creek,89,71,False,same,coon-creek
main:1821,coon-creek,92,89,False,same,coon-creek
main:1822,coon-creek,213,207,False,same,coon-creek
main:1823,coon-creek,293,232,False,same,coon-creek
main:1824,coon-creek,404,42,False,same,coon-creek
main:1825,coon-creek,530,0,False,same,coon-creek
main:1826,coon-creek,397,160,False,same,coon-creek
main:1827,coon-creek,384,350,False,same,coon-creek
main:1828,coon-creek,383,385,False,same,coon-creek
main:1829,coon-creek,386,385,False,same,coon-creek
main:1830,deal-creek,513,503,False,reassigned,coon-creek
main:1831,deal-creek,340,328,False,same,deal-creek
main:1832,deal-creek,248,237,False,same,deal-creek
main:1833,deal-creek,166,148,False,same,deal-creek
main:1834,deal-creek,117,113,False,same,deal-creek
main:1835,deal-creek,59,0,False,same,deal-creek
main:1836,deal-creek,9,0,False,same,deal-creek
main:1837,deal-creek,7,0,False,same,deal-creek
main:1838,deal-creek,16,30,False,same,deal-creek
main:1839,deal-creek,86,89,False,same,deal-creek
main:1840,deal-creek,199,190,False,same,deal-creek
main:1841,deal-creek,446,486,False,same,deal-creek
main:1842,nichols-branch,708,3772,True,reassigned,deal-creek
main:1843,nichols-branch,616,3873,True,reassigned,deal-creek
main:1844,nichols-branch,775,3886,True,reassigned,deal-creek
main:1845,nichols-branch,744,3701,True,reassigned,deal-creek
main:1846,deal-creek,522,537,False,same,deal-creek
main:1847,nichols-branch,816,3371,True,reassigned,coon-creek
main:1848,deal-creek,715,742,False,reassigned,coon-creek
main:1849,coon-creek,391,409,False,same,coon-creek
main:1850,coon-creek,248,308,False,same,coon-creek
main:1851,coon-creek,417,427,False,same,coon-creek
main:1852,coon-creek,341,321,False,same,coon-creek
main:1853,coon-creek,192,197,False,same,coon-creek
main:1854,coon-creek,396,424,False,same,coon-creek
main:1855,coon-creek,548,638,False,same,coon-creek
main:1856,nichols-branch,838,3141,True,reassigned,coon-creek
main:1857,nichols-branch,628,3415,True,reassigned,coon-creek
main:1858,nichols-branch,495,3516,True,reassigned,coon-creek
main:1859,nichols-branch,626,3415,True,reassigned,coon-creek
main:1860,nichols-branch,824,3129,True,reassigned,coon-creek
main:1861,coon-creek,572,626,False,same,coon-creek
main:1862,coon-creek,421,441,False,same,coon-creek
main:1863,coon-creek,155,155,False,same,coon-creek
main:1864,coon-creek,261,251,False,same,coon-creek
main:1865,coon-creek,399,377,False,same,coon-creek
main:1866,nichols-branch,914,2859,False,reassigned,coon-creek
main:1867,nichols-branch,694,3086,True,reassigned,coon-creek
main:1868,nichols-branch,592,3187,True,reassigned,coon-creek
main:1869,nichols-branch,378,3520,True,reassigned,coon-creek
main:1870,nichols-branch,262,3651,True,reassigned,coon-creek
main:1871,nichols-branch,158,143,False,same,nichols-branch
main:1892,nichols-branch,169,173,False,same,nichols-branch
main:1893,nichols-branch,187,286,False,same,nichols-branch
main:1894,nichols-branch,263,399,False,same,nichols-branch
main:1895,nichols-branch,304,542,False,same,nichols-branch
main:1896,nichols-branch,288,720,False,same,nichols-branch
main:1897,nichols-branch,300,572,False,same,nichols-branch
main:1898,nichols-branch,231,370,False,same,nichols-branch
main:1899,nichols-branch,135,202,False,same,nichols-branch
main:1900,nichols-branch,95,89,False,same,nichols-branch
main:1901,nichols-branch,125,89,False,same,nichols-branch
main:1902,nichols-branch,156,148,False,same,nichols-branch
main:1903,nichols-branch,142,143,False,same,nichols-branch
main:1904,nichols-branch,121,101,False,same,nichols-branch
main:1905,nichols-branch,88,71,False,same,nichols-branch
main:1906,nichols-branch,73,59,False,same,nichols-branch
main:1907,nichols-branch,80,89,False,same,nichols-branch
main:1908,nichols-branch,83,59,False,same,nichols-branch
main:1909,nichols-branch,53,30,False,same,nichols-branch
main:1910,nichols-branch,101,113,False,same,nichols-branch
main:1911,nichols-branch,53,42,False,same,nichols-branch
main:1912,nichols-branch,53,42,False,same,nichols-branch
main:1913,nichols-branch,90,89,False,same,nichols-branch
main:1914,nichols-branch,44,30,False,same,nichols-branch
main:1915,nichols-branch,49,30,False,same,nichols-branch
main:1916,nichols-branch,188,197,False,same,nichols-branch
main:1917,nichols-branch,168,173,False,same,nichols-branch
main:1918,nichols-branch,253,316,False,same,nichols-branch
main:1919,nichols-branch,114,113,False,same,nichols-branch
main:1920,nichols-branch,65,59,False,same,nichols-branch
main:1921,nichols-branch,47,30,False,same,nichols-branch
main:1922,nichols-branch,33,0,False,same,nichols-branch
main:1923,nichols-branch,32,30,False,same,nichols-branch
main:1924,nichols-branch,69,59,False,same,nichols-branch
main:1925,nichols-branch,40,30,False,same,nichols-branch
main:1926,nichols-branch,19,0,False,same,nichols-branch
main:1927,nichols-branch,79,59,False,same,nichols-branch
main:1928,nichols-branch,56,42,False,same,nichols-branch
main:1929,nichols-branch,146,155,False,same,nichols-branch
main:1930,nichols-branch,111,113,False,same,nichols-branch
main:1931,nichols-branch,334,335,False,same,nichols-branch
main:1932,nichols-branch,485,520,False,same,nichols-branch
main:1933,marshall-branch,881,10803,True,reassigned,nichols-branch
main:1934,marshall-branch,710,11071,True,reassigned,nichols-branch
main:1935,marshall-branch,627,11226,True,reassigned,nichols-branch
main:1936,marshall-branch,628,11429,True,reassigned,nichols-branch
main:1937,marshall-branch,599,11626,True,reassigned,nichols-branch
main:1938,marshall-branch,622,11852,True,reassigned,nichols-branch
main:1939,marshall-branch,642,12008,True,reassigned,nichols-branch
main:1940,marshall-branch,619,12175,True,reassigned,nichols-branch
main:1941,sterne-branch,358,12638,True,reassigned,nichols-branch
main:1942,marshall-branch,504,12320,True,reassigned,nichols-branch
main:1943,marshall-branch,453,12254,True,reassigned,nichols-branch
main:1944,marshall-branch,511,12027,True,reassigned,nichols-branch
main:1945,marshall-branch,503,11818,True,reassigned,nichols-branch
main:1946,marshall-branch,525,11650,True,reassigned,nichols-branch
main:1947,marshall-branch,542,11382,True,reassigned,nichols-branch
main:1948,marshall-branch,550,11322,True,reassigned,nichols-branch
main:1949,marshall-branch,440,11465,True,reassigned,nichols-branch
main:1950,marshall-branch,548,11268,True,reassigned,nichols-branch
main:1951,marshall-branch,565,11135,True,reassigned,nichols-branch
main:1955,nichols-branch,240,237,False,same,nichols-branch
main:1956,nichols-branch,113,84,False,same,nichols-branch
main:1957,nichols-branch,110,30,False,same,nichols-branch
main:1958,nichols-branch,115,30,False,same,nichols-branch
main:1959,nichols-branch,36,30,False,same,nichols-branch
main:1960,nichols-branch,37,30,False,same,nichols-branch
main:1961,nichols-branch,35,0,False,same,nichols-branch
main:1962,nichols-branch,41,0,False,same,nichols-branch
main:1963,nichols-branch,74,59,False,same,nichols-branch
main:1964,nichols-branch,125,131,False,same,nichols-branch
main:1965,nichols-branch,171,190,False,same,nichols-branch
main:1966,nichols-branch,110,131,False,same,nichols-branch
main:1968,nichols-branch,203,232,False,same,nichols-branch
main:1969,nichols-branch,169,298,False,same,nichols-branch
main:1970,nichols-branch,136,459,False,same,nichols-branch
main:1971,nichols-branch,112,131,False,same,nichols-branch
main:1972,nichols-branch,47,59,False,same,nichols-branch
main:1973,nichols-branch,45,30,False,same,nichols-branch
main:1974,nichols-branch,51,30,False,same,nichols-branch
main:1975,nichols-branch,54,42,False,same,nichols-branch
main:1976,nichols-branch,56,30,False,same,nichols-branch
main:1977,nichols-branch,53,30,False,same,nichols-branch
main:1978,nichols-branch,63,30,False,same,nichols-branch
main:1979,nichols-branch,77,59,False,same,nichols-branch
main:1980,nichols-branch,127,118,False,same,nichols-branch
main:2015,marshall-branch,155,155,False,reassigned,sterne-branch
main:2016,marshall-branch,135,126,False,reassigned,sterne-branch
main:2017,marshall-branch,130,113,False,same,marshall-branch
main:2018,marshall-branch,124,113,False,reassigned,sterne-branch
main:2019,marshall-branch,243,239,False,reassigned,sterne-branch
main:2020,sterne-branch,29,0,False,same,sterne-branch
main:2021,sterne-branch,24,30,False,same,sterne-branch
main:2022,sterne-branch,62,126,False,same,sterne-branch
main:2023,marshall-branch,388,895,False,reassigned,sterne-branch
main:2024,marshall-branch,522,1025,False,reassigned,sterne-branch
main:2025,marshall-branch,440,1126,False,reassigned,sterne-branch
main:2026,marshall-branch,341,1222,False,reassigned,sterne-branch
main:2027,marshall-branch,426,1038,False,reassigned,sterne-branch
main:2028,marshall-branch,349,961,False,reassigned,sterne-branch
main:2029,marshall-branch,285,638,False,reassigned,sterne-branch
main:2030,marshall-branch,257,513,False,reassigned,sterne-branch
main:2031,marshall-branch,232,274,False,reassigned,sterne-branch
main:2032,marshall-branch,136,126,False,reassigned,sterne-branch
main:2033,marshall-branch,123,113,False,same,marshall-branch
main:2034,marshall-branch,120,113,False,same,marshall-branch
main:2035,marshall-branch,133,113,False,same,marshall-branch
main:2036,marshall-branch,151,143,False,same,marshall-branch
main:2037,marshall-branch,156,143,False,same,marshall-branch
main:2107,long-island-creek,31,30,False,same,long-island-creek
main:2108,long-island-creek,69,59,False,same,long-island-creek
main:2109,long-island-creek,27,30,False,same,long-island-creek
main:2110,long-island-creek,26,0,False,same,long-island-creek
main:2111,long-island-creek,44,30,False,same,long-island-creek
main:2112,long-island-creek,57,30,False,same,long-island-creek
main:2113,long-island-creek,33,30,False,same,long-island-creek
main:2114,long-island-creek,31,0,False,same,long-island-creek
main:2115,long-island-creek,67,59,False,same,long-island-creek
main:2116,long-island-creek,76,59,False,same,long-island-creek
main:2117,long-island-creek,46,30,False,same,long-island-creek
main:2118,long-island-creek,122,113,False,same,long-island-creek
main:2119,long-island-creek,223,239,False,same,long-island-creek
main:2120,long-island-creek,224,488,False,same,long-island-creek
main:2121,long-island-creek,285,500,False,same,long-island-creek
main:2122,long-island-creek,391,700,False,same,long-island-creek
main:2123,long-island-creek,550,788,False,same,long-island-creek
main:2124,long-island-creek,528,656,False,same,long-island-creek
main:2125,long-island-creek,381,577,False,same,long-island-creek
main:2126,long-island-creek,166,552,False,same,long-island-creek
main:2127,long-island-creek,236,422,False,same,long-island-creek
main:2128,long-island-creek,243,237,False,same,long-island-creek
main:2129,long-island-creek,263,239,False,same,long-island-creek
main:2130,long-island-creek,200,190,False,same,long-island-creek
main:2131,long-island-creek,150,345,False,same,long-island-creek
main:2132,long-island-creek,228,249,False,same,long-island-creek
main:2133,long-island-creek,151,375,False,same,long-island-creek
main:2134,long-island-creek,93,101,False,same,long-island-creek
main:2135,long-island-creek,110,227,False,same,long-island-creek
main:2136,long-island-creek,73,168,False,same,long-island-creek
main:2137,long-island-creek,44,30,False,same,long-island-creek
main:2138,long-island-creek,58,126,False,same,long-island-creek
main:2139,long-island-creek,34,0,False,same,long-island-creek
main:2140,long-island-creek,21,0,False,same,long-island-creek
main:2141,long-island-creek,42,30,False,same,long-island-creek
main:2142,long-island-creek,33,42,False,same,long-island-creek
main:2143,long-island-creek,111,118,False,same,long-island-creek
main:2144,long-island-creek,103,101,False,same,long-island-creek
main:2145,long-island-creek,30,0,False,same,long-island-creek
main:2146,long-island-creek,32,30,False,same,long-island-creek
main:2147,long-island-creek,96,59,False,same,long-island-creek
main:2148,long-island-creek,133,131,False,same,long-island-creek
main:2149,long-island-creek,64,71,False,same,long-island-creek
main:2150,long-island-creek,124,143,False,same,long-island-creek
main:2151,long-island-creek,204,261,False,same,long-island-creek
main:2152,long-island-creek,148,143,False,same,long-island-creek
main:2153,long-island-creek,64,71,False,same,long-island-creek
main:2154,long-island-creek,103,131,False,same,long-island-creek
main:2155,long-island-creek,208,197,False,same,long-island-creek
main:2156,long-island-creek,310,357,False,same,long-island-creek
main:2157,long-island-creek,256,244,False,same,long-island-creek
main:2158,long-island-creek,199,160,False,same,long-island-creek
main:2159,long-island-creek,74,30,False,same,long-island-creek
main:2160,long-island-creek,125,30,False,same,long-island-creek
main:2161,long-island-creek,74,0,False,same,long-island-creek
main:2162,long-island-creek,93,30,False,same,long-island-creek
main:2163,long-island-creek,10,0,False,same,long-island-creek
main:2164,long-island-creek,19,30,False,same,long-island-creek
main:2165,long-island-creek,41,71,False,same,long-island-creek
main:2166,long-island-creek,92,155,False,same,long-island-creek
main:2167,long-island-creek,100,101,False,same,long-island-creek
main:2168,long-island-creek,154,143,False,same,long-island-creek
main:2169,long-island-creek,113,59,False,same,long-island-creek
main:2170,long-island-creek,21,0,False,same,long-island-creek
main:2171,long-island-creek,49,30,False,same,long-island-creek
main:2172,long-island-creek,38,30,False,same,long-island-creek
main:2173,long-island-creek,97,89,False,same,long-island-creek
main:2174,long-island-creek,60,42,False,same,long-island-creek
main:2175,long-island-creek,23,0,False,same,long-island-creek
main:2176,long-island-creek,44,30,False,same,long-island-creek
main:2177,long-island-creek,26,0,False,same,long-island-creek
main:2178,long-island-creek,30,30,False,same,long-island-creek
main:2179,long-island-creek,58,0,False,same,long-island-creek
main:2180,long-island-creek,10,0,False,same,long-island-creek
main:2181,long-island-creek,16,0,False,same,long-island-creek
main:2182,long-island-creek,42,84,False,same,long-island-creek
main:2183,long-island-creek,130,42,False,same,long-island-creek
main:2184,long-island-creek,75,59,False,same,long-island-creek
main:2185,long-island-creek,76,71,False,same,long-island-creek
main:2186,long-island-creek,177,30,False,same,long-island-creek
main:2187,long-island-creek,212,30,False,same,long-island-creek
main:2188,long-island-creek,279,89,False,same,long-island-creek
main:2189,long-island-creek,148,84,False,same,long-island-creek
main:2190,long-island-creek,138,113,False,same,long-island-creek
main:2191,long-island-creek,158,155,False,same,long-island-creek
main:2192,long-island-creek,26,30,False,same,long-island-creek
main:2193,long-island-creek,125,155,False,same,long-island-creek
main:2194,long-island-creek,100,84,False,same,long-island-creek
main:2195,long-island-creek,96,59,False,same,long-island-creek
main:2196,long-island-creek,40,30,False,same,long-island-creek
main:2197,long-island-creek,40,30,False,same,long-island-creek
main:2198,long-island-creek,26,30,False,same,long-island-creek
main:2220,glover-creek,932,984,False,reassigned,mainstem
main:2221,glover-creek,764,782,False,reassigned,mainstem
main:2222,glover-creek,557,563,False,reassigned,mainstem
main:2223,glover-creek,353,355,False,reassigned,mainstem
main:2224,glover-creek,161,160,False,reassigned,mainstem
main:2225,glover-creek,9,0,False,same,glover-creek
main:2226,glover-creek,8,0,False,same,glover-creek
main:2227,glover-creek,4,0,False,same,glover-creek
main:2228,glover-creek,6,0,False,same,glover-creek
main:2229,glover-creek,8,0,False,same,glover-creek
main:2230,glover-creek,21,0,False,same,glover-creek
main:2231,glover-creek,233,321,False,reassigned,mainstem
main:2232,glover-creek,228,279,False,reassigned,mainstem
main:2233,glover-creek,536,659,False,reassigned,mainstem
main:2234,glover-creek,638,789,False,reassigned,mainstem
main:2235,glover-creek,853,1021,False,reassigned,mainstem
main:2236,glover-creek,1078,1283,False,reassigned,mainstem
main:2237,glover-creek,1338,1544,False,reassigned,mainstem
main:2238,glover-creek,1365,1615,False,reassigned,mainstem
main:2239,big-culvert-creek,1038,1105,False,reassigned,mainstem
main:2240,big-culvert-creek,924,974,False,reassigned,mainstem
main:2241,big-culvert-creek,723,772,False,reassigned,mainstem
main:2242,big-culvert-creek,472,469,False,reassigned,mainstem
main:2243,big-culvert-creek,286,279,False,reassigned,mainstem
main:2244,big-culvert-creek,57,30,False,same,big-culvert-creek
main:2245,big-culvert-creek,5,0,False,same,big-culvert-creek
main:2246,big-culvert-creek,6,0,False,same,big-culvert-creek
main:2247,big-culvert-creek,6,0,False,same,big-culvert-creek
main:2248,big-culvert-creek,7,0,False,same,big-culvert-creek
main:2249,big-culvert-creek,9,0,False,same,big-culvert-creek
main:2250,big-culvert-creek,6,0,False,same,big-culvert-creek
main:2251,big-culvert-creek,5,0,False,same,big-culvert-creek
main:2252,big-culvert-creek,8,0,False,same,big-culvert-creek
main:2253,big-culvert-creek,16,0,False,same,big-culvert-creek
main:2254,big-culvert-creek,129,207,False,reassigned,mainstem
main:2255,big-culvert-creek,287,444,False,reassigned,mainstem
main:2256,big-culvert-creek,407,575,False,reassigned,mainstem
main:2257,big-culvert-creek,647,841,False,reassigned,mainstem
main:2258,long-hollow-branch,295,296,False,reassigned,mainstem
main:2259,long-hollow-branch,131,148,False,reassigned,mainstem
main:2260,long-hollow-branch,10,30,False,same,long-hollow-branch
main:2261,long-hollow-branch,4,131,False,reassigned,mainstem
main:2262,long-hollow-branch,14,30,False,same,long-hollow-branch
main:2263,long-hollow-branch,68,279,False,reassigned,mainstem
main:2264,long-hollow-branch,118,486,False,reassigned,mainstem
main:2265,long-hollow-branch,176,651,False,reassigned,mainstem
main:2266,long-hollow-branch,221,799,False,reassigned,mainstem
main:2267,long-hollow-branch,296,1108,False,reassigned,mainstem
main:2268,long-hollow-branch,265,1226,False,reassigned,mainstem
main:2269,long-hollow-branch,305,1493,True,reassigned,mainstem
main:2270,poplar-spring-branch,496,811,False,reassigned,mainstem
main:2271,poplar-spring-branch,471,579,False,reassigned,mainstem
main:2298,glover-branch,1625,2334,False,reassigned,mainstem
main:2299,glover-branch,1535,2440,False,reassigned,mainstem
main:2300,glover-branch,1399,2635,False,reassigned,mainstem
main:2301,glover-branch,1206,2835,False,reassigned,mainstem
main:2302,glover-branch,1145,2948,False,reassigned,mainstem
main:2303,glover-branch,973,2808,False,reassigned,mainstem
main:2304,glover-branch,822,2480,False,reassigned,mainstem
main:2305,glover-branch,769,2296,False,reassigned,mainstem
main:2306,glover-branch,770,2153,False,reassigned,mainstem
main:2307,glover-branch,804,1980,False,reassigned,mainstem
main:2308,glover-branch,903,1652,False,reassigned,mainstem
main:2309,glover-branch,1035,1467,False,reassigned,mainstem
main:2345,graham-branch,1333,1396,False,reassigned,mainstem
main:2346,graham-branch,1050,1129,False,reassigned,mainstem
main:2456,glover-creek,1033,2786,False,reassigned,mainstem
main:2457,glover-creek,949,2571,False,reassigned,mainstem
main:2470,long-island-creek,1398,2161,False,reassigned,mainstem
main:2471,long-island-creek,1549,2309,False,reassigned,mainstem
main:2472,long-island-creek,1499,2233,False,reassigned,mainstem
main:2506,widows-creek,29,30,False,same,widows-creek
main:2507,widows-creek,161,30,False,same,widows-creek
main:2508,widows-creek,500,30,False,same,widows-creek
main:2509,widows-creek,636,30,False,same,widows-creek
main:2510,long-island-creek,458,5923,True,reassigned,widows-creek
main:2511,long-island-creek,508,5906,True,reassigned,widows-creek
main:2512,widows-creek,524,30,False,same,widows-creek
main:2513,widows-creek,332,30,False,same,widows-creek
main:2514,widows-creek,189,42,False,same,widows-creek
main:2515,widows-creek,36,30,False,same,widows-creek
main:2516,widows-creek,23,0,False,same,widows-creek
main:2517,widows-creek,24,0,False,same,widows-creek
main:2518,widows-creek,22,0,False,same,widows-creek
main:2519,widows-creek,26,0,False,same,widows-creek
main:2520,widows-creek,24,0,False,same,widows-creek
main:2521,widows-creek,28,0,False,same,widows-creek
main:2522,widows-creek,30,30,False,same,widows-creek
main:2523,widows-creek,23,0,False,same,widows-creek
main:2524,widows-creek,26,0,False,same,widows-creek
main:2525,widows-creek,26,0,False,same,widows-creek
main:2526,widows-creek,22,0,False,same,widows-creek
main:2527,widows-creek,34,30,False,same,widows-creek
main:2528,widows-creek,144,155,False,reassigned,horn-branch
main:2529,widows-creek,112,113,False,reassigned,horn-branch
main:2530,widows-creek,20,0,False,same,widows-creek
main:2531,widows-creek,79,42,False,same,widows-creek
main:2532,widows-creek,55,59,False,same,widows-creek
main:2533,widows-creek,19,0,False,same,widows-creek
main:2534,widows-creek,12,0,False,same,widows-creek
main:2535,widows-creek,90,84,False,same,widows-creek
main:2536,widows-creek,30,0,False,same,widows-creek
main:2537,widows-creek,21,30,False,same,widows-creek
main:2538,widows-creek,72,42,False,same,widows-creek
main:2539,widows-creek,46,30,False,same,widows-creek
main:2540,widows-creek,75,59,False,same,widows-creek
main:2541,widows-creek,32,30,False,same,widows-creek
main:2542,widows-creek,26,0,False,same,widows-creek
main:2543,widows-creek,27,30,False,same,widows-creek
main:2544,widows-creek,26,0,False,same,widows-creek
main:2545,widows-creek,25,0,False,same,widows-creek
main:2546,widows-creek,30,0,False,same,widows-creek
main:2547,widows-creek,25,0,False,same,widows-creek
main:2548,widows-creek,23,30,False,same,widows-creek
main:2549,widows-creek,24,0,False,same,widows-creek
main:2550,widows-creek,23,0,False,same,widows-creek
main:2551,widows-creek,22,0,False,same,widows-creek
main:2552,widows-creek,23,0,False,same,widows-creek
main:2553,widows-creek,32,0,False,same,widows-creek
main:2572,crooked-branch,516,654,False,same,crooked-branch
main:2573,crooked-branch,424,582,False,same,crooked-branch
main:2614,pump-spring-branch,727,860,False,reassigned,mainstem
main:2641,crow-creek,272,261,False,same,crow-creek
main:2642,crow-creek,297,422,False,same,crow-creek
main:2643,crow-creek,414,565,False,same,crow-creek
main:2644,crow-creek,359,648,False,same,crow-creek
main:2645,crow-creek,264,577,False,same,crow-creek
main:2646,crow-creek,251,565,False,same,crow-creek
main:2647,crow-creek,145,131,False,same,crow-creek
main:2648,crow-creek,178,155,False,same,crow-creek
main:2649,crow-creek,173,185,False,same,crow-creek
main:2650,crow-creek,317,323,False,same,crow-creek
main:2651,crow-creek,337,340,False,same,crow-creek
main:2652,crow-creek,222,232,False,same,crow-creek
main:2653,crow-creek,351,355,False,same,crow-creek
main:2654,crow-creek,376,355,False,same,crow-creek
main:2655,crow-creek,315,316,False,same,crow-creek
main:2656,crow-creek,261,237,False,same,crow-creek
main:2657,crow-creek,189,173,False,same,crow-creek
main:2658,crow-creek,154,118,False,same,crow-creek
main:2659,crow-creek,203,214,False,same,crow-creek
main:2660,crow-creek,286,266,False,same,crow-creek
main:2661,crow-creek,326,308,False,same,crow-creek
main:2662,crow-creek,212,190,False,same,crow-creek
main:2663,crow-creek,296,335,False,same,crow-creek
main:2664,crow-creek,385,412,False,same,crow-creek
main:2665,crow-creek,534,577,False,same,crow-creek
main:2666,crow-creek,440,481,False,same,crow-creek
main:2667,crow-creek,526,547,False,same,crow-creek
main:2668,crow-creek,353,385,False,same,crow-creek
main:2669,crow-creek,196,207,False,same,crow-creek
main:2670,crow-creek,41,42,False,same,crow-creek
main:2671,crow-creek,78,71,False,same,crow-creek
main:2672,crow-creek,373,392,False,same,crow-creek
main:2673,crow-creek,503,535,False,same,crow-creek
main:2674,crow-creek,392,434,False,same,crow-creek
main:2675,crow-creek,351,365,False,same,crow-creek
main:2676,crow-creek,502,520,False,same,crow-creek
main:2677,crow-creek,543,544,False,same,crow-creek
main:2678,crow-creek,740,759,False,same,crow-creek
main:2679,crow-creek,877,921,False,same,crow-creek
main:2680,crow-creek,1022,1118,False,same,crow-creek
main:2681,crow-creek,964,1195,False,same,crow-creek
main:2682,crow-creek,818,1074,False,same,crow-creek
main:2683,crow-creek,626,853,False,same,crow-creek
main:2684,crow-creek,545,680,False,same,crow-creek
main:2685,crow-creek,428,508,False,same,crow-creek
main:2686,crow-creek,330,323,False,same,crow-creek
main:2687,crow-creek,355,352,False,same,crow-creek
main:2688,crow-creek,261,220,False,same,crow-creek
main:2689,crow-creek,235,237,False,same,crow-creek
main:2690,crow-creek,226,237,False,same,crow-creek
main:2691,crow-creek,240,249,False,same,crow-creek
main:2692,crow-creek,384,394,False,same,crow-creek
main:2693,crow-creek,491,525,False,same,crow-creek
main:2694,crow-creek,711,717,False,same,crow-creek
main:2695,crow-creek,754,806,False,same,crow-creek
main:2696,crow-creek,852,872,False,same,crow-creek
main:2697,crow-creek,987,1027,False,same,crow-creek
main:2698,crow-creek,973,1045,False,same,crow-creek
main:2699,crow-creek,779,825,False,same,crow-creek
main:2700,crow-creek,630,645,False,same,crow-creek
main:2701,crow-creek,479,461,False,same,crow-creek
main:2702,crow-creek,358,375,False,same,crow-creek
main:2703,crow-creek,476,505,False,same,crow-creek
main:2704,crow-creek,398,464,False,same,crow-creek
main:2705,crow-creek,229,214,False,same,crow-creek
main:2706,crow-creek,290,143,False,same,crow-creek
main:2707,crow-creek,480,148,False,same,crow-creek
main:2708,crow-creek,639,185,False,same,crow-creek
main:2709,crow-creek,609,89,False,same,crow-creek
main:2710,crow-creek,558,0,False,same,crow-creek
main:2711,crow-creek,212,298,False,same,crow-creek
main:2712,crow-creek,62,42,False,same,crow-creek
main:2713,crow-creek,48,30,False,same,crow-creek
main:2714,crow-creek,301,239,False,same,crow-creek
main:2715,crow-creek,517,30,False,same,crow-creek
main:2716,crow-creek,581,71,False,same,crow-creek
main:2717,crow-creek,576,71,False,same,crow-creek
main:2718,crow-creek,478,308,False,same,crow-creek
main:2719,crow-creek,485,303,False,same,crow-creek
main:2720,crow-creek,332,316,False,same,crow-creek
main:2721,crow-creek,249,375,False,same,crow-creek
main:2722,crow-creek,209,274,False,same,crow-creek
main:2723,crow-creek,84,160,False,same,crow-creek
main:2724,crow-creek,50,0,False,same,crow-creek
main:2725,crow-creek,21,232,False,same,crow-creek
main:2726,crow-creek,63,0,False,same,crow-creek
main:2727,crow-creek,271,0,False,same,crow-creek
main:2728,crow-creek,324,59,False,same,crow-creek
main:2729,crow-creek,486,244,False,same,crow-creek
main:2730,crow-creek,399,131,False,same,crow-creek
main:2731,crow-creek,308,84,False,same,crow-creek
main:2732,crow-creek,319,269,False,same,crow-creek
main:2733,crow-creek,285,113,False,same,crow-creek
main:2734,crow-creek,288,71,False,same,crow-creek
main:2735,crow-creek,47,30,False,same,crow-creek
main:2736,crow-creek,31,0,False,same,crow-creek
main:2737,crow-creek,95,101,False,same,crow-creek
main:2738,crow-creek,59,71,False,same,crow-creek
main:2739,crow-creek,18,0,False,same,crow-creek
main:2740,crow-creek,12,0,False,same,crow-creek
main:2741,crow-creek,184,30,False,same,crow-creek
main:2742,crow-creek,321,101,False,same,crow-creek
main:2743,crow-creek,314,89,False,same,crow-creek
main:2744,crow-creek,296,71,False,same,crow-creek
main:2745,crow-creek,300,0,False,same,crow-creek
main:2746,crow-creek,176,0,False,same,crow-creek
main:2747,crow-creek,29,0,False,same,crow-creek
main:2748,crow-creek,112,0,False,same,crow-creek
main:2749,crow-creek,281,0,False,same,crow-creek
main:2750,crow-creek,222,0,False,same,crow-creek
main:2751,crow-creek,302,30,False,same,crow-creek
main:2752,crow-creek,179,0,False,same,crow-creek
main:2753,crow-creek,186,131,False,same,crow-creek
main:2754,crow-creek,120,0,False,same,crow-creek
main:2755,crow-creek,119,131,False,same,crow-creek
main:2756,crow-creek,21,0,False,same,crow-creek
main:2757,crow-creek,0,0,False,same,crow-creek
main:2758,crow-creek,42,30,False,same,crow-creek
main:2759,crow-creek,13,30,False,same,crow-creek
main:2760,crow-creek,19,0,False,same,crow-creek
main:2761,crow-creek,20,0,False,same,crow-creek
main:2762,crow-creek,32,0,False,same,crow-creek
main:2763,crow-creek,8,0,False,same,crow-creek
main:2764,crow-creek,94,328,False,same,crow-creek
main:2765,crow-creek,158,417,False,same,crow-creek
main:2766,crow-creek,84,30,False,same,crow-creek
main:2767,crow-creek,209,392,False,same,crow-creek
main:2768,crow-creek,156,148,False,same,crow-creek
main:2769,crow-creek,86,42,False,same,crow-creek
main:2770,crow-creek,48,30,False,same,crow-creek
main:2771,crow-creek,36,30,False,same,crow-creek
main:2772,crow-creek,70,30,False,same,crow-creek
main:2773,crow-creek,16,0,False,same,crow-creek
main:2774,crow-creek,123,84,False,same,crow-creek
main:2775,crow-creek,24,30,False,same,crow-creek
main:2776,crow-creek,28,0,False,same,crow-creek
main:2777,crow-creek,102,173,False,same,crow-creek
main:2778,crow-creek,144,261,False,same,crow-creek
main:2779,crow-creek,48,30,False,same,crow-creek
main:2780,crow-creek,176,328,False,same,crow-creek
main:2781,crow-creek,200,239,False,same,crow-creek
main:2782,crow-creek,281,464,False,reassigned,slaton-branch
main:2783,crow-creek,355,535,False,reassigned,slaton-branch
main:2784,slaton-branch,175,173,False,same,slaton-branch
main:2785,crow-creek,425,922,False,reassigned,slaton-branch
main:2786,crow-creek,315,1023,False,reassigned,slaton-branch
main:2787,slaton-branch,209,209,False,same,slaton-branch
main:2788,slaton-branch,243,281,False,same,slaton-branch
main:2789,crow-creek,568,1144,False,reassigned,slaton-branch
main:2790,crow-creek,396,1351,False,reassigned,slaton-branch
main:2791,crow-creek,516,1274,False,reassigned,slaton-branch
main:2792,crow-creek,605,1114,False,reassigned,slaton-branch
main:2793,crow-creek,619,1477,False,reassigned,slaton-branch
main:2794,crow-creek,571,1519,False,reassigned,slaton-branch
main:2795,crow-creek,475,1625,False,reassigned,slaton-branch
main:2796,crow-creek,554,1482,False,reassigned,slaton-branch
main:2797,crow-creek,591,1513,False,reassigned,slaton-branch
main:2798,crow-creek,799,1487,False,reassigned,slaton-branch
main:2799,slaton-branch,395,710,False,same,slaton-branch
main:2800,slaton-branch,347,764,False,same,slaton-branch
main:2801,slaton-branch,367,651,False,same,slaton-branch
main:2802,slaton-branch,339,370,False,same,slaton-branch
main:2803,slaton-branch,143,155,False,same,slaton-branch
main:2804,slaton-branch,154,126,False,same,slaton-branch
main:2805,slaton-branch,137,113,False,same,slaton-branch
main:2806,slaton-branch,134,113,False,same,slaton-branch
main:2807,slaton-branch,174,155,False,same,slaton-branch
main:2808,slaton-branch,274,321,False,same,slaton-branch
main:2809,slaton-branch,294,296,False,same,slaton-branch
main:2810,slaton-branch,185,173,False,same,slaton-branch
main:2811,slaton-branch,276,281,False,same,slaton-branch
main:2812,slaton-branch,199,197,False,same,slaton-branch
main:2813,slaton-branch,125,101,False,same,slaton-branch
main:2814,slaton-branch,222,173,False,same,slaton-branch
main:2815,slaton-branch,144,143,False,same,slaton-branch
main:2816,slaton-branch,124,113,False,same,slaton-branch
main:2817,slaton-branch,98,113,False,same,slaton-branch
main:2818,slaton-branch,84,59,False,same,slaton-branch
main:2819,slaton-branch,8,0,False,same,slaton-branch
main:2820,slaton-branch,108,113,False,same,slaton-branch
main:2821,slaton-branch,70,59,False,same,slaton-branch
main:2822,slaton-branch,56,59,False,same,slaton-branch
main:2823,slaton-branch,188,42,False,same,slaton-branch
main:2824,slaton-branch,346,42,False,same,slaton-branch
main:2825,slaton-branch,439,0,False,same,slaton-branch
main:2826,slaton-branch,334,30,False,same,slaton-branch
main:2827,slaton-branch,176,71,False,same,slaton-branch
main:2828,slaton-branch,258,227,False,same,slaton-branch
main:2829,slaton-branch,289,281,False,same,slaton-branch
main:2830,slaton-branch,140,126,False,same,slaton-branch
main:2831,slaton-branch,195,155,False,same,slaton-branch
main:2832,slaton-branch,127,118,False,same,slaton-branch
main:2833,slaton-branch,113,101,False,same,slaton-branch
main:2834,slaton-branch,184,168,False,same,slaton-branch
main:2835,slaton-branch,258,237,False,same,slaton-branch
main:2836,slaton-branch,180,168,False,same,slaton-branch
main:2837,slaton-branch,131,113,False,same,slaton-branch
main:2838,slaton-branch,174,168,False,same,slaton-branch
main:2839,slaton-branch,137,126,False,same,slaton-branch
main:2840,slaton-branch,198,209,False,same,slaton-branch
main:2841,slaton-branch,141,126,False,same,slaton-branch
main:2842,slaton-branch,137,126,False,same,slaton-branch
main:2843,crow-creek,455,474,False,reassigned,slaton-branch
main:2844,crow-creek,500,530,False,reassigned,slaton-branch
main:2845,slaton-branch,382,113,False,same,slaton-branch
main:2846,slaton-branch,412,84,False,same,slaton-branch
main:2847,slaton-branch,426,71,False,same,slaton-branch
main:2848,slaton-branch,339,30,False,same,slaton-branch
main:2849,slaton-branch,423,30,False,same,slaton-branch
main:2850,slaton-branch,579,42,False,same,slaton-branch
main:2851,slaton-branch,708,197,False,same,slaton-branch
main:2852,slaton-branch,537,0,False,same,slaton-branch
main:2853,slaton-branch,636,0,False,same,slaton-branch
main:2854,slaton-branch,443,30,False,same,slaton-branch
main:2855,slaton-branch,519,59,False,same,slaton-branch
main:2856,slaton-branch,634,42,False,same,slaton-branch
main:2857,slaton-branch,677,0,False,same,slaton-branch
main:2858,crow-creek,906,1266,False,reassigned,slaton-branch
main:2859,slaton-branch,614,42,False,same,slaton-branch
main:2860,crow-creek,792,830,False,reassigned,slaton-branch
main:2861,crow-creek,618,604,False,reassigned,slaton-branch
main:2862,crow-creek,399,406,False,reassigned,slaton-branch
main:2863,crow-creek,319,323,False,reassigned,slaton-branch
main:2864,crow-creek,360,365,False,same,crow-creek
main:2865,crow-creek,351,352,False,same,crow-creek
main:2866,crow-creek,414,434,False,same,crow-creek
main:2867,crow-creek,262,274,False,same,crow-creek
main:2868,crow-creek,118,84,False,same,crow-creek
main:2869,crow-creek,32,30,False,same,crow-creek
main:2870,crow-creek,126,89,False,same,crow-creek
main:2871,crow-creek,236,0,False,same,crow-creek
main:2872,crow-creek,250,207,False,same,crow-creek
main:2873,crow-creek,258,249,False,same,crow-creek
main:2874,crow-creek,157,160,False,same,crow-creek
main:2875,crow-creek,235,207,False,same,crow-creek
main:2876,crow-creek,248,207,False,same,crow-creek
main:2877,crow-creek,342,321,False,same,crow-creek
main:2878,crow-creek,394,368,False,same,crow-creek
main:2879,crow-creek,496,495,False,same,crow-creek
main:2880,crow-creek,459,476,False,same,crow-creek
main:2881,crow-creek,341,335,False,same,crow-creek
main:2882,crow-creek,324,345,False,same,crow-creek
main:2883,crow-creek,226,321,False,same,crow-creek
main:2884,crow-creek,185,190,False,same,crow-creek
main:2885,crow-creek,244,227,False,same,crow-creek
main:2886,crow-creek,195,178,False,same,crow-creek
main:2887,crow-creek,97,89,False,same,crow-creek
main:2888,crow-creek,38,30,False,same,crow-creek
main:2918,crow-creek,243,5147,True,reassigned,brogue-branch
main:2919,crow-creek,407,5029,True,reassigned,brogue-branch
main:2921,crow-creek,661,4724,True,reassigned,brogue-branch
main:2922,crow-creek,558,4908,True,reassigned,brogue-branch
main:2923,crow-creek,700,4778,True,reassigned,brogue-branch
main:2924,crow-creek,722,4664,True,reassigned,brogue-branch
main:2925,marshall-branch,547,3391,True,reassigned,brogue-branch
main:2926,marshall-branch,530,3152,True,reassigned,brogue-branch
main:2927,marshall-branch,595,2913,True,reassigned,brogue-branch
main:2928,marshall-branch,674,2757,True,reassigned,brogue-branch
main:2930,brogue-branch,541,118,False,same,brogue-branch
main:2931,marshall-branch,862,2684,False,reassigned,brogue-branch
main:2932,marshall-branch,837,2903,False,reassigned,brogue-branch
main:2933,brogue-branch,603,338,False,same,brogue-branch
main:2934,brogue-branch,455,451,False,same,brogue-branch
main:2935,brogue-branch,566,279,False,same,brogue-branch
main:2936,brogue-branch,486,71,False,same,brogue-branch
main:2943,brogue-branch,80,113,False,same,brogue-branch
main:2944,brogue-branch,56,30,False,same,brogue-branch
main:2945,brogue-branch,7,0,False,same,brogue-branch
main:2946,brogue-branch,19,0,False,same,brogue-branch
main:2947,brogue-branch,50,30,False,same,brogue-branch
main:2948,brogue-branch,93,71,False,same,brogue-branch
main:2949,brogue-branch,139,0,False,same,brogue-branch
main:2950,brogue-branch,276,89,False,same,brogue-branch
main:2951,brogue-branch,437,89,False,same,brogue-branch
main:2952,brogue-branch,526,42,False,same,brogue-branch
main:2953,brogue-branch,343,89,False,same,brogue-branch
main:2954,brogue-branch,200,42,False,same,brogue-branch
main:2968,nichols-branch,1018,1060,False,reassigned,mainstem
main:2969,nichols-branch,1066,1025,False,reassigned,mainstem
main:2970,nichols-branch,1247,1269,False,reassigned,mainstem
main:2971,nichols-branch,1258,1193,False,reassigned,mainstem
main:2972,nichols-branch,1322,1341,False,reassigned,mainstem
main:2973,nichols-branch,1267,1282,False,reassigned,mainstem
main:2974,nichols-branch,1191,1139,False,reassigned,mainstem
main:2975,nichols-branch,1017,983,False,reassigned,mainstem
main:2976,nichols-branch,944,900,False,reassigned,mainstem
main:3000,nichols-branch,1016,1983,False,reassigned,mainstem
main:3004,nichols-branch,1010,2499,False,reassigned,mainstem
main:3005,nichols-branch,1105,2694,False,reassigned,mainstem
main:3006,nichols-branch,1143,2879,False,reassigned,mainstem
main:3007,nichols-branch,1073,3093,False,reassigned,mainstem
main:3008,nichols-branch,1186,3128,False,reassigned,mainstem
main:3009,nichols-branch,1390,3288,False,reassigned,mainstem
main:3010,nichols-branch,1537,3354,False,reassigned,mainstem
main:3011,nichols-branch,1461,3152,False,reassigned,mainstem
main:3012,nichols-branch,1338,2980,False,reassigned,mainstem
main:3013,nichols-branch,1331,2844,False,reassigned,mainstem
main:3014,nichols-branch,1420,2730,False,reassigned,mainstem
main:3015,nichols-branch,1571,2876,False,reassigned,mainstem
main:3016,nichols-branch,1772,2972,False,reassigned,mainstem
main:3017,nichols-branch,1745,2818,False,reassigned,mainstem
main:3018,nichols-branch,1673,2658,False,reassigned,mainstem
main:3019,nichols-branch,1690,2579,False,reassigned,mainstem
main:3020,nichols-branch,1731,2577,False,reassigned,mainstem
main:3021,nichols-branch,1917,2755,False,reassigned,mainstem
main:3022,nichols-branch,1758,2600,False,reassigned,mainstem
main:3023,nichols-branch,1674,2612,False,reassigned,mainstem
main:3024,nichols-branch,1589,2410,False,reassigned,mainstem
main:3025,nichols-branch,1393,2232,False,reassigned,mainstem
main:3026,nichols-branch,1182,2025,False,reassigned,mainstem
main:3027,nichols-branch,1152,2042,False,reassigned,mainstem
main:3028,nichols-branch,1216,2262,False,reassigned,mainstem
main:3029,nichols-branch,1320,2464,False,reassigned,mainstem
main:3030,nichols-branch,1278,2654,False,reassigned,mainstem
main:3031,nichols-branch,1113,2481,False,reassigned,mainstem
main:3032,nichols-branch,1020,2208,False,reassigned,mainstem
main:3033,nichols-branch,1061,1971,False,reassigned,mainstem
main:3034,nichols-branch,1047,1810,False,reassigned,mainstem
main:3036,nichols-branch,1125,1774,False,reassigned,mainstem
main:3037,nichols-branch,996,1660,False,reassigned,mainstem
main:3038,nichols-branch,990,1697,False,reassigned,mainstem
main:3040,nichols-branch,955,1231,False,reassigned,mainstem
main:3041,nichols-branch,1122,1366,False,reassigned,mainstem
main:3042,nichols-branch,1167,1544,False,reassigned,mainstem
main:3043,nichols-branch,1168,1657,False,reassigned,mainstem
main:3044,nichols-branch,1142,1837,False,reassigned,mainstem
main:3045,nichols-branch,1093,1699,False,reassigned,mainstem
main:3046,nichols-branch,1066,1438,False,reassigned,mainstem
main:3047,nichols-branch,987,1403,False,reassigned,mainstem
main:3048,nichols-branch,900,1511,False,reassigned,mainstem
main:3049,nichols-branch,933,1332,False,reassigned,mainstem
main:3078,mud-creek,26,30,False,same,mud-creek
main:3079,mud-creek,88,0,False,same,mud-creek
main:3080,mud-creek,71,42,False,same,mud-creek
main:3093,coon-creek,424,5474,True,reassigned,mud-creek
main:3099,coon-creek,634,5874,True,reassigned,mud-creek
main:3101,coon-creek,448,5432,True,reassigned,mud-creek
main:3102,coon-creek,506,5295,True,reassigned,mud-creek
main:3103,coon-creek,609,5097,True,reassigned,mud-creek
main:3104,coon-creek,766,4905,True,reassigned,mud-creek
main:3105,coon-creek,609,5115,True,reassigned,mud-creek
main:3106,coon-creek,779,4952,True,reassigned,mud-creek
main:3107,mud-creek,1403,0,False,same,mud-creek
main:3108,coon-creek,874,4977,True,reassigned,mud-creek
main:3109,mud-creek,1348,71,False,same,mud-creek
main:3110,mud-creek,1141,84,False,same,mud-creek
main:3111,mud-creek,1019,126,False,same,mud-creek
main:3112,mud-creek,896,113,False,same,mud-creek
main:3113,mud-creek,752,126,False,same,mud-creek
main:3114,mud-creek,577,143,False,same,mud-creek
main:3115,mud-creek,409,155,False,same,mud-creek
main:3116,mud-creek,309,168,False,same,mud-creek
main:3117,mud-creek,105,59,False,same,mud-creek
main:3118,mud-creek,158,155,False,same,mud-creek
main:3119,mud-creek,341,350,False,same,mud-creek
main:3120,mud-creek,469,469,False,same,mud-creek
main:3121,mud-creek,308,296,False,same,mud-creek
main:3122,mud-creek,357,363,False,same,mud-creek
main:3123,mud-creek,460,490,False,same,mud-creek
main:3124,mud-creek,560,544,False,same,mud-creek
main:3125,mud-creek,535,520,False,same,mud-creek
main:3126,mud-creek,385,365,False,same,mud-creek
main:3127,mud-creek,264,281,False,same,mud-creek
main:3128,mud-creek,371,365,False,same,mud-creek
main:3129,mud-creek,359,380,False,same,mud-creek
main:3130,mud-creek,493,523,False,same,mud-creek
main:3131,mud-creek,664,695,False,same,mud-creek
main:3132,mud-creek,779,821,False,same,mud-creek
main:3133,mud-creek,876,947,False,same,mud-creek
main:3134,mud-creek,998,1072,False,same,mud-creek
main:3135,mud-creek,905,966,False,same,mud-creek
main:3136,mud-creek,701,752,False,same,mud-creek
main:3137,mud-creek,584,609,False,same,mud-creek
main:3138,mud-creek,404,424,False,same,mud-creek
main:3139,mud-creek,395,385,False,same,mud-creek
main:3140,mud-creek,380,293,False,same,mud-creek
main:3141,mud-creek,508,345,False,same,mud-creek
main:3142,mud-creek,653,439,False,same,mud-creek
main:3143,mud-creek,663,338,False,same,mud-creek
main:3144,mud-creek,783,143,False,same,mud-creek
main:3145,mud-creek,913,173,False,same,mud-creek
main:3146,mud-creek,1083,155,False,same,mud-creek
main:3147,mud-creek,1187,281,False,same,mud-creek
main:3148,mud-creek,1199,118,False,same,mud-creek
main:3149,mud-creek,1234,113,False,same,mud-creek
main:3150,mud-creek,1348,148,False,same,mud-creek
main:3151,mud-creek,1426,232,False,same,mud-creek
main:3152,mud-creek,1634,429,False,same,mud-creek
main:3153,mud-creek,1696,488,False,same,mud-creek
main:3154,mud-creek,1527,310,False,same,mud-creek
main:3155,mud-creek,1355,126,False,same,mud-creek
main:3156,mud-creek,1414,118,False,same,mud-creek
main:3157,mud-creek,1325,59,False,same,mud-creek
main:3158,mud-creek,1397,59,False,same,mud-creek
main:3159,mud-creek,1567,42,False,same,mud-creek
main:3160,mud-creek,1651,30,False,same,mud-creek
main:3161,mud-creek,1783,59,False,same,mud-creek
main:3162,mud-creek,1970,118,False,same,mud-creek
main:3163,mud-creek,1759,30,False,same,mud-creek
main:3164,mud-creek,1742,30,False,same,mud-creek
main:3165,mud-creek,1674,0,False,same,mud-creek
main:3166,mud-creek,1692,30,False,same,mud-creek
main:3167,mud-creek,1658,185,False,same,mud-creek
main:3168,mud-creek,1624,155,False,same,mud-creek
main:3169,mud-creek,1527,143,False,same,mud-creek
main:3170,mud-creek,1326,148,False,same,mud-creek
main:3171,mud-creek,1295,59,False,same,mud-creek
main:3172,mud-creek,1258,30,False,same,mud-creek
main:3173,mud-creek,1113,30,False,same,mud-creek
main:3174,mud-creek,1060,0,False,same,mud-creek
main:3175,mud-creek,1052,42,False,same,mud-creek
main:3176,mud-creek,1112,71,False,same,mud-creek
main:3177,mud-creek,1073,197,False,same,mud-creek
main:3178,mud-creek,1047,202,False,same,mud-creek
main:3179,mud-creek,1019,197,False,same,mud-creek
main:3180,mud-creek,1074,118,False,same,mud-creek
main:3181,mud-creek,978,148,False,same,mud-creek
main:3182,mud-creek,979,239,False,same,mud-creek
main:3183,mud-creek,840,168,False,same,mud-creek
main:3184,mud-creek,807,113,False,same,mud-creek
main:3185,mud-creek,931,227,False,same,mud-creek
main:3186,mud-creek,833,168,False,same,mud-creek
main:3187,mud-creek,683,42,False,same,mud-creek
main:3188,mud-creek,626,0,False,same,mud-creek
main:3189,mud-creek,499,178,False,same,mud-creek
main:3190,mud-creek,552,143,False,same,mud-creek
main:3191,mud-creek,588,101,False,same,mud-creek
main:3192,mud-creek,534,126,False,same,mud-creek
main:3193,mud-creek,399,143,False,same,mud-creek
main:3194,mud-creek,367,316,False,same,mud-creek
main:3195,mud-creek,454,471,False,same,mud-creek
main:3196,mud-creek,434,636,False,same,mud-creek
main:3197,mud-creek,285,685,False,same,mud-creek
main:3198,mud-creek,244,429,False,same,mud-creek
main:3199,mud-creek,193,232,False,same,mud-creek
main:3200,mud-creek,26,0,False,same,mud-creek
main:3201,mud-creek,116,113,False,same,mud-creek
main:3202,mud-creek,200,190,False,same,mud-creek
main:3203,mud-creek,228,220,False,same,mud-creek
main:3204,mud-creek,189,173,False,same,mud-creek
main:3205,mud-creek,194,178,False,same,mud-creek
main:3206,mud-creek,169,148,False,same,mud-creek
main:3207,mud-creek,131,118,False,same,mud-creek
main:3208,mud-creek,264,239,False,same,mud-creek
main:3209,mud-creek,130,155,False,same,mud-creek
main:3210,mud-creek,154,143,False,same,mud-creek
main:3211,mud-creek,170,160,False,same,mud-creek
main:3212,mud-creek,306,310,False,same,mud-creek
main:3213,mud-creek,455,448,False,same,mud-creek
main:3214,mud-creek,623,616,False,same,mud-creek
main:3215,mud-creek,673,747,False,same,mud-creek
main:3216,mud-creek,783,813,False,same,mud-creek
main:3217,mud-creek,940,973,False,same,mud-creek
main:3218,mud-creek,1080,1121,False,same,mud-creek
main:3219,mud-creek,1090,1203,False,same,mud-creek
main:3220,mud-creek,1250,1324,False,same,mud-creek
main:3221,mud-creek,1430,1538,False,same,mud-creek
main:3222,mud-creek,1555,1664,False,same,mud-creek
main:3223,mud-creek,1588,1698,False,same,mud-creek
main:3224,mud-creek,1769,1901,False,same,mud-creek
main:3225,mud-creek,1861,2019,False,same,mud-creek
main:3226,mud-creek,2030,2192,False,same,mud-creek
main:3227,mud-creek,2160,2305,False,same,mud-creek
main:3228,mud-creek,2062,2239,False,same,mud-creek
main:3229,mud-creek,2039,2189,False,same,mud-creek
main:3230,mud-creek,2059,2212,False,same,mud-creek
main:3231,mud-creek,2203,2377,False,same,mud-creek
main:3232,mud-creek,2391,2567,False,same,mud-creek
main:3233,mud-creek,2526,2722,False,same,mud-creek
main:3234,mud-creek,2580,2782,False,same,mud-creek
main:3235,mud-creek,2678,2942,False,same,mud-creek
main:3236,mud-creek,2706,2954,False,same,mud-creek
main:3237,mud-creek,2644,2870,False,same,mud-creek
main:3238,mud-creek,2540,2752,False,same,mud-creek
main:3239,mud-creek,2394,2567,False,same,mud-creek
main:3240,mud-creek,2330,2483,False,same,mud-creek
main:3241,mud-creek,2246,2449,False,same,mud-creek
main:3242,mud-creek,2150,2330,False,same,mud-creek
main:3243,mud-creek,1954,2195,False,same,mud-creek
main:3244,mud-creek,1875,2010,False,same,mud-creek
main:3245,mud-creek,1616,1785,False,same,mud-creek
main:3246,mud-creek,1602,1743,False,same,mud-creek
main:3247,mud-creek,1453,1553,False,same,mud-creek
main:3248,mud-creek,1333,1494,False,same,mud-creek
main:3249,mud-creek,1317,1536,False,same,mud-creek
main:3250,mud-creek,1240,1440,False,same,mud-creek
main:3251,mud-creek,1172,1292,False,same,mud-creek
main:3252,mud-creek,1058,1173,False,same,mud-creek
main:3253,mud-creek,985,1053,False,same,mud-creek
main:3254,mud-creek,730,767,False,same,mud-creek
main:3255,mud-creek,623,750,False,same,mud-creek
main:3256,mud-creek,459,493,False,same,mud-creek
main:3257,mud-creek,314,308,False,same,mud-creek
main:3258,mud-creek,242,249,False,same,mud-creek
main:3259,mud-creek,176,173,False,same,mud-creek
main:3260,mud-creek,342,333,False,reassigned,blue-spring-brook
main:3261,mud-creek,278,266,False,reassigned,blue-spring-brook
main:3262,mud-creek,428,439,False,reassigned,blue-spring-brook
main:3263,mud-creek,572,654,False,reassigned,blue-spring-brook
main:3264,mud-creek,549,558,False,reassigned,blue-spring-brook
main:3265,mud-creek,544,575,False,reassigned,blue-spring-brook
main:3266,mud-creek,807,812,False,reassigned,blue-spring-brook
main:3267,blue-spring-brook,597,340,False,same,blue-spring-brook
main:3268,mud-creek,1072,1127,False,reassigned,blue-spring-brook
main:3269,blue-spring-brook,607,377,False,same,blue-spring-brook
main:3270,blue-spring-brook,512,310,False,same,blue-spring-brook
main:3271,blue-spring-brook,422,286,False,same,blue-spring-brook
main:3272,blue-spring-brook,358,335,False,same,blue-spring-brook
main:3273,blue-spring-brook,215,185,False,same,blue-spring-brook
main:3274,blue-spring-brook,247,197,False,same,blue-spring-brook
main:3275,blue-spring-brook,253,168,False,same,blue-spring-brook
main:3276,blue-spring-brook,348,286,False,same,blue-spring-brook
main:3277,blue-spring-brook,201,71,False,same,blue-spring-brook
main:3278,blue-spring-brook,168,0,False,same,blue-spring-brook
main:3280,blue-spring-brook,141,0,False,same,blue-spring-brook
main:3281,blue-spring-brook,130,30,False,same,blue-spring-brook
main:3282,blue-spring-brook,8,0,False,same,blue-spring-brook
main:3283,blue-spring-brook,6,30,False,same,blue-spring-brook
main:3284,blue-spring-brook,7,0,False,same,blue-spring-brook
main:3286,blue-spring-brook,6,0,False,same,blue-spring-brook
main:3287,blue-spring-brook,9,0,False,same,blue-spring-brook
main:3288,blue-spring-brook,114,101,False,same,blue-spring-brook
main:3289,blue-spring-brook,162,173,False,same,blue-spring-brook
main:3290,blue-spring-brook,306,239,False,same,blue-spring-brook
main:3291,mud-creek,683,868,False,reassigned,blue-spring-brook
main:3292,mud-creek,626,737,False,reassigned,blue-spring-brook
main:3293,mud-creek,503,518,False,reassigned,blue-spring-brook
main:3294,mud-creek,340,357,False,reassigned,blue-spring-brook
main:3295,mud-creek,301,281,False,reassigned,blue-spring-brook
main:3296,mud-creek,387,397,False,reassigned,blue-spring-brook
main:3297,mud-creek,426,427,False,same,mud-creek
main:3298,mud-creek,480,456,False,same,mud-creek
main:3299,mud-creek,378,368,False,same,mud-creek
main:3300,mud-creek,337,326,False,same,mud-creek
main:3301,mud-creek,280,266,False,same,mud-creek
main:3302,mud-creek,420,385,False,same,mud-creek
main:3303,mud-creek,374,380,False,same,mud-creek
main:3304,mud-creek,562,599,False,same,mud-creek
main:3305,mud-creek,612,641,False,same,mud-creek
main:3306,mud-creek,398,422,False,same,mud-creek
main:3307,mud-creek,294,298,False,same,mud-creek
main:3308,mud-creek,437,453,False,same,mud-creek
main:3309,mud-creek,468,495,False,same,mud-creek
main:3310,mud-creek,403,676,False,same,mud-creek
main:3311,mud-creek,354,481,False,same,mud-creek
main:3312,mud-creek,293,303,False,same,mud-creek
main:3313,mud-creek,217,197,False,same,mud-creek
main:3314,mud-creek,170,214,False,same,mud-creek
main:3315,mud-creek,137,118,False,same,mud-creek
main:3316,mud-creek,138,101,False,same,mud-creek
main:3317,mud-creek,94,84,False,same,mud-creek
main:3318,mud-creek,236,244,False,same,mud-creek
main:3319,mud-creek,343,399,False,same,mud-creek
main:3320,mud-creek,536,668,False,same,mud-creek
main:3321,mud-creek,579,811,False,same,mud-creek
main:3322,mud-creek,484,626,False,same,mud-creek
main:3323,mud-creek,326,387,False,same,mud-creek
main:3324,mud-creek,209,261,False,same,mud-creek
main:3325,mud-creek,42,71,False,same,mud-creek
main:3326,mud-creek,193,244,False,same,mud-creek
main:3327,mud-creek,300,399,False,same,mud-creek
main:3328,mud-creek,443,602,False,same,mud-creek
main:3329,mud-creek,537,811,False,same,mud-creek
main:3330,mud-creek,640,1067,False,same,mud-creek
main:3331,mud-creek,560,942,False,same,mud-creek
main:3332,mud-creek,482,757,False,same,mud-creek
main:3333,mud-creek,367,530,False,same,mud-creek
main:3334,mud-creek,253,357,False,same,mud-creek
main:3335,mud-creek,90,89,False,same,mud-creek
main:3336,mud-creek,166,160,False,same,mud-creek
main:3337,mud-creek,114,113,False,same,mud-creek
main:3338,mud-creek,137,126,False,same,mud-creek
main:3339,mud-creek,80,84,False,same,mud-creek
main:3340,mud-creek,81,59,False,same,mud-creek
main:3341,mud-creek,59,71,False,same,mud-creek
main:3342,mud-creek,177,256,False,same,mud-creek
main:3343,mud-creek,194,387,False,same,mud-creek
main:3344,mud-creek,272,387,False,same,mud-creek
main:3345,mud-creek,380,441,False,same,mud-creek
main:3346,mud-creek,352,335,False,same,mud-creek
main:3348,mud-creek,524,537,False,same,mud-creek
main:3349,mud-creek,479,495,False,same,mud-creek
main:3350,mud-creek,396,412,False,same,mud-creek
main:3351,mud-creek,214,220,False,same,mud-creek
main:3352,mud-creek,125,118,False,same,mud-creek
main:3353,mud-creek,196,113,False,same,mud-creek
main:3354,mud-creek,287,143,False,same,mud-creek
main:3355,mud-creek,392,316,False,same,mud-creek
main:3356,mud-creek,365,244,False,same,mud-creek
main:3357,mud-creek,208,101,False,same,mud-creek
main:3358,mud-creek,258,84,False,same,mud-creek
main:3359,mud-creek,420,291,False,same,mud-creek
main:3360,mud-creek,486,350,False,same,mud-creek
main:3361,mud-creek,396,160,False,same,mud-creek
main:3362,mud-creek,591,0,False,same,mud-creek
main:3363,mud-creek,729,0,False,same,mud-creek
main:3364,mud-creek,757,0,False,same,mud-creek
main:3365,mud-creek,690,0,False,same,mud-creek
main:3366,mud-creek,555,0,False,same,mud-creek
main:3367,mud-creek,375,0,False,same,mud-creek
main:3368,mud-creek,291,42,False,same,mud-creek
main:3369,mud-creek,415,0,False,same,mud-creek
main:3370,mud-creek,725,30,False,same,mud-creek
main:3371,mud-creek,806,30,False,same,mud-creek
main:3372,mud-creek,792,113,False,same,mud-creek
main:3373,mud-creek,903,269,False,same,mud-creek
main:3374,mud-creek,918,298,False,same,mud-creek
main:3375,mud-creek,777,101,False,same,mud-creek
main:3376,mud-creek,621,0,False,same,mud-creek
main:3377,mud-creek,480,131,False,same,mud-creek
main:3378,mud-creek,439,89,False,same,mud-creek
main:3379,mud-creek,232,30,False,same,mud-creek
main:3380,mud-creek,74,42,False,same,mud-creek
main:3381,mud-creek,108,0,False,same,mud-creek
main:3382,mud-creek,10,0,False,same,mud-creek
main:3383,mud-creek,8,0,False,same,mud-creek
main:3384,mud-creek,10,0,False,same,mud-creek
main:3385,mud-creek,39,30,False,same,mud-creek
main:3386,mud-creek,49,30,False,same,mud-creek
main:3387,mud-creek,207,227,False,same,mud-creek
main:3388,mud-creek,322,441,False,same,mud-creek
main:3389,mud-creek,429,530,False,same,mud-creek
main:3390,mud-creek,515,648,False,same,mud-creek
main:3391,mud-creek,454,572,False,same,mud-creek
main:3392,mud-creek,315,429,False,same,mud-creek
main:3393,mud-creek,295,505,False,same,mud-creek
main:3394,mud-creek,460,750,False,same,mud-creek
main:3395,mud-creek,604,934,False,same,mud-creek
main:3396,mud-creek,754,1095,False,same,mud-creek
main:3397,mud-creek,743,1274,False,same,mud-creek
main:3398,mud-creek,668,1250,False,same,mud-creek
main:3399,mud-creek,628,1494,False,same,mud-creek
main:3400,mud-creek,625,1368,False,same,mud-creek
main:3401,mud-creek,726,1149,False,same,mud-creek
main:3402,mud-creek,634,964,False,same,mud-creek
main:3403,mud-creek,499,791,False,same,mud-creek
main:3404,mud-creek,324,838,False,same,mud-creek
main:3405,mud-creek,241,934,False,same,mud-creek
main:3406,mud-creek,346,809,False,same,mud-creek
main:3407,mud-creek,439,678,False,same,mud-creek
main:3408,mud-creek,304,493,False,same,mud-creek
main:3409,mud-creek,206,357,False,same,mud-creek
main:3410,mud-creek,177,185,False,same,mud-creek
main:3411,mud-creek,9,0,False,same,mud-creek
main:3412,mud-creek,13,0,False,same,mud-creek
main:3413,mud-creek,8,0,False,same,mud-creek
main:3414,mud-creek,7,0,False,same,mud-creek
main:3415,mud-creek,24,30,False,same,mud-creek
main:3416,mud-creek,86,89,False,same,mud-creek
main:3417,mud-creek,143,71,False,same,mud-creek
main:3418,mud-creek,189,30,False,same,mud-creek
main:3419,mud-creek,156,0,False,same,mud-creek
main:3420,mud-creek,258,0,False,same,mud-creek
main:3421,mud-creek,222,0,False,same,mud-creek
main:3422,mud-creek,275,0,False,same,mud-creek
main:3423,mud-creek,456,0,False,same,mud-creek
main:3424,mud-creek,529,0,False,same,mud-creek
main:3425,mud-creek,350,0,False,same,mud-creek
main:3426,mud-creek,254,0,False,same,mud-creek
main:3427,mud-creek,309,30,False,same,mud-creek
main:3428,mud-creek,231,0,False,same,mud-creek
main:3429,mud-creek,231,0,False,same,mud-creek
main:3430,mud-creek,242,0,False,same,mud-creek
main:3431,mud-creek,353,131,False,same,mud-creek
main:3432,mud-creek,407,279,False,same,mud-creek
main:3433,mud-creek,274,89,False,same,mud-creek
main:3434,mud-creek,171,220,False,same,mud-creek
main:3435,mud-creek,249,340,False,same,mud-creek
main:3436,mud-creek,321,392,False,same,mud-creek
main:3437,mud-creek,344,380,False,same,mud-creek
main:3438,mud-creek,386,380,False,same,mud-creek
main:3439,mud-creek,527,279,False,same,mud-creek
main:3440,mud-creek,615,178,False,same,mud-creek
main:3441,mud-creek,760,84,False,same,mud-creek
main:3442,mud-creek,872,0,False,same,mud-creek
main:3443,mud-creek,918,0,False,same,mud-creek
main:3444,mud-creek,789,0,False,same,mud-creek
main:3445,mud-creek,966,0,False,same,mud-creek
main:3446,mud-creek,1046,30,False,same,mud-creek
main:3447,mud-creek,1056,0,False,same,mud-creek
main:3448,mud-creek,1046,0,False,same,mud-creek
main:3449,mud-creek,1113,0,False,same,mud-creek
main:3450,mud-creek,971,59,False,same,mud-creek
main:3451,mud-creek,1004,0,False,same,mud-creek
main:3452,mud-creek,1025,30,False,same,mud-creek
main:3453,mud-creek,981,30,False,same,mud-creek
main:3454,mud-creek,853,0,False,same,mud-creek
main:3455,mud-creek,667,59,False,same,mud-creek
main:3456,mud-creek,519,261,False,same,mud-creek
main:3457,mud-creek,487,155,False,same,mud-creek
main:3458,mud-creek,656,71,False,same,mud-creek
main:3459,mud-creek,713,71,False,same,mud-creek
main:3460,mud-creek,886,160,False,same,mud-creek
main:3461,mud-creek,789,30,False,same,mud-creek
main:3462,mud-creek,826,0,False,same,mud-creek
main:3463,mud-creek,601,89,False,same,mud-creek
main:3464,mud-creek,458,84,False,same,mud-creek
main:3465,mud-creek,361,143,False,same,mud-creek
main:3466,mud-creek,245,143,False,same,mud-creek
main:3467,mud-creek,78,71,False,same,mud-creek
main:3468,mud-creek,198,207,False,same,mud-creek
main:3469,mud-creek,326,214,False,same,mud-creek
main:3470,mud-creek,374,118,False,same,mud-creek
main:3471,mud-creek,539,118,False,same,mud-creek
main:3472,mud-creek,728,143,False,same,mud-creek
main:3473,mud-creek,696,143,False,same,mud-creek
main:3474,mud-creek,607,0,False,same,mud-creek
main:3475,mud-creek,795,0,False,same,mud-creek
main:3476,mud-creek,887,0,False,same,mud-creek
main:3477,mud-creek,678,0,False,same,mud-creek
main:3478,mud-creek,662,155,False,same,mud-creek
main:3479,mud-creek,668,279,False,same,mud-creek
main:3480,mud-creek,688,296,False,same,mud-creek
main:3481,mud-creek,601,399,False,same,mud-creek
main:3482,mud-creek,547,244,False,same,mud-creek
main:3483,mud-creek,429,251,False,same,mud-creek
main:3484,mud-creek,447,406,False,same,mud-creek
main:3485,mud-creek,457,488,False,same,mud-creek
main:3486,mud-creek,378,471,False,same,mud-creek
main:3487,mud-creek,344,357,False,same,mud-creek
main:3488,mud-creek,335,350,False,same,mud-creek
main:3489,mud-creek,271,279,False,same,mud-creek
main:3490,mud-creek,226,207,False,same,mud-creek
main:3491,mud-creek,326,321,False,same,mud-creek
main:3492,mud-creek,266,118,False,same,mud-creek
main:3493,mud-creek,453,59,False,same,mud-creek
main:3494,mud-creek,504,101,False,same,mud-creek
main:3495,mud-creek,632,155,False,same,mud-creek
main:3496,mud-creek,672,30,False,same,mud-creek
main:3497,mud-creek,849,30,False,same,mud-creek
main:3498,mud-creek,1052,0,False,same,mud-creek
main:3499,mud-creek,986,0,False,same,mud-creek
main:3500,mud-creek,778,0,False,same,mud-creek
main:3501,mud-creek,746,71,False,same,mud-creek
main:3502,mud-creek,525,42,False,same,mud-creek
main:3503,mud-creek,381,118,False,same,mud-creek
main:3504,mud-creek,282,190,False,same,mud-creek
main:3505,mud-creek,332,261,False,same,mud-creek
main:3506,mud-creek,258,227,False,same,mud-creek
main:3507,mud-creek,314,296,False,same,mud-creek
main:3508,mud-creek,503,516,False,same,mud-creek
main:3509,mud-creek,564,533,False,same,mud-creek
main:3510,mud-creek,384,385,False,same,mud-creek
main:3511,mud-creek,325,326,False,same,mud-creek
main:3512,mud-creek,367,326,False,same,mud-creek
main:3513,mud-creek,329,310,False,same,mud-creek
main:3514,mud-creek,320,310,False,same,mud-creek
main:3515,mud-creek,168,173,False,same,mud-creek
main:3516,mud-creek,262,266,False,same,mud-creek
main:3517,mud-creek,226,71,False,same,mud-creek
main:3518,mud-creek,246,0,False,same,mud-creek
main:3519,mud-creek,185,113,False,same,mud-creek
main:3520,mud-creek,249,155,False,same,mud-creek
main:3521,mud-creek,25,30,False,same,mud-creek
main:3522,mud-creek,188,197,False,same,mud-creek
main:3523,mud-creek,193,178,False,same,mud-creek
main:3524,mud-creek,237,279,False,same,mud-creek
main:3525,mud-creek,334,321,False,same,mud-creek
main:3526,mud-creek,211,178,False,same,mud-creek
main:3527,mud-creek,185,178,False,same,mud-creek
main:3528,mud-creek,132,113,False,same,mud-creek
main:3529,mud-creek,52,59,False,same,mud-creek
main:3530,mud-creek,78,59,False,same,mud-creek
main:3531,mud-creek,217,30,False,same,mud-creek
main:3532,mud-creek,387,0,False,same,mud-creek
main:3533,mud-creek,305,30,False,same,mud-creek
main:3534,mud-creek,197,71,False,same,mud-creek
main:3535,mud-creek,399,303,False,same,mud-creek
main:3536,mud-creek,596,602,False,same,mud-creek
main:3537,mud-creek,487,744,False,same,mud-creek
main:3538,mud-creek,624,661,False,same,mud-creek
main:3539,mud-creek,820,752,False,same,mud-creek
main:3540,mud-creek,865,809,False,same,mud-creek
main:3541,mud-creek,697,636,False,same,mud-creek
main:3542,mud-creek,518,422,False,same,mud-creek
main:3543,mud-creek,324,296,False,same,mud-creek
main:3544,mud-creek,226,209,False,same,mud-creek
main:3545,mud-creek,373,365,False,same,mud-creek
main:3546,mud-creek,506,503,False,same,mud-creek
main:3547,mud-creek,628,634,False,same,mud-creek
main:3548,mud-creek,751,767,False,same,mud-creek
main:3549,mud-creek,724,814,False,same,mud-creek
main:3550,mud-creek,624,777,False,same,mud-creek
main:3551,mud-creek,555,558,False,same,mud-creek
main:3552,mud-creek,445,456,False,same,mud-creek
main:3553,mud-creek,379,385,False,same,mud-creek
main:3554,mud-creek,428,464,False,same,mud-creek
main:3555,mud-creek,416,424,False,same,mud-creek
main:3556,mud-creek,404,406,False,same,mud-creek
main:3557,mud-creek,348,363,False,same,mud-creek
main:3558,mud-creek,398,424,False,same,mud-creek
main:3559,mud-creek,357,335,False,same,mud-creek
main:3560,mud-creek,565,544,False,same,mud-creek
main:3561,mud-creek,444,406,False,same,mud-creek
main:3562,mud-creek,396,394,False,same,mud-creek
main:3563,mud-creek,225,237,False,same,mud-creek
main:3564,mud-creek,252,237,False,same,mud-creek
main:3565,mud-creek,258,279,False,same,mud-creek
main:3566,mud-creek,343,434,False,same,mud-creek
main:3567,mud-creek,515,624,False,same,mud-creek
main:3568,mud-creek,677,814,False,same,mud-creek
main:3569,mud-creek,673,826,False,same,mud-creek
main:3570,mud-creek,509,641,False,same,mud-creek
main:3571,mud-creek,335,476,False,same,mud-creek
main:3572,mud-creek,197,274,False,same,mud-creek
main:3573,mud-creek,157,173,False,same,mud-creek
main:3574,mud-creek,316,340,False,same,mud-creek
main:3575,mud-creek,526,567,False,reassigned,town-creek-jackson
main:3576,town-creek,953,459,False,split:town-creek-jackson,town-creek-jackson
main:3577,town-creek,896,602,False,split:town-creek-jackson,town-creek-jackson
main:3578,town-creek,900,417,False,split:town-creek-jackson,town-creek-jackson
main:3579,town-creek,824,453,False,split:town-creek-jackson,town-creek-jackson
main:3580,town-creek,723,202,False,split:town-creek-jackson,town-creek-jackson
main:3581,town-creek,523,89,False,split:town-creek-jackson,town-creek-jackson
main:3582,town-creek,315,357,False,split:town-creek-jackson,town-creek-jackson
main:3583,town-creek,428,118,False,split:town-creek-jackson,town-creek-jackson
main:3584,town-creek,668,148,False,split:town-creek-jackson,town-creek-jackson
main:3585,town-creek,579,190,False,split:town-creek-jackson,town-creek-jackson
main:3586,town-creek,356,370,False,split:town-creek-jackson,town-creek-jackson
main:3587,town-creek,271,251,False,split:town-creek-jackson,town-creek-jackson
main:3588,town-creek,277,303,False,split:town-creek-jackson,town-creek-jackson
main:3589,town-creek,344,338,False,split:town-creek-jackson,town-creek-jackson
main:3590,town-creek,220,207,False,split:town-creek-jackson,town-creek-jackson
main:3591,town-creek,252,266,False,split:town-creek-jackson,town-creek-jackson
main:3592,town-creek,389,409,False,split:town-creek-jackson,town-creek-jackson
main:3593,town-creek,461,488,False,split:town-creek-jackson,town-creek-jackson
main:3594,town-creek,343,370,False,split:town-creek-jackson,town-creek-jackson
main:3595,town-creek,276,251,False,split:town-creek-jackson,town-creek-jackson
main:3596,town-creek,348,340,False,split:town-creek-jackson,town-creek-jackson
main:3597,town-creek,210,197,False,split:town-creek-jackson,town-creek-jackson
main:3598,town-creek,343,365,False,split:town-creek-jackson,town-creek-jackson
main:3599,town-creek,522,572,False,split:town-creek-jackson,town-creek-jackson
main:3600,town-creek,624,656,False,split:town-creek-jackson,town-creek-jackson
main:3601,town-creek,503,490,False,split:town-creek-jackson,town-creek-jackson
main:3602,town-creek,637,692,False,split:town-creek-jackson,town-creek-jackson
main:3603,town-creek,698,764,False,split:town-creek-jackson,town-creek-jackson
main:3604,town-creek,770,806,False,split:town-creek-jackson,town-creek-jackson
main:3605,town-creek,882,884,False,split:town-creek-jackson,town-creek-jackson
main:3606,town-creek,945,996,False,split:town-creek-jackson,town-creek-jackson
main:3607,town-creek,890,952,False,split:town-creek-jackson,town-creek-jackson
main:3608,town-creek,768,838,False,split:town-creek-jackson,town-creek-jackson
main:3609,town-creek,611,833,False,split:town-creek-jackson,town-creek-jackson
main:3610,town-creek,620,661,False,split:town-creek-jackson,town-creek-jackson
main:3611,town-creek,501,656,False,split:town-creek-jackson,town-creek-jackson
main:3612,town-creek,450,500,False,split:town-creek-jackson,town-creek-jackson
main:3613,town-creek,338,392,False,split:town-creek-jackson,town-creek-jackson
main:3614,town-creek,363,355,False,split:town-creek-jackson,town-creek-jackson
main:3615,town-creek,285,261,False,split:town-creek-jackson,town-creek-jackson
main:3616,town-creek,332,42,False,split:town-creek-jackson,town-creek-jackson
main:3617,town-creek,406,71,False,split:town-creek-jackson,town-creek-jackson
main:3618,town-creek,301,160,False,split:town-creek-jackson,town-creek-jackson
main:3619,town-creek,321,237,False,split:town-creek-jackson,town-creek-jackson
main:3620,town-creek,342,375,False,split:town-creek-jackson,town-creek-jackson
main:3621,town-creek,170,202,False,split:town-creek-jackson,town-creek-jackson
main:3622,town-creek,101,71,False,split:town-creek-jackson,town-creek-jackson
main:3623,town-creek,10,0,False,split:town-creek-jackson,town-creek-jackson
main:3624,town-creek,110,84,False,split:town-creek-jackson,town-creek-jackson
main:3625,town-creek,283,293,False,split:town-creek-jackson,town-creek-jackson
main:3626,town-creek,390,394,False,split:town-creek-jackson,town-creek-jackson
main:3627,town-creek,317,328,False,split:town-creek-jackson,town-creek-jackson
main:3628,town-creek,246,237,False,split:town-creek-jackson,town-creek-jackson
main:3629,town-creek,251,249,False,split:town-creek-jackson,town-creek-jackson
main:3630,town-creek,180,173,False,split:town-creek-jackson,town-creek-jackson
main:3631,town-creek,143,143,False,split:town-creek-jackson,town-creek-jackson
main:3632,town-creek,195,197,False,split:town-creek-jackson,town-creek-jackson
main:3633,town-creek,152,155,False,split:town-creek-jackson,town-creek-jackson
main:3634,town-creek,187,168,False,split:town-creek-jackson,town-creek-jackson
main:3635,town-creek,238,239,False,split:town-creek-jackson,town-creek-jackson
main:3636,town-creek,174,155,False,split:town-creek-jackson,town-creek-jackson
main:3637,town-creek,206,0,False,split:town-creek-jackson,town-creek-jackson
main:3638,town-creek,370,0,False,split:town-creek-jackson,town-creek-jackson
main:3639,town-creek,438,0,False,split:town-creek-jackson,town-creek-jackson
main:3640,town-creek,358,0,False,split:town-creek-jackson,town-creek-jackson
main:3641,town-creek,183,42,False,split:town-creek-jackson,town-creek-jackson
main:3642,town-creek,162,143,False,split:town-creek-jackson,town-creek-jackson
main:3643,town-creek,180,155,False,split:town-creek-jackson,town-creek-jackson
main:3644,town-creek,22,0,False,split:town-creek-jackson,town-creek-jackson
main:3645,town-creek,73,59,False,split:town-creek-jackson,town-creek-jackson
main:3646,town-creek,70,59,False,split:town-creek-jackson,town-creek-jackson
main:3647,town-creek,32,0,False,split:town-creek-jackson,town-creek-jackson
main:3648,town-creek,29,0,False,split:town-creek-jackson,town-creek-jackson
main:3649,town-creek,43,59,False,split:town-creek-jackson,town-creek-jackson
main:3650,town-creek,35,30,False,split:town-creek-jackson,town-creek-jackson
main:3651,town-creek,45,30,False,split:town-creek-jackson,town-creek-jackson
main:3652,town-creek,158,84,False,split:town-creek-jackson,town-creek-jackson
main:3653,town-creek,228,328,False,split:town-creek-jackson,town-creek-jackson
main:3654,town-creek,306,291,False,split:town-creek-jackson,town-creek-jackson
main:3655,town-creek,163,42,False,split:town-creek-jackson,town-creek-jackson
main:3656,town-creek,30,0,False,split:town-creek-jackson,town-creek-jackson
main:3657,town-creek,194,0,False,split:town-creek-jackson,town-creek-jackson
main:3658,town-creek,132,84,False,split:town-creek-jackson,town-creek-jackson
main:3659,town-creek,15,0,False,split:town-creek-jackson,town-creek-jackson
main:3660,town-creek,46,30,False,split:town-creek-jackson,town-creek-jackson
main:3661,town-creek,21,30,False,split:town-creek-jackson,town-creek-jackson
main:3662,town-creek,0,0,False,split:town-creek-jackson,town-creek-jackson
main:3663,town-creek,21,0,False,split:town-creek-jackson,town-creek-jackson
main:3664,town-creek,100,101,False,split:town-creek-jackson,town-creek-jackson
main:3665,town-creek,211,244,False,split:town-creek-jackson,town-creek-jackson
main:3666,town-creek,392,542,False,split:town-creek-jackson,town-creek-jackson
main:3667,town-creek,492,656,False,split:town-creek-jackson,town-creek-jackson
main:3668,town-creek,655,725,False,split:town-creek-jackson,town-creek-jackson
main:3669,town-creek,532,565,False,split:town-creek-jackson,town-creek-jackson
main:3670,town-creek,336,321,False,split:town-creek-jackson,town-creek-jackson
main:3671,town-creek,208,214,False,split:town-creek-jackson,town-creek-jackson
main:3672,town-creek,98,101,False,split:town-creek-jackson,town-creek-jackson
main:3673,town-creek,18,30,False,split:town-creek-jackson,town-creek-jackson
main:3674,town-creek,49,59,False,split:town-creek-jackson,town-creek-jackson
main:3675,town-creek,52,30,False,split:town-creek-jackson,town-creek-jackson
main:3676,town-creek,32,30,False,split:town-creek-jackson,town-creek-jackson
main:3677,town-creek,43,30,False,split:town-creek-jackson,town-creek-jackson
main:3678,town-creek,43,30,False,split:town-creek-jackson,town-creek-jackson
main:3679,town-creek,133,59,False,split:town-creek-jackson,town-creek-jackson
main:3680,town-creek,288,30,False,split:town-creek-jackson,town-creek-jackson
main:3681,town-creek,345,0,False,split:town-creek-jackson,town-creek-jackson
main:3682,town-creek,470,0,False,split:town-creek-jackson,town-creek-jackson
main:3683,town-creek,462,0,False,split:town-creek-jackson,town-creek-jackson
main:3684,town-creek,332,30,False,split:town-creek-jackson,town-creek-jackson
main:3685,town-creek,333,101,False,split:town-creek-jackson,town-creek-jackson
main:3686,town-creek,335,0,False,split:town-creek-jackson,town-creek-jackson
main:3687,town-creek,296,30,False,split:town-creek-jackson,town-creek-jackson
main:3688,town-creek,140,42,False,split:town-creek-jackson,town-creek-jackson
main:3689,town-creek,21,30,False,split:town-creek-jackson,town-creek-jackson
main:3690,town-creek,174,173,False,split:town-creek-jackson,town-creek-jackson
main:3691,town-creek,142,126,False,split:town-creek-jackson,town-creek-jackson
main:3692,town-creek,154,126,False,split:town-creek-jackson,town-creek-jackson
main:3693,town-creek,208,209,False,split:town-creek-jackson,town-creek-jackson
main:3694,town-creek,268,269,False,split:town-creek-jackson,town-creek-jackson
main:3695,town-creek,369,323,False,split:town-creek-jackson,town-creek-jackson
main:3696,town-creek,283,281,False,split:town-creek-jackson,town-creek-jackson
main:3697,town-creek,170,143,False,split:town-creek-jackson,town-creek-jackson
main:3698,town-creek,312,281,False,split:town-creek-jackson,town-creek-jackson
main:3699,town-creek,296,281,False,split:town-creek-jackson,town-creek-jackson
main:3700,town-creek,137,126,False,split:town-creek-jackson,town-creek-jackson
main:3701,town-creek,160,126,False,split:town-creek-jackson,town-creek-jackson
main:3702,town-creek,161,143,False,split:town-creek-jackson,town-creek-jackson
main:3703,town-creek,328,355,False,split:town-creek-jackson,town-creek-jackson
main:3704,town-creek,323,582,False,split:town-creek-jackson,town-creek-jackson
main:3705,town-creek,440,695,False,split:town-creek-jackson,town-creek-jackson
main:3706,town-creek,455,641,False,split:town-creek-jackson,town-creek-jackson
main:3707,town-creek,517,575,False,split:town-creek-jackson,town-creek-jackson
main:3708,town-creek,594,777,False,split:town-creek-jackson,town-creek-jackson
main:3709,town-creek,711,740,False,split:town-creek-jackson,town-creek-jackson
main:3710,town-creek,708,730,False,split:town-creek-jackson,town-creek-jackson
main:3711,town-creek,797,814,False,split:town-creek-jackson,town-creek-jackson
main:3712,town-creek,656,671,False,split:town-creek-jackson,town-creek-jackson
main:3713,town-creek,710,755,False,split:town-creek-jackson,town-creek-jackson
main:3714,town-creek,587,636,False,split:town-creek-jackson,town-creek-jackson
main:3715,town-creek,557,582,False,split:town-creek-jackson,town-creek-jackson
main:3716,town-creek,420,439,False,split:town-creek-jackson,town-creek-jackson
main:3717,town-creek,298,298,False,split:town-creek-jackson,town-creek-jackson
main:3718,town-creek,303,323,False,split:town-creek-jackson,town-creek-jackson
main:3719,town-creek,409,406,False,split:town-creek-jackson,town-creek-jackson
main:3720,town-creek,396,417,False,split:town-creek-jackson,town-creek-jackson
main:3721,town-creek,344,338,False,split:town-creek-jackson,town-creek-jackson
main:3722,town-creek,504,511,False,split:town-creek-jackson,town-creek-jackson
main:3723,town-creek,548,562,False,split:town-creek-jackson,town-creek-jackson
main:3724,town-creek,408,429,False,split:town-creek-jackson,town-creek-jackson
main:3725,town-creek,230,239,False,split:town-creek-jackson,town-creek-jackson
main:3726,town-creek,172,155,False,split:town-creek-jackson,town-creek-jackson
main:3727,town-creek,18,0,False,split:town-creek-jackson,town-creek-jackson
main:3728,town-creek,160,143,False,split:town-creek-jackson,town-creek-jackson
main:3729,town-creek,289,335,False,split:town-creek-jackson,town-creek-jackson
main:3730,town-creek,421,513,False,split:town-creek-jackson,town-creek-jackson
main:3731,town-creek,534,643,False,split:town-creek-jackson,town-creek-jackson
main:3732,town-creek,428,663,False,split:town-creek-jackson,town-creek-jackson
main:3733,town-creek,505,537,False,split:town-creek-jackson,town-creek-jackson
main:3734,town-creek,383,456,False,split:town-creek-jackson,town-creek-jackson
main:3735,town-creek,252,251,False,split:town-creek-jackson,town-creek-jackson
main:3736,town-creek,246,220,False,split:town-creek-jackson,town-creek-jackson
main:3737,town-creek,376,417,False,split:town-creek-jackson,town-creek-jackson
main:3738,town-creek,298,321,False,split:town-creek-jackson,town-creek-jackson
main:3739,town-creek,333,333,False,split:town-creek-jackson,town-creek-jackson
main:3740,town-creek,206,202,False,split:town-creek-jackson,town-creek-jackson
main:3741,town-creek,276,281,False,split:town-creek-jackson,town-creek-jackson
main:3742,town-creek,217,239,False,split:town-creek-jackson,town-creek-jackson
main:3743,town-creek,77,71,False,split:town-creek-jackson,town-creek-jackson
main:3744,town-creek,266,239,False,split:town-creek-jackson,town-creek-jackson
main:3745,town-creek,160,155,False,split:town-creek-jackson,town-creek-jackson
main:3746,town-creek,120,113,False,split:town-creek-jackson,town-creek-jackson
main:3747,town-creek,40,30,False,split:town-creek-jackson,town-creek-jackson
main:3748,town-creek,99,84,False,split:town-creek-jackson,town-creek-jackson
main:3749,town-creek,136,148,False,split:town-creek-jackson,town-creek-jackson
main:3750,town-creek,353,547,False,split:town-creek-jackson,town-creek-jackson
main:3751,town-creek,238,476,False,split:town-creek-jackson,town-creek-jackson
main:3752,town-creek,270,291,False,split:town-creek-jackson,town-creek-jackson
main:3753,town-creek,247,434,False,split:town-creek-jackson,town-creek-jackson
main:3754,town-creek,310,328,False,split:town-creek-jackson,town-creek-jackson
main:3755,town-creek,277,333,False,split:town-creek-jackson,town-creek-jackson
main:3756,town-creek,282,286,False,split:town-creek-jackson,town-creek-jackson
main:3757,town-creek,262,251,False,split:town-creek-jackson,town-creek-jackson
main:3758,town-creek,308,375,False,split:town-creek-jackson,town-creek-jackson
main:3759,town-creek,273,281,False,split:town-creek-jackson,town-creek-jackson
main:3760,town-creek,200,209,False,split:town-creek-jackson,town-creek-jackson
main:3761,town-creek,207,185,False,split:town-creek-jackson,town-creek-jackson
main:3762,town-creek,298,308,False,split:town-creek-jackson,town-creek-jackson
main:3775,town-creek,2310,2338,False,reassigned,mainstem
main:3776,town-creek,2292,3667,False,reassigned,mainstem
main:3783,town-creek,2272,3638,False,reassigned,mainstem
main:3784,town-creek,2162,3781,False,reassigned,mainstem
main:3785,town-creek,2002,3990,False,reassigned,mainstem
main:3786,town-creek,2171,3751,False,reassigned,mainstem
main:3787,town-creek,2231,3591,False,reassigned,mainstem
main:3788,town-creek,2210,3438,False,reassigned,mainstem
main:3789,town-creek,2165,3391,False,reassigned,mainstem
main:3790,town-creek,2175,3376,False,reassigned,mainstem
main:3791,town-creek,2167,3623,False,reassigned,mainstem
main:3792,town-creek,1977,3849,False,reassigned,mainstem
main:3793,town-creek,2067,3778,False,reassigned,mainstem
main:3794,town-creek,2188,3743,False,reassigned,mainstem
main:3795,town-creek,2210,3965,False,reassigned,mainstem
main:3796,town-creek,2230,4191,False,reassigned,mainstem
main:3797,town-creek,2185,4221,False,reassigned,mainstem
main:3798,town-creek,2283,4376,False,reassigned,mainstem
main:3799,town-creek,2243,4645,False,reassigned,mainstem
main:3800,town-creek,2317,4615,False,reassigned,mainstem
main:3801,town-creek,2301,4854,False,reassigned,mainstem
main:3802,town-creek,2369,4938,False,reassigned,mainstem
main:3803,jones-creek,1629,1833,False,reassigned,mainstem
main:3804,jones-creek,1411,1645,False,reassigned,mainstem
main:3805,jones-creek,1496,1776,False,reassigned,mainstem
main:3806,jones-creek,1567,1793,False,reassigned,mainstem
main:3807,jones-creek,1430,1618,False,reassigned,mainstem
main:3808,jones-creek,1375,1542,False,reassigned,mainstem
main:3809,jones-creek,1287,1443,False,reassigned,mainstem
main:3810,jones-creek,1143,1420,False,reassigned,mainstem
main:3811,jones-creek,1245,1665,False,reassigned,mainstem
main:3812,jones-creek,1352,1736,False,reassigned,mainstem
main:3813,jones-creek,1186,1610,False,reassigned,mainstem
main:3814,jones-creek,1014,1584,False,reassigned,mainstem
main:3815,jones-creek,859,1714,False,reassigned,mainstem
main:3816,jones-creek,875,1714,False,reassigned,mainstem
main:3817,jones-creek,813,1978,False,reassigned,mainstem
main:3818,jones-creek,883,2163,False,reassigned,mainstem
main:3819,jones-creek,897,2142,False,reassigned,mainstem
main:3820,jones-creek,1044,1950,False,reassigned,mainstem
main:3821,jones-creek,1155,1844,False,reassigned,mainstem
main:3822,jones-creek,1275,1787,False,reassigned,mainstem
main:3823,jones-creek,1481,1782,False,reassigned,mainstem
main:3824,jones-creek,1546,1829,False,reassigned,mainstem
main:3825,jones-creek,1743,1933,False,reassigned,mainstem
main:3826,jones-creek,1883,2015,False,reassigned,mainstem
main:3827,jones-creek,2096,2241,False,reassigned,mainstem
main:3828,jones-creek,2236,2367,False,reassigned,mainstem
main:3829,jones-creek,2412,2576,False,reassigned,mainstem
main:3830,jones-creek,2613,2828,False,reassigned,mainstem
main:3831,jones-creek,2761,2953,False,reassigned,mainstem
main:3832,jones-creek,2936,3175,False,reassigned,mainstem
main:3834,jones-creek,3135,3529,False,reassigned,mainstem
main:3835,jones-creek,3194,3727,False,reassigned,mainstem
main:3836,jones-creek,3287,3924,False,reassigned,mainstem
main:3837,jones-creek,3365,4091,False,reassigned,mainstem
main:3838,jones-creek,3470,4187,False,reassigned,mainstem
main:3839,jones-creek,3395,3941,False,reassigned,mainstem
main:3840,jones-creek,3245,3727,False,reassigned,mainstem
main:3841,jones-creek,3225,3589,False,reassigned,mainstem
main:3851,roseberry-creek,2773,3947,False,reassigned,mainstem
main:3852,roseberry-creek,2632,3750,False,reassigned,mainstem
main:3853,roseberry-creek,2515,3595,False,reassigned,mainstem
main:3854,roseberry-creek,2344,3356,False,reassigned,mainstem
main:3855,roseberry-creek,2224,3159,False,reassigned,mainstem
main:3856,roseberry-creek,2097,2890,False,reassigned,mainstem
main:3857,roseberry-creek,2021,2777,False,reassigned,mainstem
main:3858,roseberry-creek,1860,2555,False,reassigned,mainstem
main:3859,roseberry-creek,1795,2346,False,reassigned,mainstem
main:3860,roseberry-creek,1678,2137,False,reassigned,mainstem
main:3861,roseberry-creek,1576,1927,False,reassigned,mainstem
main:3862,roseberry-creek,1530,1760,False,reassigned,mainstem
main:3863,roseberry-creek,1439,1538,False,reassigned,mainstem
main:3864,roseberry-creek,1324,1651,False,reassigned,mainstem
main:3865,roseberry-creek,1356,1454,False,reassigned,mainstem
main:3866,roseberry-creek,1152,1203,False,same,roseberry-creek
main:3867,roseberry-creek,988,1077,False,same,roseberry-creek
main:3868,roseberry-creek,776,838,False,same,roseberry-creek
main:3869,roseberry-creek,641,671,False,same,roseberry-creek
main:3870,roseberry-creek,477,481,False,same,roseberry-creek
main:3871,roseberry-creek,362,380,False,same,roseberry-creek
main:3872,roseberry-creek,252,237,False,same,roseberry-creek
main:3873,roseberry-creek,324,338,False,same,roseberry-creek
main:3874,roseberry-creek,242,380,False,same,roseberry-creek
main:3875,roseberry-creek,180,148,False,same,roseberry-creek
main:3876,roseberry-creek,263,274,False,same,roseberry-creek
main:3877,roseberry-creek,378,375,False,same,roseberry-creek
main:3878,roseberry-creek,154,148,False,same,roseberry-creek
main:3879,roseberry-creek,182,178,False,same,roseberry-creek
main:3880,roseberry-creek,192,227,False,same,roseberry-creek
main:3881,roseberry-creek,153,131,False,same,roseberry-creek
main:3882,roseberry-creek,208,214,False,same,roseberry-creek
main:3883,roseberry-creek,329,333,False,same,roseberry-creek
main:3884,roseberry-creek,355,409,False,same,roseberry-creek
main:3885,roseberry-creek,538,545,False,same,roseberry-creek
main:3886,roseberry-creek,351,355,False,same,roseberry-creek
main:3887,roseberry-creek,368,397,False,same,roseberry-creek
main:3888,roseberry-creek,392,377,False,same,roseberry-creek
main:3889,roseberry-creek,397,377,False,same,roseberry-creek
main:3890,roseberry-creek,306,291,False,same,roseberry-creek
main:3891,roseberry-creek,343,323,False,same,roseberry-creek
main:3892,roseberry-creek,302,293,False,same,roseberry-creek
main:3893,roseberry-creek,326,323,False,same,roseberry-creek
main:3894,roseberry-creek,461,478,False,same,roseberry-creek
main:3895,roseberry-creek,330,323,False,same,roseberry-creek
main:3896,roseberry-creek,428,424,False,same,roseberry-creek
main:3897,roseberry-creek,460,451,False,same,roseberry-creek
main:3898,roseberry-creek,571,560,False,same,roseberry-creek
main:3899,roseberry-creek,596,626,False,same,roseberry-creek
main:3900,roseberry-creek,516,490,False,same,roseberry-creek
main:3901,roseberry-creek,372,365,False,same,roseberry-creek
main:3902,roseberry-creek,332,310,False,same,roseberry-creek
main:3903,roseberry-creek,399,377,False,same,roseberry-creek
main:3904,roseberry-creek,407,298,False,same,roseberry-creek
main:3905,roseberry-creek,359,197,False,same,roseberry-creek
main:3906,roseberry-creek,432,197,False,same,roseberry-creek
main:3907,roseberry-creek,418,30,False,same,roseberry-creek
main:3908,roseberry-creek,580,84,False,same,roseberry-creek
main:3909,roseberry-creek,428,59,False,same,roseberry-creek
main:3910,roseberry-creek,384,168,False,same,roseberry-creek
main:3911,roseberry-creek,547,365,False,same,roseberry-creek
main:3912,roseberry-creek,617,417,False,same,roseberry-creek
main:3913,roseberry-creek,513,448,False,same,roseberry-creek
main:3914,roseberry-creek,462,498,False,same,roseberry-creek
main:3915,roseberry-creek,535,594,False,same,roseberry-creek
main:3916,roseberry-creek,805,887,False,same,roseberry-creek
main:3917,roseberry-creek,805,848,False,same,roseberry-creek
main:3918,roseberry-creek,937,1020,False,same,roseberry-creek
main:3919,roseberry-creek,939,973,False,same,roseberry-creek
main:3920,roseberry-creek,1028,1111,False,same,roseberry-creek
main:3921,roseberry-creek,1190,1289,False,same,roseberry-creek
main:3922,roseberry-creek,1368,1461,False,same,roseberry-creek
main:3923,roseberry-creek,1486,1676,False,same,roseberry-creek
main:3924,roseberry-creek,1616,1752,False,same,roseberry-creek
main:3925,roseberry-creek,1675,1854,False,same,roseberry-creek
main:3926,roseberry-creek,1850,2031,False,same,roseberry-creek
main:3927,roseberry-creek,1861,2009,False,same,roseberry-creek
main:3928,roseberry-creek,1750,1821,False,same,roseberry-creek
main:3929,roseberry-creek,1826,1900,False,same,roseberry-creek
main:3930,roseberry-creek,2016,2067,False,same,roseberry-creek
main:3931,roseberry-creek,2129,2175,False,same,roseberry-creek
main:3932,roseberry-creek,2328,2380,False,same,roseberry-creek
main:3933,roseberry-creek,2438,2500,False,same,roseberry-creek
main:3934,roseberry-creek,2511,2530,False,same,roseberry-creek
main:3935,roseberry-creek,2669,2710,False,same,roseberry-creek
main:3936,roseberry-creek,2739,2806,False,same,roseberry-creek
main:3937,roseberry-creek,2834,2961,False,same,roseberry-creek
main:3938,roseberry-creek,2919,3008,False,same,roseberry-creek
main:3939,roseberry-creek,3070,3134,False,same,roseberry-creek
main:3940,jones-creek,4581,16151,True,reassigned,roseberry-creek
main:3941,jones-creek,4415,16348,True,reassigned,roseberry-creek
main:3942,jones-creek,4306,16462,True,reassigned,roseberry-creek
main:3943,jones-creek,4148,16659,True,reassigned,roseberry-creek
main:3944,town-creek,5363,,True,reassigned,roseberry-creek
main:3945,town-creek,5341,,True,reassigned,roseberry-creek
main:3946,town-creek,5301,,True,reassigned,roseberry-creek
main:3947,town-creek,5272,,True,reassigned,roseberry-creek
main:3948,town-creek,5026,,True,reassigned,roseberry-creek
main:3949,town-creek,4928,,True,reassigned,roseberry-creek
main:3950,town-creek,4848,,True,reassigned,roseberry-creek
main:3951,town-creek,4702,,True,reassigned,roseberry-creek
main:3952,town-creek,4584,,True,reassigned,roseberry-creek
main:3953,town-creek,4360,,True,reassigned,roseberry-creek
main:3954,town-creek,4197,,True,reassigned,roseberry-creek
main:3955,town-creek,4178,,True,reassigned,roseberry-creek
main:3956,town-creek,4136,,True,reassigned,roseberry-creek
main:3957,town-creek,4064,,True,reassigned,roseberry-creek
main:3958,town-creek,3911,,True,reassigned,roseberry-creek
main:3959,town-creek,3927,,True,reassigned,roseberry-creek
main:3960,town-creek,3739,,True,reassigned,roseberry-creek
main:3961,town-creek,3599,,True,reassigned,roseberry-creek
main:3962,town-creek,3593,,True,reassigned,roseberry-creek
main:3963,town-creek,3711,,True,reassigned,roseberry-creek
main:3964,town-creek,3844,,True,reassigned,roseberry-creek
main:3965,town-creek,4014,,True,reassigned,roseberry-creek
main:3966,town-creek,4069,,True,reassigned,roseberry-creek
main:3967,town-creek,4202,,True,reassigned,roseberry-creek
main:3968,town-creek,4133,,True,reassigned,roseberry-creek
main:3969,town-creek,4273,,True,reassigned,roseberry-creek
main:3970,town-creek,4349,,True,reassigned,roseberry-creek
main:3971,town-creek,4529,,True,reassigned,roseberry-creek
main:3972,town-creek,4692,,True,reassigned,roseberry-creek
main:3973,town-creek,4818,,True,reassigned,roseberry-creek
main:3974,town-creek,4858,,True,reassigned,roseberry-creek
main:3975,town-creek,4876,,True,reassigned,roseberry-creek
main:3976,town-creek,4886,,True,reassigned,roseberry-creek
main:3977,town-creek,5021,,True,reassigned,roseberry-creek
main:3978,town-creek,5217,,True,reassigned,roseberry-creek
main:3979,town-creek,5306,,True,reassigned,roseberry-creek
main:3980,town-creek,5248,,True,reassigned,roseberry-creek
main:3981,town-creek,5279,,True,reassigned,roseberry-creek
main:3982,town-creek,5042,,True,reassigned,roseberry-creek
main:3983,town-creek,5011,,True,reassigned,roseberry-creek
main:3984,town-creek,5144,,True,reassigned,roseberry-creek
main:3985,jones-creek,4617,17223,True,reassigned,roseberry-creek
main:3986,jones-creek,4640,17295,True,reassigned,roseberry-creek
main:3987,jones-creek,4625,17241,True,reassigned,roseberry-creek
main:3988,town-creek,5340,,True,reassigned,roseberry-creek
main:3989,town-creek,5337,,True,reassigned,roseberry-creek
main:3990,town-creek,5348,,True,reassigned,roseberry-creek
main:3991,jones-creek,4349,16846,True,reassigned,roseberry-creek
main:3992,jones-creek,4619,17169,True,reassigned,roseberry-creek
main:3993,jones-creek,4727,17312,True,reassigned,roseberry-creek
main:3994,jones-creek,4556,17073,True,reassigned,roseberry-creek
main:3995,jones-creek,4417,16888,True,reassigned,roseberry-creek
main:3996,jones-creek,4481,16738,True,reassigned,roseberry-creek
main:3997,jones-creek,4569,16566,True,reassigned,roseberry-creek
main:3998,roseberry-creek,3078,3447,False,same,roseberry-creek
main:3999,roseberry-creek,3018,3529,False,same,roseberry-creek
main:4000,jones-creek,4658,16657,True,reassigned,roseberry-creek
main:4001,jones-creek,4611,16724,True,reassigned,roseberry-creek
main:4002,roseberry-creek,3134,3689,False,same,roseberry-creek
main:4003,roseberry-creek,3024,3576,False,same,roseberry-creek
main:4004,roseberry-creek,2896,3386,False,same,roseberry-creek
main:4005,roseberry-creek,2874,3600,False,same,roseberry-creek
main:4006,roseberry-creek,2817,3482,False,same,roseberry-creek
main:4007,roseberry-creek,2864,3255,False,same,roseberry-creek
main:4008,roseberry-creek,2721,2999,False,same,roseberry-creek
main:4009,roseberry-creek,2674,3098,False,same,roseberry-creek
main:4010,roseberry-creek,2537,3125,False,same,roseberry-creek
main:4011,roseberry-creek,2412,3088,False,same,roseberry-creek
main:4012,roseberry-creek,2240,2958,False,same,roseberry-creek
main:4013,roseberry-creek,2218,2743,False,same,roseberry-creek
main:4014,roseberry-creek,2039,2654,False,same,roseberry-creek
main:4015,roseberry-creek,2006,2790,False,same,roseberry-creek
main:4016,roseberry-creek,2106,2921,False,same,roseberry-creek
main:4017,roseberry-creek,1983,2790,False,same,roseberry-creek
main:4018,roseberry-creek,1876,2696,False,same,roseberry-creek
main:4019,roseberry-creek,1914,2524,False,same,roseberry-creek
main:4020,roseberry-creek,1827,2287,False,same,roseberry-creek
main:4021,roseberry-creek,1849,2072,False,same,roseberry-creek
main:4022,roseberry-creek,1713,1936,False,same,roseberry-creek
main:4023,roseberry-creek,1650,1739,False,same,roseberry-creek
main:4024,roseberry-creek,1477,1673,False,same,roseberry-creek
main:4025,roseberry-creek,1318,1762,False,same,roseberry-creek
main:4026,roseberry-creek,1455,1601,False,same,roseberry-creek
main:4027,roseberry-creek,1350,1417,False,same,roseberry-creek
main:4028,roseberry-creek,1101,1165,False,same,roseberry-creek
main:4029,roseberry-creek,1002,1134,False,same,roseberry-creek
main:4030,roseberry-creek,1043,1269,False,same,roseberry-creek
main:4031,roseberry-creek,1077,1329,False,same,roseberry-creek
main:4032,roseberry-creek,875,1181,False,same,roseberry-creek
main:4033,roseberry-creek,842,996,False,same,roseberry-creek
main:4034,roseberry-creek,662,840,False,same,roseberry-creek
main:4035,roseberry-creek,459,794,False,same,roseberry-creek
main:4036,roseberry-creek,409,877,False,same,roseberry-creek
main:4037,roseberry-creek,569,705,False,same,roseberry-creek
main:4038,roseberry-creek,479,490,False,same,roseberry-creek
main:4039,roseberry-creek,244,227,False,same,roseberry-creek
main:4040,roseberry-creek,279,291,False,same,roseberry-creek
main:4041,roseberry-creek,301,279,False,same,roseberry-creek
main:4042,roseberry-creek,200,197,False,same,roseberry-creek
main:4043,roseberry-creek,165,143,False,same,roseberry-creek
main:4044,roseberry-creek,140,118,False,same,roseberry-creek
main:4045,roseberry-creek,159,155,False,same,roseberry-creek
main:4046,roseberry-creek,188,168,False,same,roseberry-creek
main:4047,roseberry-creek,283,266,False,same,roseberry-creek
main:4048,roseberry-creek,323,143,False,same,roseberry-creek
main:4049,roseberry-creek,297,30,False,same,roseberry-creek
main:4050,roseberry-creek,443,0,False,same,roseberry-creek
main:4051,roseberry-creek,292,101,False,same,roseberry-creek
main:4052,roseberry-creek,298,239,False,same,roseberry-creek
main:4053,roseberry-creek,190,370,False,same,roseberry-creek
main:4054,roseberry-creek,118,382,False,same,roseberry-creek
main:4055,roseberry-creek,230,269,False,same,roseberry-creek
main:4056,roseberry-creek,62,42,False,same,roseberry-creek
main:4057,roseberry-creek,11,0,False,same,roseberry-creek
main:4058,roseberry-creek,8,0,False,same,roseberry-creek
main:4059,roseberry-creek,10,0,False,same,roseberry-creek
main:4060,roseberry-creek,173,0,False,same,roseberry-creek
main:4061,roseberry-creek,85,0,False,same,roseberry-creek
main:4062,roseberry-creek,18,0,False,same,roseberry-creek
main:4063,roseberry-creek,119,101,False,same,roseberry-creek
main:4064,roseberry-creek,10,30,False,same,roseberry-creek
main:4065,roseberry-creek,50,30,False,same,roseberry-creek
main:4066,roseberry-creek,143,0,False,same,roseberry-creek
main:4067,roseberry-creek,198,126,False,same,roseberry-creek
main:4068,roseberry-creek,287,168,False,same,roseberry-creek
main:4069,roseberry-creek,344,113,False,same,roseberry-creek
main:4070,roseberry-creek,459,131,False,same,roseberry-creek
main:4071,roseberry-creek,390,30,False,same,roseberry-creek
main:4072,roseberry-creek,221,113,False,same,roseberry-creek
main:4073,roseberry-creek,149,143,False,same,roseberry-creek
main:4074,roseberry-creek,140,118,False,same,roseberry-creek
main:4075,roseberry-creek,181,148,False,same,roseberry-creek
main:4076,roseberry-creek,297,281,False,same,roseberry-creek
main:4077,roseberry-creek,457,436,False,same,roseberry-creek
main:4078,roseberry-creek,457,481,False,same,roseberry-creek
main:4079,roseberry-creek,578,596,False,same,roseberry-creek
main:4080,roseberry-creek,688,717,False,same,roseberry-creek
main:4081,roseberry-creek,537,544,False,same,roseberry-creek
main:4082,roseberry-creek,376,380,False,same,roseberry-creek
main:4083,roseberry-creek,410,424,False,same,roseberry-creek
main:4084,roseberry-creek,560,584,False,same,roseberry-creek
main:4085,roseberry-creek,493,508,False,same,roseberry-creek
main:4086,roseberry-creek,341,323,False,same,roseberry-creek
main:4087,roseberry-creek,466,448,False,same,roseberry-creek
main:4088,roseberry-creek,598,614,False,same,roseberry-creek
main:4089,roseberry-creek,590,579,False,same,roseberry-creek
main:4090,roseberry-creek,503,584,False,same,roseberry-creek
main:4091,roseberry-creek,344,365,False,same,roseberry-creek
main:4092,roseberry-creek,305,293,False,same,roseberry-creek
main:4093,roseberry-creek,412,197,False,same,roseberry-creek
main:4094,roseberry-creek,542,89,False,same,roseberry-creek
main:4095,roseberry-creek,694,59,False,same,roseberry-creek
main:4096,roseberry-creek,708,113,False,same,roseberry-creek
main:4097,roseberry-creek,712,143,False,same,roseberry-creek
main:4098,roseberry-creek,722,249,False,same,roseberry-creek
main:4099,roseberry-creek,569,173,False,same,roseberry-creek
main:4100,roseberry-creek,504,251,False,same,roseberry-creek
main:4101,roseberry-creek,676,453,False,same,roseberry-creek
main:4102,roseberry-creek,707,523,False,same,roseberry-creek
main:4103,roseberry-creek,534,308,False,same,roseberry-creek
main:4104,roseberry-creek,489,71,False,same,roseberry-creek
main:4105,roseberry-creek,604,113,False,same,roseberry-creek
main:4106,roseberry-creek,729,207,False,same,roseberry-creek
main:4107,roseberry-creek,880,214,False,same,roseberry-creek
main:4108,roseberry-creek,908,84,False,same,roseberry-creek
main:4109,roseberry-creek,1066,30,False,same,roseberry-creek
main:4110,roseberry-creek,1184,0,False,same,roseberry-creek
main:4111,roseberry-creek,1105,42,False,same,roseberry-creek
main:4112,roseberry-creek,1188,173,False,same,roseberry-creek
main:4113,roseberry-creek,1299,340,False,same,roseberry-creek
main:4114,roseberry-creek,1387,478,False,same,roseberry-creek
main:4115,roseberry-creek,1490,616,False,same,roseberry-creek
main:4116,roseberry-creek,1541,840,False,same,roseberry-creek
main:4117,roseberry-creek,1704,989,False,same,roseberry-creek
main:4118,roseberry-creek,1810,1121,False,same,roseberry-creek
main:4119,roseberry-creek,1961,1336,False,same,roseberry-creek
main:4120,north-sauty-creek,2924,12523,True,reassigned,roseberry-creek
main:4121,north-sauty-creek,2741,12750,True,reassigned,roseberry-creek
main:4122,north-sauty-creek,2708,12898,True,reassigned,roseberry-creek
main:4123,north-sauty-creek,2804,12856,True,reassigned,roseberry-creek
main:4124,north-sauty-creek,3019,12706,True,reassigned,roseberry-creek
main:4125,roseberry-creek,2004,1543,False,same,roseberry-creek
main:4126,roseberry-creek,1894,1376,False,same,roseberry-creek
main:4127,roseberry-creek,1635,1124,False,same,roseberry-creek
main:4128,roseberry-creek,1495,945,False,same,roseberry-creek
main:4129,roseberry-creek,1338,742,False,same,roseberry-creek
main:4130,roseberry-creek,1149,661,False,same,roseberry-creek
main:4131,roseberry-creek,954,695,False,same,roseberry-creek
main:4132,roseberry-creek,1072,589,False,same,roseberry-creek
main:4133,roseberry-creek,1132,392,False,same,roseberry-creek
main:4134,roseberry-creek,989,148,False,same,roseberry-creek
main:4135,roseberry-creek,786,71,False,same,roseberry-creek
main:4136,roseberry-creek,639,89,False,same,roseberry-creek
main:4137,roseberry-creek,436,59,False,same,roseberry-creek
main:4138,roseberry-creek,374,190,False,same,roseberry-creek
main:4139,roseberry-creek,532,357,False,same,roseberry-creek
main:4140,roseberry-creek,489,409,False,same,roseberry-creek
main:4141,roseberry-creek,614,540,False,same,roseberry-creek
main:4142,roseberry-creek,818,797,False,same,roseberry-creek
main:4143,roseberry-creek,931,957,False,same,roseberry-creek
main:4144,roseberry-creek,1142,1142,False,same,roseberry-creek
main:4145,roseberry-creek,983,964,False,same,roseberry-creek
main:4146,roseberry-creek,867,838,False,same,roseberry-creek
main:4147,roseberry-creek,769,788,False,same,roseberry-creek
main:4148,roseberry-creek,588,574,False,same,roseberry-creek
main:4149,roseberry-creek,480,441,False,same,roseberry-creek
main:4150,roseberry-creek,548,453,False,same,roseberry-creek
main:4151,roseberry-creek,392,293,False,same,roseberry-creek
main:4152,roseberry-creek,367,101,False,same,roseberry-creek
main:4153,roseberry-creek,584,84,False,same,roseberry-creek
main:4154,roseberry-creek,614,30,False,same,roseberry-creek
main:4155,roseberry-creek,769,0,False,same,roseberry-creek
main:4156,roseberry-creek,823,0,False,same,roseberry-creek
main:4157,roseberry-creek,698,0,False,same,roseberry-creek
main:4158,roseberry-creek,502,59,False,same,roseberry-creek
main:4159,roseberry-creek,482,143,False,same,roseberry-creek
main:4160,roseberry-creek,469,197,False,same,roseberry-creek
main:4161,roseberry-creek,404,227,False,same,roseberry-creek
main:4162,roseberry-creek,458,310,False,same,roseberry-creek
main:4163,roseberry-creek,324,293,False,same,roseberry-creek
main:4164,roseberry-creek,480,474,False,same,roseberry-creek
main:4165,roseberry-creek,401,415,False,same,roseberry-creek
main:4166,roseberry-creek,246,207,False,same,roseberry-creek
main:4167,roseberry-creek,133,118,False,same,roseberry-creek
main:4168,roseberry-creek,162,118,False,same,roseberry-creek
main:4169,roseberry-creek,150,131,False,same,roseberry-creek
main:4170,roseberry-creek,118,113,False,same,roseberry-creek
main:4171,roseberry-creek,195,178,False,same,roseberry-creek
main:4172,roseberry-creek,359,409,False,same,roseberry-creek
main:4173,roseberry-creek,551,666,False,same,roseberry-creek
main:4174,roseberry-creek,669,821,False,same,roseberry-creek
main:4175,roseberry-creek,768,1006,False,same,roseberry-creek
main:4176,roseberry-creek,880,1203,False,reassigned,mainstem
main:4177,roseberry-creek,1052,1442,False,reassigned,mainstem
main:4178,roseberry-creek,1201,1627,False,reassigned,mainstem
main:4179,roseberry-creek,1432,1895,False,reassigned,mainstem
main:4180,roseberry-creek,1528,2021,False,reassigned,mainstem
main:4181,roseberry-creek,1683,2206,False,reassigned,mainstem
main:4182,roseberry-creek,1900,2445,False,reassigned,mainstem
main:4183,roseberry-creek,2070,2642,False,reassigned,mainstem
main:4184,roseberry-creek,2285,2881,False,reassigned,mainstem
main:4185,roseberry-creek,2269,3167,False,reassigned,mainstem
main:4186,roseberry-creek,2179,3322,False,reassigned,mainstem
main:4187,roseberry-creek,2128,3460,False,reassigned,mainstem
main:4188,roseberry-creek,2249,3340,False,reassigned,mainstem
main:4189,roseberry-creek,2306,3155,False,reassigned,mainstem
main:4190,roseberry-creek,2386,3024,False,reassigned,mainstem
main:4191,roseberry-creek,2494,3120,False,reassigned,mainstem
main:4192,roseberry-creek,2753,3472,False,reassigned,mainstem
main:4193,north-sauty-creek,4071,4816,False,reassigned,mainstem
main:4194,north-sauty-creek,3896,4589,False,reassigned,mainstem
main:4195,north-sauty-creek,3788,4476,False,reassigned,mainstem
main:4196,north-sauty-creek,3644,4291,False,reassigned,mainstem
main:4197,north-sauty-creek,3418,3993,False,reassigned,mainstem
main:4198,north-sauty-creek,3244,3778,False,reassigned,mainstem
main:4199,north-sauty-creek,3171,3736,False,reassigned,mainstem
main:4200,north-sauty-creek,2993,3492,False,reassigned,mainstem
main:4201,north-sauty-creek,2920,3421,False,reassigned,mainstem
main:4202,north-sauty-creek,2717,3182,False,reassigned,mainstem
main:4203,north-sauty-creek,2555,2955,False,reassigned,mainstem
main:4204,north-sauty-creek,2435,3108,False,reassigned,mainstem
main:4205,north-sauty-creek,2385,3281,False,reassigned,mainstem
main:4206,north-sauty-creek,2446,3530,False,reassigned,mainstem
main:4207,north-sauty-creek,2375,3577,False,reassigned,mainstem
main:4208,north-sauty-creek,2218,3461,False,reassigned,mainstem
main:4209,north-sauty-creek,2068,3421,False,reassigned,mainstem
main:4210,north-sauty-creek,2118,3354,False,reassigned,mainstem
main:4211,north-sauty-creek,2270,3170,False,reassigned,mainstem
main:4212,north-sauty-creek,2350,3044,False,reassigned,mainstem
main:4213,north-sauty-creek,2443,2788,False,reassigned,mainstem
main:4214,north-sauty-creek,2322,2603,False,reassigned,mainstem
main:4215,north-sauty-creek,2132,2317,False,reassigned,mainstem
main:4216,north-sauty-creek,1966,2085,False,reassigned,mainstem
main:4217,north-sauty-creek,1914,2159,False,reassigned,mainstem
main:4218,north-sauty-creek,1891,2314,False,reassigned,mainstem
main:4219,north-sauty-creek,1931,2474,False,reassigned,mainstem
main:4220,north-sauty-creek,1817,2390,False,reassigned,mainstem
main:4221,north-sauty-creek,1636,2282,False,reassigned,mainstem
main:4222,north-sauty-creek,1716,2092,False,reassigned,mainstem
main:4223,north-sauty-creek,1725,1902,False,reassigned,mainstem
main:4224,north-sauty-creek,1628,1717,False,reassigned,mainstem
main:4225,north-sauty-creek,1409,1451,False,reassigned,mainstem
main:4226,north-sauty-creek,1352,1500,False,reassigned,mainstem
main:4227,north-sauty-creek,1261,1387,False,reassigned,mainstem
main:4228,north-sauty-creek,1126,1169,False,reassigned,mainstem
main:4229,north-sauty-creek,987,901,False,same,north-sauty-creek
main:4230,north-sauty-creek,1086,824,False,same,north-sauty-creek
main:4231,north-sauty-creek,1162,747,False,same,north-sauty-creek
main:4232,north-sauty-creek,1237,624,False,same,north-sauty-creek
main:4233,north-sauty-creek,1323,453,False,same,north-sauty-creek
main:4234,north-sauty-creek,1426,490,False,same,north-sauty-creek
main:4235,north-sauty-creek,1556,525,False,same,north-sauty-creek
main:4236,north-sauty-creek,1546,404,False,same,north-sauty-creek
main:4237,north-sauty-creek,1586,476,False,same,north-sauty-creek
main:4238,north-sauty-creek,1414,286,False,same,north-sauty-creek
main:4239,north-sauty-creek,1290,101,False,same,north-sauty-creek
main:4240,north-sauty-creek,1386,84,False,same,north-sauty-creek
main:4241,north-sauty-creek,1520,197,False,same,north-sauty-creek
main:4242,north-sauty-creek,1623,340,False,same,north-sauty-creek
main:4243,north-sauty-creek,1658,239,False,same,north-sauty-creek
main:4244,north-sauty-creek,1740,274,False,same,north-sauty-creek
main:4245,north-sauty-creek,1814,350,False,same,north-sauty-creek
main:4246,north-sauty-creek,2008,563,False,same,north-sauty-creek
main:4247,north-sauty-creek,2140,636,False,same,north-sauty-creek
main:4248,north-sauty-creek,2230,744,False,same,north-sauty-creek
main:4249,north-sauty-creek,2354,882,False,same,north-sauty-creek
main:4250,north-sauty-creek,2354,919,False,same,north-sauty-creek
main:4251,north-sauty-creek,2272,843,False,same,north-sauty-creek
main:4252,north-sauty-creek,2130,747,False,same,north-sauty-creek
main:4253,north-sauty-creek,1970,478,False,same,north-sauty-creek
main:4254,north-sauty-creek,1838,399,False,same,north-sauty-creek
main:4255,north-sauty-creek,1710,209,False,same,north-sauty-creek
main:4256,north-sauty-creek,1604,118,False,same,north-sauty-creek
main:4257,north-sauty-creek,1695,113,False,same,north-sauty-creek
main:4258,north-sauty-creek,1804,84,False,same,north-sauty-creek
main:4259,north-sauty-creek,1971,71,False,same,north-sauty-creek
main:4260,north-sauty-creek,2155,71,False,same,north-sauty-creek
main:4261,north-sauty-creek,2268,71,False,same,north-sauty-creek
main:4262,north-sauty-creek,2529,84,False,same,north-sauty-creek
main:4263,north-sauty-creek,2656,0,False,same,north-sauty-creek
main:4264,north-sauty-creek,2554,101,False,same,north-sauty-creek
main:4265,north-sauty-creek,2449,84,False,same,north-sauty-creek
main:4266,north-sauty-creek,2431,42,False,same,north-sauty-creek
main:4267,north-sauty-creek,2211,148,False,same,north-sauty-creek
main:4268,north-sauty-creek,2111,232,False,same,north-sauty-creek
main:4269,north-sauty-creek,2275,71,False,same,north-sauty-creek
main:4270,north-sauty-creek,2196,84,False,same,north-sauty-creek
main:4271,north-sauty-creek,2018,113,False,same,north-sauty-creek
main:4272,north-sauty-creek,1894,113,False,same,north-sauty-creek
main:4273,north-sauty-creek,1748,71,False,same,north-sauty-creek
main:4274,north-sauty-creek,1676,143,False,same,north-sauty-creek
main:4275,north-sauty-creek,1507,113,False,same,north-sauty-creek
main:4276,north-sauty-creek,1409,168,False,same,north-sauty-creek
main:4277,north-sauty-creek,1294,202,False,same,north-sauty-creek
main:4278,north-sauty-creek,1323,118,False,same,north-sauty-creek
main:4279,north-sauty-creek,1213,168,False,same,north-sauty-creek
main:4280,north-sauty-creek,1202,84,False,same,north-sauty-creek
main:4281,north-sauty-creek,1139,101,False,same,north-sauty-creek
main:4282,north-sauty-creek,966,118,False,same,north-sauty-creek
main:4283,north-sauty-creek,855,197,False,same,north-sauty-creek
main:4284,north-sauty-creek,736,148,False,same,north-sauty-creek
main:4285,north-sauty-creek,601,84,False,same,north-sauty-creek
main:4286,north-sauty-creek,429,42,False,same,north-sauty-creek
main:4287,north-sauty-creek,384,71,False,same,north-sauty-creek
main:4288,north-sauty-creek,310,296,False,same,north-sauty-creek
main:4289,north-sauty-creek,346,355,False,same,north-sauty-creek
main:4290,north-sauty-creek,452,444,False,same,north-sauty-creek
main:4291,north-sauty-creek,396,392,False,same,north-sauty-creek
main:4292,north-sauty-creek,371,197,False,same,north-sauty-creek
main:4293,north-sauty-creek,553,251,False,same,north-sauty-creek
main:4294,north-sauty-creek,650,239,False,same,north-sauty-creek
main:4295,north-sauty-creek,784,155,False,same,north-sauty-creek
main:4296,north-sauty-creek,965,113,False,same,north-sauty-creek
main:4297,north-sauty-creek,1117,251,False,same,north-sauty-creek
main:4298,north-sauty-creek,1274,113,False,same,north-sauty-creek
main:4299,north-sauty-creek,1448,42,False,same,north-sauty-creek
main:4300,north-sauty-creek,1388,30,False,same,north-sauty-creek
main:4301,north-sauty-creek,1194,30,False,same,north-sauty-creek
main:4302,north-sauty-creek,1043,126,False,same,north-sauty-creek
main:4303,north-sauty-creek,964,101,False,same,north-sauty-creek
main:4304,north-sauty-creek,802,126,False,same,north-sauty-creek
main:4305,north-sauty-creek,636,197,False,same,north-sauty-creek
main:4306,north-sauty-creek,408,168,False,same,north-sauty-creek
main:4307,north-sauty-creek,254,209,False,same,north-sauty-creek
main:4308,north-sauty-creek,149,168,False,same,north-sauty-creek
main:4309,north-sauty-creek,176,155,False,same,north-sauty-creek
main:4310,north-sauty-creek,300,296,False,same,north-sauty-creek
main:4311,north-sauty-creek,395,385,False,same,north-sauty-creek
main:4312,north-sauty-creek,502,498,False,same,north-sauty-creek
main:4313,north-sauty-creek,677,469,False,same,north-sauty-creek
main:4314,north-sauty-creek,795,357,False,same,north-sauty-creek
main:4315,north-sauty-creek,955,251,False,same,north-sauty-creek
main:4316,north-sauty-creek,1129,155,False,same,north-sauty-creek
main:4317,north-sauty-creek,1254,113,False,same,north-sauty-creek
main:4318,north-sauty-creek,1450,84,False,same,north-sauty-creek
main:4319,north-sauty-creek,1620,84,False,same,north-sauty-creek
main:4320,north-sauty-creek,1776,0,False,same,north-sauty-creek
main:4321,north-sauty-creek,1921,0,False,same,north-sauty-creek
main:4322,north-sauty-creek,2064,0,False,same,north-sauty-creek
main:4323,north-sauty-creek,1814,0,False,same,north-sauty-creek
main:4324,north-sauty-creek,1781,0,False,same,north-sauty-creek
main:4325,north-sauty-creek,1670,30,False,same,north-sauty-creek
main:4326,north-sauty-creek,1548,84,False,same,north-sauty-creek
main:4327,north-sauty-creek,1428,0,False,same,north-sauty-creek
main:4328,north-sauty-creek,1394,0,False,same,north-sauty-creek
main:4329,north-sauty-creek,1275,89,False,same,north-sauty-creek
main:4330,north-sauty-creek,1142,239,False,same,north-sauty-creek
main:4331,north-sauty-creek,997,256,False,same,north-sauty-creek
main:4332,north-sauty-creek,1022,394,False,same,north-sauty-creek
main:4333,north-sauty-creek,1222,609,False,same,north-sauty-creek
main:4334,north-sauty-creek,1326,675,False,same,north-sauty-creek
main:4335,north-sauty-creek,1213,643,False,same,north-sauty-creek
main:4336,north-sauty-creek,1154,678,False,same,north-sauty-creek
main:4337,north-sauty-creek,1021,722,False,same,north-sauty-creek
main:4338,north-sauty-creek,921,812,False,same,north-sauty-creek
main:4339,north-sauty-creek,824,835,False,same,north-sauty-creek
main:4340,north-sauty-creek,788,877,False,same,north-sauty-creek
main:4341,north-sauty-creek,666,680,False,same,north-sauty-creek
main:4342,north-sauty-creek,641,645,False,same,north-sauty-creek
main:4343,north-sauty-creek,465,461,False,same,north-sauty-creek
main:4344,north-sauty-creek,540,544,False,same,north-sauty-creek
main:4345,north-sauty-creek,425,415,False,same,north-sauty-creek
main:4346,north-sauty-creek,543,456,False,same,north-sauty-creek
main:4347,north-sauty-creek,639,498,False,same,north-sauty-creek
main:4348,north-sauty-creek,608,409,False,same,north-sauty-creek
main:4349,north-sauty-creek,530,321,False,same,north-sauty-creek
main:4350,north-sauty-creek,525,173,False,same,north-sauty-creek
main:4351,north-sauty-creek,680,303,False,same,north-sauty-creek
main:4352,north-sauty-creek,567,239,False,same,north-sauty-creek
main:4353,north-sauty-creek,715,323,False,same,north-sauty-creek
main:4354,north-sauty-creek,782,370,False,same,north-sauty-creek
main:4355,north-sauty-creek,711,281,False,same,north-sauty-creek
main:4356,north-sauty-creek,688,173,False,same,north-sauty-creek
main:4357,north-sauty-creek,580,30,False,same,north-sauty-creek
main:4358,north-sauty-creek,697,0,False,same,north-sauty-creek
main:4359,north-sauty-creek,570,30,False,same,north-sauty-creek
main:4360,north-sauty-creek,524,168,False,same,north-sauty-creek
main:4361,north-sauty-creek,463,244,False,same,north-sauty-creek
main:4362,north-sauty-creek,253,269,False,same,north-sauty-creek
main:4363,north-sauty-creek,37,30,False,same,north-sauty-creek
main:4364,north-sauty-creek,106,84,False,same,north-sauty-creek
main:4365,north-sauty-creek,313,0,False,same,north-sauty-creek
main:4366,north-sauty-creek,477,71,False,same,north-sauty-creek
main:4367,north-sauty-creek,619,131,False,same,north-sauty-creek
main:4368,north-sauty-creek,672,30,False,same,north-sauty-creek
main:4369,north-sauty-creek,578,30,False,same,north-sauty-creek
main:4370,north-sauty-creek,382,42,False,same,north-sauty-creek
main:4371,north-sauty-creek,267,71,False,same,north-sauty-creek
main:4372,north-sauty-creek,286,143,False,same,north-sauty-creek
main:4373,north-sauty-creek,284,190,False,same,north-sauty-creek
main:4374,north-sauty-creek,116,84,False,same,north-sauty-creek
main:4375,north-sauty-creek,16,42,False,same,north-sauty-creek
main:4376,north-sauty-creek,142,168,False,same,north-sauty-creek
main:4377,north-sauty-creek,273,227,False,same,north-sauty-creek
main:4378,north-sauty-creek,287,293,False,same,north-sauty-creek
main:4379,north-sauty-creek,219,207,False,same,north-sauty-creek
main:4380,north-sauty-creek,233,207,False,same,north-sauty-creek
main:4381,north-sauty-creek,287,308,False,reassigned,archie-creek
main:4382,north-sauty-creek,460,493,False,reassigned,archie-creek
main:4383,north-sauty-creek,634,645,False,reassigned,archie-creek
main:4384,north-sauty-creek,724,712,False,reassigned,archie-creek
main:4385,archie-creek,440,202,False,same,archie-creek
main:4386,archie-creek,281,168,False,same,archie-creek
main:4387,archie-creek,45,0,False,same,archie-creek
main:4388,archie-creek,56,42,False,same,archie-creek
main:4389,archie-creek,102,155,False,same,archie-creek
main:4390,archie-creek,126,244,False,same,archie-creek
main:4391,archie-creek,310,281,False,same,archie-creek
main:4392,archie-creek,307,168,False,same,archie-creek
main:4393,archie-creek,478,323,False,same,archie-creek
main:4394,archie-creek,577,508,False,same,archie-creek
main:4395,archie-creek,617,490,False,same,archie-creek
main:4396,north-sauty-creek,735,853,False,reassigned,archie-creek
main:4397,north-sauty-creek,703,853,False,reassigned,archie-creek
main:4398,north-sauty-creek,559,596,False,reassigned,archie-creek
main:4399,north-sauty-creek,408,424,False,same,north-sauty-creek
main:4400,north-sauty-creek,458,500,False,same,north-sauty-creek
main:4401,north-sauty-creek,357,424,False,same,north-sauty-creek
main:4402,north-sauty-creek,189,185,False,same,north-sauty-creek
main:4403,north-sauty-creek,139,131,False,same,north-sauty-creek
main:4404,north-sauty-creek,97,89,False,same,north-sauty-creek
main:4405,north-sauty-creek,115,131,False,same,north-sauty-creek
main:4406,north-sauty-creek,73,59,False,same,north-sauty-creek
main:4407,north-sauty-creek,48,42,False,same,north-sauty-creek
main:4408,north-sauty-creek,166,143,False,same,north-sauty-creek
main:4409,north-sauty-creek,58,30,False,same,north-sauty-creek
main:4410,north-sauty-creek,143,148,False,same,north-sauty-creek
main:4411,north-sauty-creek,61,71,False,same,north-sauty-creek
main:4412,north-sauty-creek,129,89,False,same,north-sauty-creek
main:4413,north-sauty-creek,126,118,False,same,north-sauty-creek
main:4414,north-sauty-creek,148,126,False,same,north-sauty-creek
main:4415,north-sauty-creek,230,202,False,same,north-sauty-creek
main:4416,north-sauty-creek,190,197,False,same,north-sauty-creek
main:4417,north-sauty-creek,272,274,False,same,north-sauty-creek
main:4418,north-sauty-creek,255,298,False,same,north-sauty-creek
main:4419,north-sauty-creek,216,209,False,same,north-sauty-creek
main:4420,north-sauty-creek,318,363,False,same,north-sauty-creek
main:4421,north-sauty-creek,203,214,False,same,north-sauty-creek
main:4422,north-sauty-creek,122,113,False,same,north-sauty-creek
main:4423,north-sauty-creek,118,173,False,same,north-sauty-creek
main:4424,north-sauty-creek,67,71,False,same,north-sauty-creek
main:4425,north-sauty-creek,54,197,False,same,north-sauty-creek
main:4426,north-sauty-creek,40,0,False,same,north-sauty-creek
main:4427,north-sauty-creek,22,0,False,same,north-sauty-creek
main:4428,north-sauty-creek,16,0,False,same,north-sauty-creek
main:4429,north-sauty-creek,135,42,False,same,north-sauty-creek
main:4430,north-sauty-creek,254,30,False,same,north-sauty-creek
main:4431,north-sauty-creek,169,84,False,same,north-sauty-creek
main:4432,north-sauty-creek,28,0,False,same,north-sauty-creek
main:4433,north-sauty-creek,137,148,False,same,north-sauty-creek
main:4434,north-sauty-creek,194,202,False,same,north-sauty-creek
main:4435,north-sauty-creek,311,363,False,same,north-sauty-creek
main:4436,north-sauty-creek,166,190,False,same,north-sauty-creek
main:4437,north-sauty-creek,36,30,False,same,north-sauty-creek
main:4438,north-sauty-creek,63,30,False,same,north-sauty-creek
main:4439,north-sauty-creek,8,0,False,same,north-sauty-creek
main:4440,north-sauty-creek,88,0,False,same,north-sauty-creek
main:4441,north-sauty-creek,10,0,False,same,north-sauty-creek
main:4442,north-sauty-creek,13,59,False,same,north-sauty-creek
main:4443,north-sauty-creek,12,0,False,same,north-sauty-creek
main:4444,north-sauty-creek,7,148,False,same,north-sauty-creek
main:4445,north-sauty-creek,14,0,False,same,north-sauty-creek
main:4446,north-sauty-creek,13,0,False,same,north-sauty-creek
main:4447,north-sauty-creek,42,30,False,same,north-sauty-creek
main:4448,north-sauty-creek,15,0,False,same,north-sauty-creek
main:4449,north-sauty-creek,40,148,False,same,north-sauty-creek
main:4450,north-sauty-creek,41,30,False,same,north-sauty-creek
main:4451,north-sauty-creek,72,59,False,same,north-sauty-creek
main:4452,north-sauty-creek,161,214,False,same,north-sauty-creek
main:4453,north-sauty-creek,228,207,False,same,north-sauty-creek
main:4454,north-sauty-creek,210,197,False,same,north-sauty-creek
main:4455,north-sauty-creek,334,335,False,same,north-sauty-creek
main:4456,north-sauty-creek,518,737,False,same,north-sauty-creek
main:4457,north-sauty-creek,606,725,False,same,north-sauty-creek
main:4458,north-sauty-creek,593,617,False,same,north-sauty-creek
main:4459,north-sauty-creek,493,503,False,same,north-sauty-creek
main:4460,north-sauty-creek,469,469,False,same,north-sauty-creek
main:4461,north-sauty-creek,344,326,False,same,north-sauty-creek
main:4462,north-sauty-creek,320,308,False,same,north-sauty-creek
main:4463,north-sauty-creek,446,451,False,same,north-sauty-creek
main:4464,north-sauty-creek,609,725,False,same,north-sauty-creek
main:4465,north-sauty-creek,558,910,False,same,north-sauty-creek
main:4466,north-sauty-creek,666,969,False,same,north-sauty-creek
main:4467,north-sauty-creek,833,1090,False,same,north-sauty-creek
main:4468,north-sauty-creek,1024,1184,False,same,north-sauty-creek
main:4469,north-sauty-creek,878,1077,False,same,north-sauty-creek
main:4470,north-sauty-creek,871,1011,False,same,north-sauty-creek
main:4471,north-sauty-creek,863,932,False,same,north-sauty-creek
main:4472,north-sauty-creek,841,866,False,same,north-sauty-creek
main:4473,north-sauty-creek,914,890,False,same,north-sauty-creek
main:4474,north-sauty-creek,849,910,False,same,north-sauty-creek
main:4475,north-sauty-creek,790,846,False,same,north-sauty-creek
main:4476,north-sauty-creek,644,692,False,same,north-sauty-creek
main:4477,north-sauty-creek,531,661,False,same,north-sauty-creek
main:4478,north-sauty-creek,631,802,False,same,north-sauty-creek
main:4479,north-sauty-creek,681,831,False,same,north-sauty-creek
main:4480,north-sauty-creek,503,493,False,same,north-sauty-creek
main:4481,north-sauty-creek,482,523,False,same,north-sauty-creek
main:4482,north-sauty-creek,491,486,False,same,north-sauty-creek
main:4483,north-sauty-creek,478,466,False,same,north-sauty-creek
main:4484,north-sauty-creek,453,448,False,same,north-sauty-creek
main:4485,north-sauty-creek,353,335,False,same,north-sauty-creek
main:4486,north-sauty-creek,275,251,False,same,north-sauty-creek
main:4487,north-sauty-creek,207,197,False,same,north-sauty-creek
main:4488,north-sauty-creek,175,148,False,same,north-sauty-creek
main:4489,north-sauty-creek,185,178,False,same,north-sauty-creek
main:4490,north-sauty-creek,194,178,False,same,north-sauty-creek
main:4491,north-sauty-creek,205,190,False,same,north-sauty-creek
main:4492,north-sauty-creek,94,71,False,same,north-sauty-creek
main:4493,north-sauty-creek,29,30,False,same,north-sauty-creek
main:4494,north-sauty-creek,85,101,False,same,north-sauty-creek
main:4495,north-sauty-creek,185,168,False,same,north-sauty-creek
main:4496,north-sauty-creek,244,239,False,same,north-sauty-creek
main:4497,north-sauty-creek,359,326,False,same,north-sauty-creek
main:4498,north-sauty-creek,276,279,False,same,north-sauty-creek
main:4499,north-sauty-creek,260,239,False,same,north-sauty-creek
main:4500,north-sauty-creek,416,84,False,same,north-sauty-creek
main:4501,north-sauty-creek,577,30,False,same,north-sauty-creek
main:4502,north-sauty-creek,538,118,False,same,north-sauty-creek
main:4503,north-sauty-creek,387,84,False,same,north-sauty-creek
main:4504,north-sauty-creek,320,185,False,same,north-sauty-creek
main:4505,north-sauty-creek,406,397,False,same,north-sauty-creek
main:4506,north-sauty-creek,395,406,False,same,north-sauty-creek
main:4507,north-sauty-creek,445,419,False,same,north-sauty-creek
main:4508,north-sauty-creek,479,461,False,same,north-sauty-creek
main:4509,north-sauty-creek,397,406,False,same,north-sauty-creek
main:4510,north-sauty-creek,514,503,False,same,north-sauty-creek
main:4511,north-sauty-creek,601,394,False,same,north-sauty-creek
main:4512,north-sauty-creek,672,256,False,same,north-sauty-creek
main:4513,north-sauty-creek,691,178,False,same,north-sauty-creek
main:4514,north-sauty-creek,611,84,False,same,north-sauty-creek
main:4515,north-sauty-creek,534,30,False,same,north-sauty-creek
main:4516,north-sauty-creek,366,190,False,same,north-sauty-creek
main:4517,north-sauty-creek,221,155,False,same,north-sauty-creek
main:4518,north-sauty-creek,334,251,False,same,north-sauty-creek
main:4519,north-sauty-creek,514,333,False,same,north-sauty-creek
main:4520,north-sauty-creek,550,434,False,same,north-sauty-creek
main:4521,north-sauty-creek,474,363,False,same,north-sauty-creek
main:4522,north-sauty-creek,288,113,False,same,north-sauty-creek
main:4523,north-sauty-creek,441,71,False,same,north-sauty-creek
main:4524,north-sauty-creek,577,0,False,same,north-sauty-creek
main:4525,north-sauty-creek,714,0,False,same,north-sauty-creek
main:4526,north-sauty-creek,494,0,False,same,north-sauty-creek
main:4527,north-sauty-creek,290,42,False,same,north-sauty-creek
main:4528,north-sauty-creek,121,84,False,same,north-sauty-creek
main:4529,north-sauty-creek,142,126,False,same,north-sauty-creek
main:4530,north-sauty-creek,237,227,False,same,north-sauty-creek
main:4531,north-sauty-creek,421,406,False,same,north-sauty-creek
main:4532,north-sauty-creek,547,528,False,same,north-sauty-creek
main:4533,north-sauty-creek,662,651,False,same,north-sauty-creek
main:4534,north-sauty-creek,656,565,False,same,north-sauty-creek
main:4535,north-sauty-creek,674,523,False,same,north-sauty-creek
main:4536,north-sauty-creek,626,481,False,same,north-sauty-creek
main:4537,north-sauty-creek,501,350,False,same,north-sauty-creek
main:4538,north-sauty-creek,580,89,False,same,north-sauty-creek
main:4539,north-sauty-creek,769,30,False,same,north-sauty-creek
main:4540,north-sauty-creek,684,0,False,same,north-sauty-creek
main:4541,north-sauty-creek,803,148,False,same,north-sauty-creek
main:4542,north-sauty-creek,958,291,False,same,north-sauty-creek
main:4543,north-sauty-creek,939,237,False,same,north-sauty-creek
main:4544,north-sauty-creek,791,178,False,same,north-sauty-creek
main:4545,north-sauty-creek,963,417,False,same,north-sauty-creek
main:4546,north-sauty-creek,1021,469,False,same,north-sauty-creek
main:4547,mink-creek,1670,1823,False,reassigned,north-sauty-creek
main:4548,mink-creek,1505,1663,False,reassigned,north-sauty-creek
main:4549,mink-creek,1413,1466,False,reassigned,north-sauty-creek
main:4550,mink-creek,1256,1362,False,reassigned,north-sauty-creek
main:4551,mink-creek,1163,1274,False,reassigned,north-sauty-creek
main:4552,mink-creek,963,1013,False,split:mink-creek-jackson,mink-creek-jackson
main:4553,mink-creek,1090,1104,False,split:mink-creek-jackson,mink-creek-jackson
main:4554,mink-creek,838,865,False,split:mink-creek-jackson,mink-creek-jackson
main:4555,mink-creek,836,877,False,split:mink-creek-jackson,mink-creek-jackson
main:4556,mink-creek,662,769,False,split:mink-creek-jackson,mink-creek-jackson
main:4557,mink-creek,520,555,False,split:mink-creek-jackson,mink-creek-jackson
main:4558,mink-creek,350,357,False,split:mink-creek-jackson,mink-creek-jackson
main:4559,mink-creek,402,406,False,split:mink-creek-jackson,mink-creek-jackson
main:4560,mink-creek,260,251,False,split:mink-creek-jackson,mink-creek-jackson
main:4561,mink-creek,442,281,False,split:mink-creek-jackson,mink-creek-jackson
main:4562,mink-creek,506,168,False,split:mink-creek-jackson,mink-creek-jackson
main:4563,mink-creek,518,113,False,split:mink-creek-jackson,mink-creek-jackson
main:4564,mink-creek,601,113,False,split:mink-creek-jackson,mink-creek-jackson
main:4565,mink-creek,672,42,False,split:mink-creek-jackson,mink-creek-jackson
main:4566,mink-creek,892,0,False,split:mink-creek-jackson,mink-creek-jackson
main:4567,mink-creek,874,0,False,split:mink-creek-jackson,mink-creek-jackson
main:4568,mink-creek,716,59,False,split:mink-creek-jackson,mink-creek-jackson
main:4569,mink-creek,539,84,False,split:mink-creek-jackson,mink-creek-jackson
main:4570,mink-creek,410,143,False,split:mink-creek-jackson,mink-creek-jackson
main:4571,mink-creek,321,239,False,split:mink-creek-jackson,mink-creek-jackson
main:4572,mink-creek,276,251,False,split:mink-creek-jackson,mink-creek-jackson
main:4573,mink-creek,477,503,False,split:mink-creek-jackson,mink-creek-jackson
main:4574,mink-creek,652,645,False,split:mink-creek-jackson,mink-creek-jackson
main:4575,mink-creek,473,461,False,split:mink-creek-jackson,mink-creek-jackson
main:4576,mink-creek,157,155,False,split:mink-creek-jackson,mink-creek-jackson
main:4577,mink-creek,10,0,False,split:mink-creek-jackson,mink-creek-jackson
main:4578,mink-creek,217,214,False,split:mink-creek-jackson,mink-creek-jackson
main:4579,mink-creek,270,256,False,split:mink-creek-jackson,mink-creek-jackson
main:4580,mink-creek,169,168,False,split:mink-creek-jackson,mink-creek-jackson
main:4581,mink-creek,232,209,False,split:mink-creek-jackson,mink-creek-jackson
main:4582,mink-creek,288,71,False,split:mink-creek-jackson,mink-creek-jackson
main:4583,mink-creek,477,30,False,split:mink-creek-jackson,mink-creek-jackson
main:4584,mink-creek,518,0,False,split:mink-creek-jackson,mink-creek-jackson
main:4585,mink-creek,386,59,False,split:mink-creek-jackson,mink-creek-jackson
main:4586,mink-creek,247,84,False,split:mink-creek-jackson,mink-creek-jackson
main:4587,mink-creek,161,155,False,split:mink-creek-jackson,mink-creek-jackson
main:4588,mink-creek,122,113,False,split:mink-creek-jackson,mink-creek-jackson
main:4589,mink-creek,159,148,False,split:mink-creek-jackson,mink-creek-jackson
main:4590,mink-creek,131,71,False,split:mink-creek-jackson,mink-creek-jackson
main:4591,mink-creek,64,59,False,split:mink-creek-jackson,mink-creek-jackson
main:4592,mink-creek,3,0,False,split:mink-creek-jackson,mink-creek-jackson
main:4593,mink-creek,43,42,False,split:mink-creek-jackson,mink-creek-jackson
main:4594,mink-creek,160,160,False,split:mink-creek-jackson,mink-creek-jackson
main:4595,mink-creek,116,113,False,split:mink-creek-jackson,mink-creek-jackson
main:4596,mink-creek,166,155,False,split:mink-creek-jackson,mink-creek-jackson
main:4597,mink-creek,202,209,False,split:mink-creek-jackson,mink-creek-jackson
main:4598,mink-creek,319,345,False,split:mink-creek-jackson,mink-creek-jackson
main:4599,mink-creek,325,340,False,split:mink-creek-jackson,mink-creek-jackson
main:4600,mink-creek,239,251,False,split:mink-creek-jackson,mink-creek-jackson
main:4601,mink-creek,422,321,False,split:mink-creek-jackson,mink-creek-jackson
main:4602,mink-creek,538,291,False,split:mink-creek-jackson,mink-creek-jackson
main:4603,mink-creek,298,281,False,split:mink-creek-jackson,mink-creek-jackson
main:4604,mink-creek,77,71,False,split:mink-creek-jackson,mink-creek-jackson
main:4605,mink-creek,63,30,False,split:mink-creek-jackson,mink-creek-jackson
main:4606,mink-creek,236,214,False,split:mink-creek-jackson,mink-creek-jackson
main:4607,mink-creek,413,266,False,split:mink-creek-jackson,mink-creek-jackson
main:4608,mink-creek,459,131,False,split:mink-creek-jackson,mink-creek-jackson
main:4609,mink-creek,561,0,False,split:mink-creek-jackson,mink-creek-jackson
main:4610,mink-creek,442,30,False,split:mink-creek-jackson,mink-creek-jackson
main:4611,mink-creek,561,256,False,split:mink-creek-jackson,mink-creek-jackson
main:4612,mink-creek,595,422,False,split:mink-creek-jackson,mink-creek-jackson
main:4613,mink-creek,628,493,False,split:mink-creek-jackson,mink-creek-jackson
main:4614,mink-creek,449,326,False,split:mink-creek-jackson,mink-creek-jackson
main:4615,mink-creek,488,469,False,split:mink-creek-jackson,mink-creek-jackson
main:4616,mink-creek,652,717,False,split:mink-creek-jackson,mink-creek-jackson
main:4617,mink-creek,849,835,False,reassigned,mainstem
main:4618,mink-creek,1022,1033,False,reassigned,mainstem
main:4619,mink-creek,1148,1242,False,reassigned,mainstem
main:4620,mink-creek,1271,1291,False,reassigned,mainstem
main:4621,mink-creek,1362,1441,False,reassigned,mainstem
main:4622,mink-creek,1504,1589,False,reassigned,mainstem
main:4623,mink-creek,1513,1525,False,reassigned,mainstem
main:4624,mink-creek,1619,1722,False,reassigned,mainstem
main:4625,mink-creek,1824,1877,False,reassigned,mainstem
main:4626,mink-creek,1910,1949,False,reassigned,mainstem
main:4627,mink-creek,1978,2069,False,reassigned,mainstem
main:4628,south-sauty-creek,3000,3817,False,reassigned,mainstem
main:4629,south-sauty-creek,2820,3991,False,reassigned,mainstem
main:4630,south-sauty-creek,2732,3999,False,reassigned,mainstem
main:4631,south-sauty-creek,2639,4070,False,reassigned,mainstem
main:4632,south-sauty-creek,2786,3861,False,reassigned,mainstem
main:4633,mink-creek,1809,1917,False,reassigned,mainstem
main:4634,mink-creek,1631,1720,False,reassigned,mainstem
main:4635,mink-creek,1427,1476,False,reassigned,mainstem
main:4636,mink-creek,1526,1567,False,reassigned,mainstem
main:4637,mink-creek,1698,1717,False,reassigned,mainstem
main:4638,south-sauty-creek,2660,2665,False,reassigned,mainstem
main:4639,south-sauty-creek,2500,2517,False,reassigned,mainstem
main:4640,south-sauty-creek,2322,2339,False,reassigned,mainstem
main:4641,south-sauty-creek,2126,2169,False,reassigned,mainstem
main:4642,south-sauty-creek,1988,2058,False,reassigned,mainstem
main:4643,south-sauty-creek,1864,1983,False,reassigned,mainstem
main:4644,south-sauty-creek,1748,1865,False,reassigned,mainstem
main:4645,south-sauty-creek,1888,2044,False,reassigned,mainstem
main:4646,south-sauty-creek,1975,2140,False,reassigned,mainstem
main:4647,south-sauty-creek,1774,1896,False,reassigned,mainstem
main:4648,south-sauty-creek,1582,1701,False,reassigned,mainstem
main:4649,south-sauty-creek,1425,1536,False,reassigned,mainstem
main:4650,south-sauty-creek,1380,1479,False,reassigned,mainstem
main:4651,south-sauty-creek,1310,1350,False,reassigned,mainstem
main:4652,south-sauty-creek,1272,1274,False,reassigned,mainstem
main:4653,south-sauty-creek,1295,1343,False,reassigned,mainstem
main:4654,south-sauty-creek,1359,1459,False,reassigned,mainstem
main:4655,south-sauty-creek,1453,1541,False,reassigned,mainstem
main:4656,south-sauty-creek,1437,1686,False,reassigned,mainstem
main:4657,south-sauty-creek,1350,1792,False,reassigned,mainstem
main:4658,south-sauty-creek,1318,1327,False,same,south-sauty-creek
main:4659,south-sauty-creek,1478,1507,False,reassigned,boshart-creek
main:4660,boshart-creek,991,963,False,same,boshart-creek
main:4661,boshart-creek,857,872,False,same,boshart-creek
main:4662,boshart-creek,687,700,False,same,boshart-creek
main:4663,boshart-creek,651,628,False,same,boshart-creek
main:4664,boshart-creek,486,490,False,same,boshart-creek
main:4665,boshart-creek,291,281,False,same,boshart-creek
main:4666,boshart-creek,148,113,False,same,boshart-creek
main:4667,boshart-creek,223,101,False,same,boshart-creek
main:4668,boshart-creek,366,178,False,same,boshart-creek
main:4669,boshart-creek,466,113,False,same,boshart-creek
main:4670,boshart-creek,614,185,False,same,boshart-creek
main:4671,boshart-creek,809,202,False,same,boshart-creek
main:4672,boshart-creek,893,173,False,same,boshart-creek
main:4673,boshart-creek,1006,113,False,same,boshart-creek
main:4674,boshart-creek,1180,237,False,same,boshart-creek
main:4675,boshart-creek,1300,321,False,same,boshart-creek
main:4676,boshart-creek,1185,148,False,same,boshart-creek
main:4677,boshart-creek,1373,148,False,same,boshart-creek
main:4678,boshart-creek,1388,30,False,same,boshart-creek
main:4679,boshart-creek,1318,59,False,same,boshart-creek
main:4680,boshart-creek,1198,0,False,same,boshart-creek
main:4681,boshart-creek,1072,42,False,same,boshart-creek
main:4682,boshart-creek,938,113,False,same,boshart-creek
main:4683,boshart-creek,798,30,False,same,boshart-creek
main:4684,boshart-creek,732,0,False,same,boshart-creek
main:4685,boshart-creek,740,42,False,same,boshart-creek
main:4686,boshart-creek,634,197,False,same,boshart-creek
main:4687,boshart-creek,525,126,False,same,boshart-creek
main:4688,boshart-creek,504,269,False,same,boshart-creek
main:4689,boshart-creek,396,148,False,same,boshart-creek
main:4690,boshart-creek,247,30,False,same,boshart-creek
main:4691,boshart-creek,138,126,False,same,boshart-creek
main:4692,boshart-creek,81,84,False,same,boshart-creek
main:4693,boshart-creek,232,249,False,same,boshart-creek
main:4694,boshart-creek,148,190,False,same,boshart-creek
main:4695,boshart-creek,72,30,False,same,boshart-creek
main:4696,boshart-creek,262,30,False,same,boshart-creek
main:4697,boshart-creek,117,59,False,same,boshart-creek
main:4698,boshart-creek,192,160,False,same,boshart-creek
main:4699,boshart-creek,147,126,False,same,boshart-creek
main:4700,boshart-creek,139,126,False,same,boshart-creek
main:4701,boshart-creek,45,59,False,same,boshart-creek
main:4702,boshart-creek,135,168,False,same,boshart-creek
main:4703,boshart-creek,186,209,False,same,boshart-creek
main:4704,boshart-creek,158,160,False,same,boshart-creek
main:4705,boshart-creek,99,89,False,same,boshart-creek
main:4706,boshart-creek,62,42,False,same,boshart-creek
main:4707,boshart-creek,51,30,False,same,boshart-creek
main:4708,boshart-creek,39,42,False,same,boshart-creek
main:4709,boshart-creek,0,30,False,same,boshart-creek
main:4710,boshart-creek,38,30,False,same,boshart-creek
main:4711,boshart-creek,62,59,False,same,boshart-creek
main:4712,boshart-creek,56,42,False,same,boshart-creek
main:4713,boshart-creek,77,59,False,same,boshart-creek
main:4714,boshart-creek,206,178,False,same,boshart-creek
main:4715,boshart-creek,112,101,False,same,boshart-creek
main:4716,boshart-creek,10,0,False,same,boshart-creek
main:4717,boshart-creek,173,168,False,same,boshart-creek
main:4718,boshart-creek,314,352,False,same,boshart-creek
main:4719,boshart-creek,433,441,False,same,boshart-creek
main:4720,boshart-creek,332,328,False,same,boshart-creek
main:4721,boshart-creek,342,338,False,same,boshart-creek
main:4722,boshart-creek,272,286,False,same,boshart-creek
main:4723,boshart-creek,189,185,False,same,boshart-creek
main:4724,boshart-creek,152,126,False,same,boshart-creek
main:4725,boshart-creek,170,155,False,same,boshart-creek
main:4726,boshart-creek,100,101,False,same,boshart-creek
main:4727,boshart-creek,76,71,False,same,boshart-creek
main:4728,boshart-creek,150,126,False,same,boshart-creek
main:4729,boshart-creek,251,227,False,same,boshart-creek
main:4730,boshart-creek,144,126,False,same,boshart-creek
main:4731,boshart-creek,214,209,False,same,boshart-creek
main:4732,boshart-creek,399,377,False,same,boshart-creek
main:4733,boshart-creek,606,574,False,same,boshart-creek
main:4734,boshart-creek,824,825,False,same,boshart-creek
main:4735,boshart-creek,873,951,False,same,boshart-creek
main:4736,boshart-creek,880,1118,False,same,boshart-creek
main:4737,baker-spring-branch,1212,1274,False,reassigned,mainstem
main:4738,baker-spring-branch,1045,1077,False,same,baker-spring-branch
main:4739,baker-spring-branch,862,867,False,same,baker-spring-branch
main:4740,baker-spring-branch,660,658,False,same,baker-spring-branch
main:4741,baker-spring-branch,496,490,False,same,baker-spring-branch
main:4742,baker-spring-branch,329,335,False,same,baker-spring-branch
main:4743,baker-spring-branch,180,168,False,same,baker-spring-branch
main:4744,baker-spring-branch,143,118,False,same,baker-spring-branch
main:4745,baker-spring-branch,255,281,False,same,baker-spring-branch
main:4746,baker-spring-branch,393,377,False,same,baker-spring-branch
main:4747,baker-spring-branch,615,604,False,same,baker-spring-branch
main:4748,baker-spring-branch,755,818,False,same,baker-spring-branch
main:4749,baker-spring-branch,761,860,False,same,baker-spring-branch
main:4750,baker-spring-branch,534,715,False,same,baker-spring-branch
main:4751,baker-spring-branch,466,525,False,same,baker-spring-branch
main:4752,baker-spring-branch,302,310,False,same,baker-spring-branch
main:4753,baker-spring-branch,123,113,False,same,baker-spring-branch
main:4754,baker-spring-branch,7,30,False,same,baker-spring-branch
main:4755,baker-spring-branch,101,84,False,same,baker-spring-branch
main:4756,baker-spring-branch,222,30,False,same,baker-spring-branch
main:4757,baker-spring-branch,412,168,False,same,baker-spring-branch
main:4758,baker-spring-branch,403,71,False,same,baker-spring-branch
main:4759,baker-spring-branch,636,89,False,same,baker-spring-branch
main:4760,baker-spring-branch,776,0,False,same,baker-spring-branch
main:4761,baker-spring-branch,680,30,False,same,baker-spring-branch
main:4762,baker-spring-branch,499,42,False,same,baker-spring-branch
main:4763,baker-spring-branch,245,101,False,same,baker-spring-branch
main:4764,baker-spring-branch,137,126,False,same,baker-spring-branch
main:4765,baker-spring-branch,368,352,False,same,baker-spring-branch
main:4766,baker-spring-branch,514,490,False,same,baker-spring-branch
main:4767,baker-spring-branch,728,741,False,same,baker-spring-branch
main:4768,baker-spring-branch,849,867,False,same,baker-spring-branch
main:4769,baker-spring-branch,1070,1077,False,reassigned,mainstem
main:4770,baker-spring-branch,1271,1256,False,reassigned,mainstem
main:4771,baker-spring-branch,1416,1412,False,reassigned,mainstem
main:4772,baker-spring-branch,1669,1633,False,reassigned,mainstem
main:4773,baker-spring-branch,1871,1872,False,reassigned,mainstem
main:4774,chandler-branch,2860,3075,False,reassigned,mainstem
main:4775,chandler-branch,2698,2902,False,reassigned,mainstem
main:4776,chandler-branch,2627,2873,False,reassigned,mainstem
main:4777,chandler-branch,2548,2801,False,reassigned,mainstem
main:4778,chandler-branch,2340,2503,False,reassigned,mainstem
main:4779,chandler-branch,2167,2330,False,reassigned,mainstem
main:4780,chandler-branch,2105,2252,False,reassigned,mainstem
main:4781,chandler-branch,1902,2079,False,reassigned,mainstem
main:4782,chandler-branch,1740,1847,False,reassigned,mainstem
main:4783,chandler-branch,1567,1680,False,reassigned,mainstem
main:4784,chandler-branch,1648,1798,False,reassigned,mainstem
main:4785,chandler-branch,1552,1709,False,reassigned,mainstem
main:4786,chandler-branch,1444,1596,False,reassigned,mainstem
main:4787,chandler-branch,1308,1387,False,reassigned,mainstem
main:4788,chandler-branch,1234,1399,False,reassigned,mainstem
main:4789,chandler-branch,1146,1226,False,reassigned,mainstem
main:4790,chandler-branch,980,1019,False,reassigned,mainstem
main:4791,chandler-branch,965,977,False,reassigned,mainstem
main:4792,chandler-branch,1028,1096,False,reassigned,mainstem
main:4793,chandler-branch,808,998,False,reassigned,mainstem
main:4794,chandler-branch,754,741,False,same,chandler-branch
main:4795,chandler-branch,620,616,False,same,chandler-branch
main:4796,chandler-branch,454,461,False,same,chandler-branch
main:4797,chandler-branch,309,310,False,same,chandler-branch
main:4798,chandler-branch,247,207,False,same,chandler-branch
main:4799,chandler-branch,345,126,False,same,chandler-branch
main:4800,chandler-branch,506,84,False,same,chandler-branch
main:4801,chandler-branch,757,251,False,same,chandler-branch
main:4802,chandler-branch,845,293,False,same,chandler-branch
main:4803,chandler-branch,647,30,False,same,chandler-branch
main:4804,chandler-branch,762,160,False,same,chandler-branch
main:4805,chandler-branch,903,220,False,same,chandler-branch
main:4806,chandler-branch,973,173,False,same,chandler-branch
main:4807,chandler-branch,954,71,False,same,chandler-branch
main:4808,chandler-branch,902,71,False,same,chandler-branch
main:4809,chandler-branch,820,42,False,same,chandler-branch
main:4810,chandler-branch,749,0,False,same,chandler-branch
main:4811,chandler-branch,744,0,False,same,chandler-branch
main:4812,chandler-branch,666,42,False,same,chandler-branch
main:4813,chandler-branch,710,84,False,same,chandler-branch
main:4814,chandler-branch,758,101,False,same,chandler-branch
main:4815,chandler-branch,830,143,False,same,chandler-branch
main:4816,chandler-branch,666,71,False,same,chandler-branch
main:4817,chandler-branch,516,0,False,same,chandler-branch
main:4818,chandler-branch,618,0,False,same,chandler-branch
main:4819,chandler-branch,591,0,False,same,chandler-branch
main:4820,chandler-branch,426,59,False,same,chandler-branch
main:4821,chandler-branch,268,160,False,same,chandler-branch
main:4822,chandler-branch,179,168,False,same,chandler-branch
main:4823,chandler-branch,126,89,False,same,chandler-branch
main:4824,chandler-branch,65,42,False,same,chandler-branch
main:4825,chandler-branch,48,30,False,same,chandler-branch
main:4826,chandler-branch,5,0,False,same,chandler-branch
main:4827,chandler-branch,55,0,False,same,chandler-branch
main:4828,chandler-branch,56,42,False,same,chandler-branch
main:4829,chandler-branch,78,59,False,same,chandler-branch
main:4830,chandler-branch,213,197,False,same,chandler-branch
main:4831,chandler-branch,334,323,False,same,chandler-branch
main:4832,chandler-branch,357,562,False,same,chandler-branch
main:4833,chandler-branch,476,670,False,same,chandler-branch
main:4834,chandler-branch,508,879,False,same,chandler-branch
main:4835,chandler-branch,585,1005,False,same,chandler-branch
main:4836,chandler-branch,752,1077,False,same,chandler-branch
main:4837,chandler-branch,811,993,False,same,chandler-branch
main:4838,chandler-branch,954,1254,False,same,chandler-branch
main:4839,chandler-branch,939,1402,False,same,chandler-branch
main:4840,chandler-branch,1029,1427,False,reassigned,mainstem
main:4841,chandler-branch,1113,1547,False,reassigned,mainstem
main:4842,chandler-branch,1220,1767,False,reassigned,mainstem
main:4843,chandler-branch,1082,1981,False,reassigned,mainstem
main:4844,chandler-branch,1179,1922,False,reassigned,mainstem
main:4845,chandler-branch,1234,2117,False,reassigned,mainstem
main:4846,chandler-branch,1445,2262,False,reassigned,mainstem
main:4847,chandler-branch,1459,2410,False,reassigned,mainstem
main:4848,chandler-branch,1606,2578,False,reassigned,mainstem
main:4849,chandler-branch,1840,2676,False,reassigned,mainstem
main:4850,chandler-branch,1959,2814,False,reassigned,mainstem
main:4851,chandler-branch,2117,2981,False,reassigned,mainstem
main:4852,chandler-branch,2269,3119,False,reassigned,mainstem
main:4853,chandler-branch,2316,3304,False,reassigned,mainstem
main:4854,seibold-branch,1842,1988,False,reassigned,mainstem
main:4855,seibold-branch,1624,1796,False,reassigned,mainstem
main:4856,seibold-branch,1579,1636,False,reassigned,mainstem
main:4857,seibold-branch,1471,1475,False,reassigned,mainstem
main:4858,seibold-branch,1478,1481,False,reassigned,mainstem
main:4859,seibold-branch,1517,1510,False,reassigned,mainstem
main:4860,seibold-branch,1366,1411,False,reassigned,mainstem
main:4861,seibold-branch,1268,1312,False,reassigned,mainstem
main:4862,seibold-branch,1161,1231,False,reassigned,mainstem
main:4863,seibold-branch,1016,1171,False,same,seibold-branch
main:4864,seibold-branch,966,1265,False,same,seibold-branch
main:4865,seibold-branch,791,1359,False,same,seibold-branch
main:4866,seibold-branch,683,1438,False,same,seibold-branch
main:4867,seibold-branch,651,1332,False,same,seibold-branch
main:4868,seibold-branch,737,1189,False,same,seibold-branch
main:4869,seibold-branch,756,1075,False,same,seibold-branch
main:4870,seibold-branch,796,932,False,same,seibold-branch
main:4871,seibold-branch,600,735,False,same,seibold-branch
main:4872,seibold-branch,562,563,False,same,seibold-branch
main:4873,seibold-branch,384,397,False,same,seibold-branch
main:4874,seibold-branch,303,308,False,same,seibold-branch
main:4875,seibold-branch,370,355,False,same,seibold-branch
main:4876,seibold-branch,456,444,False,same,seibold-branch
main:4877,seibold-branch,339,338,False,same,seibold-branch
main:4878,seibold-branch,284,266,False,same,seibold-branch
main:4879,seibold-branch,257,251,False,same,seibold-branch
main:4880,seibold-branch,424,424,False,same,seibold-branch
main:4881,seibold-branch,407,417,False,same,seibold-branch
main:4882,seibold-branch,322,338,False,same,seibold-branch
main:4883,seibold-branch,148,148,False,same,seibold-branch
main:4884,seibold-branch,4,0,False,same,seibold-branch
main:4885,seibold-branch,183,209,False,reassigned,mccorkle-branch
main:4886,seibold-branch,295,335,False,reassigned,mccorkle-branch
main:4887,seibold-branch,326,323,False,reassigned,mccorkle-branch
main:4888,mccorkle-branch,31,0,False,same,mccorkle-branch
main:4889,mccorkle-branch,59,0,False,same,mccorkle-branch
main:4890,mccorkle-branch,28,0,False,same,mccorkle-branch
main:4891,seibold-branch,386,607,False,reassigned,mccorkle-branch
main:4892,seibold-branch,357,518,False,reassigned,mccorkle-branch
main:4893,seibold-branch,349,577,False,reassigned,mccorkle-branch
main:4894,seibold-branch,330,505,False,reassigned,mccorkle-branch
main:4895,seibold-branch,308,552,False,reassigned,mccorkle-branch
main:4896,seibold-branch,292,333,False,reassigned,mccorkle-branch
main:4897,seibold-branch,108,126,False,reassigned,mccorkle-branch
main:4898,seibold-branch,68,42,False,same,seibold-branch
main:4899,seibold-branch,89,173,False,same,seibold-branch
main:4900,seibold-branch,32,30,False,same,seibold-branch
main:4901,seibold-branch,5,173,False,same,seibold-branch
main:4902,seibold-branch,34,30,False,same,seibold-branch
main:4903,seibold-branch,90,84,False,same,seibold-branch
main:4904,seibold-branch,164,542,False,same,seibold-branch
main:4905,seibold-branch,319,695,False,same,seibold-branch
main:4906,seibold-branch,387,814,False,same,seibold-branch
main:4907,seibold-branch,416,737,False,same,seibold-branch
main:4908,seibold-branch,297,594,False,same,seibold-branch
main:4909,seibold-branch,3,0,False,same,seibold-branch
main:4910,seibold-branch,42,0,False,same,seibold-branch
main:4911,seibold-branch,195,202,False,same,seibold-branch
main:4912,seibold-branch,85,399,False,same,seibold-branch
main:4913,seibold-branch,263,535,False,same,seibold-branch
main:4914,seibold-branch,274,375,False,same,seibold-branch
main:4915,seibold-branch,429,459,False,same,seibold-branch
main:4916,seibold-branch,663,687,False,same,seibold-branch
main:4917,seibold-branch,811,884,False,same,seibold-branch
main:4918,seibold-branch,867,884,False,same,seibold-branch
main:4919,seibold-branch,638,616,False,same,seibold-branch
main:4920,seibold-branch,736,764,False,same,seibold-branch
main:4921,seibold-branch,895,996,False,same,seibold-branch
main:4922,seibold-branch,983,1067,False,same,seibold-branch
main:4923,seibold-branch,1104,1146,False,reassigned,mainstem
main:4924,seibold-branch,1118,1163,False,reassigned,mainstem
main:4925,seibold-branch,1311,1437,False,reassigned,mainstem
main:4926,seibold-branch,1474,1580,False,reassigned,mainstem
main:4927,seibold-branch,1403,1794,False,reassigned,mainstem
main:4928,seibold-branch,1582,1829,False,reassigned,mainstem
main:4929,seibold-branch,1641,1782,False,reassigned,mainstem
main:4930,seibold-branch,1743,1932,False,reassigned,mainstem
main:4931,seibold-branch,1829,2093,False,reassigned,mainstem
main:4932,seibold-branch,1828,1962,False,reassigned,mainstem
main:4933,seibold-branch,1970,2159,False,reassigned,mainstem
main:4934,seibold-branch,1946,2361,False,reassigned,mainstem
main:4935,seibold-branch,1847,2534,False,reassigned,mainstem
main:4936,seibold-branch,1701,2706,False,reassigned,mainstem
main:4937,seibold-branch,1630,2773,False,reassigned,mainstem
main:4938,seibold-branch,1816,2588,False,reassigned,mainstem
main:4939,seibold-branch,1941,2499,False,reassigned,mainstem
main:4940,seibold-branch,1819,2714,False,reassigned,mainstem
main:4941,seibold-branch,1995,2635,False,reassigned,mainstem
main:4942,seibold-branch,2096,2497,False,reassigned,mainstem
main:4943,seibold-branch,2133,2527,False,reassigned,mainstem
main:4944,seibold-branch,2159,2758,False,reassigned,mainstem
main:4945,seibold-branch,2030,2872,False,reassigned,mainstem
main:4946,seibold-branch,2136,2931,False,reassigned,mainstem
main:4947,seibold-branch,2308,2832,False,reassigned,mainstem
main:4948,seibold-branch,2434,2839,False,reassigned,mainstem
main:4949,seibold-branch,2582,2918,False,reassigned,mainstem
main:4950,seibold-branch,2446,3090,False,reassigned,mainstem
main:4951,seibold-branch,2570,3031,False,reassigned,mainstem
main:4952,seibold-branch,2600,3241,False,reassigned,mainstem
main:4953,big-spring-creek,3970,10842,False,reassigned,mainstem
main:4954,big-spring-creek,3884,11022,False,reassigned,mainstem
main:4955,big-spring-creek,3741,11153,False,reassigned,mainstem
main:4956,big-spring-creek,3664,11029,False,reassigned,mainstem
main:4957,big-spring-creek,3683,10953,False,reassigned,mainstem
main:4958,town-creek,4205,5137,False,reassigned,mainstem
main:4959,town-creek,4126,5161,False,reassigned,mainstem
main:4960,town-creek,4039,5120,False,reassigned,mainstem
main:4961,town-creek,3979,4942,False,reassigned,mainstem
main:4962,town-creek,3818,4828,False,reassigned,mainstem
main:4963,town-creek,3788,4686,False,reassigned,mainstem
main:4964,town-creek,3675,4614,False,reassigned,mainstem
main:4965,town-creek,3570,4530,False,reassigned,mainstem
main:4966,town-creek,3542,4358,False,reassigned,mainstem
main:4967,town-creek,3365,4185,False,reassigned,mainstem
main:4968,town-creek,3272,4101,False,reassigned,mainstem
main:4969,town-creek,3169,3857,False,reassigned,mainstem
main:4970,town-creek,3019,3758,False,reassigned,mainstem
main:4971,town-creek,2822,3586,False,reassigned,mainstem
main:4972,town-creek,2732,3389,False,reassigned,mainstem
main:4973,town-creek,2668,3246,False,reassigned,mainstem
main:4974,town-creek,2532,3211,False,reassigned,mainstem
main:4975,town-creek,2446,3115,False,reassigned,mainstem
main:4976,town-creek,2432,2972,False,reassigned,mainstem
main:4977,town-creek,2342,2770,False,reassigned,mainstem
main:4978,town-creek,2220,2664,False,reassigned,mainstem
main:4979,town-creek,2023,2414,False,reassigned,mainstem
main:4980,town-creek,1889,2331,False,reassigned,mainstem
main:4981,town-creek,1859,2205,False,reassigned,mainstem
main:4982,town-creek,1878,1961,False,reassigned,mainstem
main:4983,town-creek,1758,1788,False,reassigned,mainstem
main:4984,town-creek,1504,1572,False,reassigned,mainstem
main:4985,town-creek,1318,1385,False,reassigned,mainstem
main:4986,town-creek,1204,1277,False,reassigned,mainstem
main:4987,town-creek,1060,1161,False,reassigned,mainstem
main:4988,town-creek,1014,1100,False,reassigned,mainstem
main:4989,town-creek,981,1014,False,reassigned,mainstem
main:4990,town-creek,1024,1085,False,reassigned,mainstem
main:4991,town-creek,1123,1201,False,reassigned,mainstem
main:4992,town-creek,1256,1475,False,reassigned,mainstem
main:4993,town-creek,1260,1386,False,reassigned,mainstem
main:4994,town-creek,1353,1482,False,reassigned,mainstem
main:4995,town-creek,1291,1417,False,reassigned,mainstem
main:4996,town-creek,1414,1590,False,reassigned,mainstem
main:4997,town-creek,1369,1501,False,reassigned,mainstem
main:4998,town-creek,1494,1592,False,reassigned,mainstem
main:4999,town-creek,1632,1807,False,reassigned,mainstem
main:5000,town-creek,1592,1747,False,reassigned,mainstem
main:5001,town-creek,1708,1831,False,reassigned,mainstem
main:5002,short-creek,1073,1108,False,reassigned,mainstem
main:5003,short-creek,1142,1246,False,reassigned,mainstem
main:5004,short-creek,984,1056,False,reassigned,mainstem
main:5005,short-creek,912,1016,False,reassigned,mainstem
main:5006,short-creek,1125,1238,False,reassigned,mainstem
main:5007,short-creek,939,1036,False,reassigned,mainstem
main:5008,short-creek,911,1013,False,reassigned,mainstem
main:5009,short-creek,839,902,False,reassigned,mainstem
main:5010,short-creek,1029,1064,False,reassigned,mainstem
main:5011,short-creek,905,956,False,reassigned,mainstem
main:5012,short-creek,1012,1092,False,reassigned,mainstem
main:5013,short-creek,1069,1173,False,reassigned,mainstem
main:5014,short-creek,1251,1405,False,reassigned,mainstem
main:5015,short-creek,1177,1280,False,reassigned,mainstem
main:5016,short-creek,1327,1440,False,reassigned,mainstem
main:5017,short-creek,1417,1551,False,reassigned,mainstem
main:5018,short-creek,1590,1704,False,reassigned,mainstem
main:5019,short-creek,1608,1847,False,reassigned,mainstem
main:5020,big-spring-creek,2528,2599,False,reassigned,mainstem
main:5021,big-spring-creek,2397,2427,False,reassigned,mainstem
main:5022,big-spring-creek,2481,2533,False,reassigned,mainstem
main:5023,big-spring-creek,2376,2444,False,reassigned,mainstem
main:5024,big-spring-creek,2239,2254,False,reassigned,mainstem
main:5025,big-spring-creek,2259,2279,False,reassigned,mainstem
main:5026,big-spring-creek,2238,2306,False,reassigned,mainstem
main:5027,big-spring-creek,2143,2205,False,reassigned,mainstem
main:5028,big-spring-creek,2163,2245,False,reassigned,mainstem
main:5029,big-spring-creek,2094,2208,False,reassigned,mainstem
main:5030,big-spring-creek,2104,2248,False,reassigned,mainstem
main:5031,big-spring-creek,2006,2162,False,reassigned,mainstem
main:5032,big-spring-creek,1863,2019,False,reassigned,mainstem
main:5033,big-spring-creek,1795,1921,False,reassigned,mainstem
main:5034,big-spring-creek,1994,2182,False,reassigned,mainstem
main:5035,big-spring-creek,2113,2372,False,reassigned,mainstem
main:5036,big-spring-creek,2291,2493,False,reassigned,mainstem
main:5037,big-spring-creek,2396,2582,False,reassigned,mainstem
main:5038,big-spring-creek,2593,2759,False,reassigned,mainstem
main:5039,big-spring-creek,2438,2604,False,reassigned,mainstem
main:5040,big-spring-creek,2257,2444,False,reassigned,mainstem
main:5041,big-spring-creek,2217,2358,False,reassigned,mainstem
main:5042,big-spring-creek,2242,2442,False,reassigned,mainstem
main:5043,big-spring-creek,2315,2538,False,reassigned,mainstem
main:5044,big-spring-creek,2087,2379,False,reassigned,mainstem
main:5045,big-spring-creek,2003,2296,False,reassigned,mainstem
main:5046,big-spring-creek,1854,2069,False,reassigned,mainstem
main:5047,big-spring-creek,1665,2002,False,reassigned,mainstem
main:5048,big-spring-creek,1714,1830,False,reassigned,mainstem
main:5049,big-spring-creek,1547,1621,False,reassigned,mainstem
main:5050,big-spring-creek,1424,1483,False,reassigned,mainstem
main:5051,big-spring-creek,1440,1463,False,same,big-spring-creek
main:5052,big-spring-creek,1572,1643,False,same,big-spring-creek
main:5053,big-spring-creek,1674,1756,False,same,big-spring-creek
main:5054,big-spring-creek,1739,1828,False,same,big-spring-creek
main:5055,big-spring-creek,1592,1717,False,same,big-spring-creek
main:5056,big-spring-creek,1454,1556,False,same,big-spring-creek
main:5057,big-spring-creek,1427,1650,False,same,big-spring-creek
main:5058,big-spring-creek,1315,1490,False,same,big-spring-creek
main:5059,big-spring-creek,1261,1317,False,same,big-spring-creek
main:5060,big-spring-creek,1083,1140,False,same,big-spring-creek
main:5061,big-spring-creek,981,1053,False,same,big-spring-creek
main:5062,big-spring-creek,973,991,False,reassigned,mainstem
main:5063,big-spring-creek,953,951,False,reassigned,mainstem
main:5066,big-spring-creek,1295,1464,False,reassigned,mainstem
main:5067,big-spring-creek,1386,1523,False,reassigned,mainstem
main:5068,big-spring-creek,1499,1636,False,reassigned,mainstem
main:5069,big-spring-creek,1639,1744,False,reassigned,mainstem
main:5070,big-spring-creek,1526,2006,False,reassigned,mainstem
main:5071,big-spring-creek,1420,2149,False,reassigned,mainstem
main:5072,big-spring-creek,1489,2292,False,reassigned,mainstem
main:5073,big-spring-creek,1544,2501,False,reassigned,mainstem
main:5074,big-spring-creek,1692,2747,False,reassigned,mainstem
main:5075,big-spring-creek,1759,2831,False,reassigned,mainstem
main:5076,big-spring-creek,1848,2999,False,reassigned,mainstem
main:5077,big-spring-creek,2035,3131,False,reassigned,mainstem
main:5078,big-spring-creek,2146,3262,False,reassigned,mainstem
main:5079,big-spring-creek,2127,3422,False,reassigned,mainstem
main:5080,big-spring-creek,2164,3588,False,reassigned,mainstem
main:5081,big-spring-creek,2186,3672,False,reassigned,mainstem
main:5082,big-spring-creek,2486,3888,False,reassigned,mainstem
main:5083,big-spring-creek,2577,3967,False,reassigned,mainstem
main:5084,big-spring-creek,2732,4147,False,reassigned,mainstem
main:5085,big-spring-creek,2764,4159,False,reassigned,mainstem
main:5086,big-spring-creek,2653,3920,False,reassigned,mainstem
main:5087,big-spring-creek,2850,4152,False,reassigned,mainstem
main:5088,big-spring-creek,2982,4337,False,reassigned,mainstem
main:5089,town-creek,4716,10764,False,reassigned,mainstem
main:5090,big-spring-creek,3289,4677,False,reassigned,mainstem
main:5091,big-spring-creek,3469,4837,False,reassigned,mainstem
main:5092,big-spring-creek,3399,4734,False,reassigned,mainstem
main:5093,big-spring-creek,3252,4537,False,reassigned,mainstem
main:5094,big-spring-creek,3086,4352,False,reassigned,mainstem
main:5095,big-spring-creek,3096,4327,False,reassigned,mainstem
main:5096,big-spring-creek,2978,4214,False,reassigned,mainstem
main:5097,big-spring-creek,2945,4044,False,reassigned,mainstem
main:5098,big-spring-creek,2943,4032,False,reassigned,mainstem
main:5099,big-spring-creek,2879,3936,False,reassigned,mainstem
main:5100,big-spring-creek,3103,4222,False,reassigned,mainstem
main:5101,big-spring-creek,3205,4293,False,reassigned,mainstem
main:5102,big-spring-creek,3217,4304,False,reassigned,mainstem
main:5103,big-spring-creek,3274,4375,False,reassigned,mainstem
main:5104,big-spring-creek,3414,4577,False,reassigned,mainstem
main:5105,big-spring-creek,3521,4607,False,reassigned,mainstem
main:5106,big-spring-creek,3461,4486,False,reassigned,mainstem
main:5107,big-spring-creek,3557,4582,False,reassigned,mainstem
main:5108,big-spring-creek,3449,4499,False,reassigned,mainstem
main:5109,big-spring-creek,3301,4272,False,reassigned,mainstem
main:5110,big-spring-creek,3085,4010,False,reassigned,mainstem
main:5111,big-spring-creek,3205,4134,False,reassigned,mainstem
main:5112,big-spring-creek,3366,4265,False,reassigned,mainstem
main:5113,big-spring-creek,3436,4312,False,reassigned,mainstem
main:5114,big-spring-creek,3311,4169,False,reassigned,mainstem
main:5115,big-spring-creek,3494,4177,False,reassigned,mainstem
main:5116,big-spring-creek,3702,4335,False,reassigned,mainstem
main:5117,seibold-branch,2530,13306,True,reassigned,mainstem
main:5118,seibold-branch,2422,13387,True,reassigned,mainstem
main:5119,seibold-branch,2359,13518,True,reassigned,mainstem
main:5120,seibold-branch,2258,13678,True,reassigned,mainstem
main:5121,seibold-branch,2109,13799,True,reassigned,mainstem
main:5122,seibold-branch,2017,14013,True,reassigned,mainstem
main:5123,seibold-branch,2004,13984,True,reassigned,mainstem
main:5124,seibold-branch,1896,14080,True,reassigned,mainstem
main:5125,seibold-branch,2002,13984,True,reassigned,mainstem
main:5126,seibold-branch,1976,13966,True,reassigned,mainstem
main:5127,seibold-branch,2054,13870,True,reassigned,mainstem
main:5128,seibold-branch,2074,13787,True,reassigned,mainstem
main:5129,seibold-branch,2179,13649,True,reassigned,mainstem
main:5130,seibold-branch,2089,13743,True,reassigned,mainstem
main:5131,seibold-branch,2015,13873,True,reassigned,mainstem
main:5132,seibold-branch,2056,13880,True,reassigned,mainstem
main:5133,seibold-branch,2165,13814,True,reassigned,mainstem
main:5134,seibold-branch,2274,13772,True,reassigned,mainstem
main:5135,seibold-branch,2247,13570,True,reassigned,mainstem
main:5136,seibold-branch,2475,13363,True,reassigned,mainstem
main:5137,seibold-branch,2615,13239,True,reassigned,mainstem
main:5138,seibold-branch,2549,13461,True,reassigned,mainstem
main:5139,seibold-branch,2489,13604,True,reassigned,mainstem
main:5140,seibold-branch,2609,13485,True,reassigned,mainstem
main:5141,big-spring-creek,3967,4455,False,reassigned,mainstem
main:5142,big-spring-creek,3779,4295,False,reassigned,mainstem
main:5143,big-spring-creek,3728,4201,False,reassigned,mainstem
main:5144,big-spring-creek,3589,4093,False,reassigned,mainstem
main:5145,big-spring-creek,3470,3915,False,reassigned,mainstem
main:5146,big-spring-creek,3608,4078,False,reassigned,mainstem
main:5147,big-spring-creek,3683,4132,False,reassigned,mainstem
main:5148,big-spring-creek,3813,4299,False,reassigned,mainstem
main:5149,big-spring-creek,3761,4304,False,reassigned,mainstem
main:5150,big-spring-creek,3532,4001,False,reassigned,mainstem
main:5151,big-spring-creek,3375,4324,False,reassigned,mainstem
main:5152,big-spring-creek,3309,3769,False,reassigned,mainstem
main:5153,big-spring-creek,3167,3715,False,reassigned,mainstem
main:5154,big-spring-creek,3022,3459,False,reassigned,mainstem
main:5155,big-spring-creek,2859,3244,False,reassigned,mainstem
main:5156,big-spring-creek,2660,3013,False,reassigned,mainstem
main:5157,big-spring-creek,2802,3175,False,reassigned,mainstem
main:5158,big-spring-creek,2876,3207,False,reassigned,mainstem
main:5159,big-spring-creek,2988,3374,False,reassigned,mainstem
main:5160,big-spring-creek,3060,3404,False,reassigned,mainstem
main:5161,big-spring-creek,2963,3233,False,reassigned,mainstem
main:5162,big-spring-creek,2849,3051,False,reassigned,mainstem
main:5163,big-spring-creek,2920,3100,False,reassigned,mainstem
main:5164,big-spring-creek,3049,3250,False,reassigned,mainstem
main:5165,big-spring-creek,3110,3339,False,reassigned,mainstem
main:5166,big-spring-creek,3260,3447,False,reassigned,mainstem
main:5167,big-spring-creek,3334,3679,False,reassigned,mainstem
main:5168,big-spring-creek,3170,3851,False,reassigned,mainstem
main:5169,big-spring-creek,3308,3834,False,reassigned,mainstem
main:5170,big-spring-creek,3357,3930,False,reassigned,mainstem
main:5171,big-spring-creek,3326,4073,False,reassigned,mainstem
main:5172,big-spring-creek,3373,4312,False,reassigned,mainstem
main:5173,big-spring-creek,3545,4312,False,reassigned,mainstem
main:5174,big-spring-creek,3455,4181,False,reassigned,mainstem
main:5175,big-spring-creek,3448,3989,False,reassigned,mainstem
main:5176,big-spring-creek,3609,4059,False,reassigned,mainstem
main:5177,big-spring-creek,3743,4111,False,reassigned,mainstem
main:5178,big-spring-creek,3791,4071,False,reassigned,mainstem
main:5179,big-spring-creek,3935,4209,False,reassigned,mainstem
main:5180,big-spring-creek,4045,4270,False,reassigned,mainstem
main:5181,browns-creek,2884,3176,False,reassigned,mainstem
main:5182,big-spring-creek,4086,4635,False,reassigned,mainstem
main:5183,big-spring-creek,4042,4891,False,reassigned,mainstem
main:5184,big-spring-creek,4101,4844,False,reassigned,mainstem
main:5185,big-spring-creek,4156,5048,False,reassigned,mainstem
main:5186,big-spring-creek,4255,5073,False,reassigned,mainstem
main:5187,big-spring-creek,4296,5048,False,reassigned,mainstem
main:5188,browns-creek,3367,3689,False,reassigned,mainstem
main:5189,browns-creek,3416,3711,False,reassigned,mainstem
main:5190,browns-creek,3260,3536,False,reassigned,mainstem
main:5191,browns-creek,3193,3445,False,reassigned,mainstem
main:5192,browns-creek,3324,3581,False,reassigned,mainstem
main:5193,seibold-branch,3399,14197,True,reassigned,mainstem
main:5194,seibold-branch,3286,14310,True,reassigned,mainstem
main:5195,seibold-branch,3112,14542,True,reassigned,mainstem
main:5196,seibold-branch,2976,14697,True,reassigned,mainstem
main:5197,honeycomb-creek,3817,4167,False,reassigned,mainstem
main:5198,honeycomb-creek,3791,4347,False,reassigned,mainstem
main:5199,seibold-branch,2330,15343,True,reassigned,mainstem
main:5200,seibold-branch,2225,15426,True,reassigned,mainstem
main:5201,seibold-branch,2286,15367,True,reassigned,mainstem
main:5202,honeycomb-creek,3679,4396,False,reassigned,mainstem
main:5203,honeycomb-creek,3651,4169,False,reassigned,mainstem
main:5204,honeycomb-creek,3612,4068,False,reassigned,mainstem
main:5205,seibold-branch,3002,14725,True,reassigned,mainstem
main:5206,seibold-branch,3090,14693,True,reassigned,mainstem
main:5207,seibold-branch,3018,14829,True,reassigned,mainstem
main:5208,dripping-spring-branch,2515,2973,False,reassigned,mainstem
main:5209,seibold-branch,3058,15038,True,reassigned,mainstem
main:5210,honeycomb-creek,2908,3152,False,reassigned,mainstem
main:5211,honeycomb-creek,2693,2947,False,reassigned,mainstem
main:5212,honeycomb-creek,2528,2839,False,reassigned,mainstem
main:5213,honeycomb-creek,2351,2677,False,reassigned,mainstem
main:5214,honeycomb-creek,2210,2586,False,reassigned,mainstem
main:5215,honeycomb-creek,1945,2293,False,reassigned,mainstem
main:5216,honeycomb-creek,1776,2125,False,reassigned,mainstem
main:5217,honeycomb-creek,1601,1953,False,reassigned,mainstem
main:5218,honeycomb-creek,1438,1832,False,reassigned,mainstem
main:5219,honeycomb-creek,1221,1534,False,reassigned,mainstem
main:5220,honeycomb-creek,1028,1349,False,reassigned,mainstem
main:5221,honeycomb-creek,895,1176,False,same,honeycomb-creek
main:5222,honeycomb-creek,723,873,False,same,honeycomb-creek
main:5223,honeycomb-creek,593,671,False,same,honeycomb-creek
main:5224,honeycomb-creek,467,469,False,same,honeycomb-creek
main:5225,honeycomb-creek,383,370,False,same,honeycomb-creek
main:5226,honeycomb-creek,328,323,False,same,honeycomb-creek
main:5227,honeycomb-creek,344,335,False,same,honeycomb-creek
main:5228,honeycomb-creek,333,168,False,same,honeycomb-creek
main:5229,honeycomb-creek,468,42,False,same,honeycomb-creek
main:5230,honeycomb-creek,564,0,False,same,honeycomb-creek
main:5231,honeycomb-creek,439,126,False,same,honeycomb-creek
main:5232,honeycomb-creek,342,197,False,same,honeycomb-creek
main:5233,honeycomb-creek,303,266,False,same,honeycomb-creek
main:5234,honeycomb-creek,321,326,False,same,honeycomb-creek
main:5235,honeycomb-creek,291,266,False,same,honeycomb-creek
main:5236,honeycomb-creek,285,286,False,same,honeycomb-creek
main:5237,honeycomb-creek,249,237,False,same,honeycomb-creek
main:5238,honeycomb-creek,248,220,False,same,honeycomb-creek
main:5239,honeycomb-creek,357,355,False,same,honeycomb-creek
main:5240,honeycomb-creek,320,296,False,same,honeycomb-creek
main:5241,honeycomb-creek,325,296,False,same,honeycomb-creek
main:5242,honeycomb-creek,381,316,False,same,honeycomb-creek
main:5243,honeycomb-creek,340,261,False,same,honeycomb-creek
main:5244,honeycomb-creek,333,59,False,same,honeycomb-creek
main:5245,honeycomb-creek,460,0,False,same,honeycomb-creek
main:5246,honeycomb-creek,358,101,False,same,honeycomb-creek
main:5247,honeycomb-creek,406,0,False,same,honeycomb-creek
main:5248,honeycomb-creek,400,160,False,same,honeycomb-creek
main:5249,honeycomb-creek,337,239,False,same,honeycomb-creek
main:5250,honeycomb-creek,324,293,False,same,honeycomb-creek
main:5251,honeycomb-creek,356,352,False,same,honeycomb-creek
main:5252,honeycomb-creek,346,323,False,same,honeycomb-creek
main:5253,honeycomb-creek,358,326,False,same,honeycomb-creek
main:5254,honeycomb-creek,313,308,False,same,honeycomb-creek
main:5255,honeycomb-creek,211,178,False,same,honeycomb-creek
main:5256,honeycomb-creek,170,148,False,same,honeycomb-creek
main:5257,honeycomb-creek,172,89,False,same,honeycomb-creek
main:5258,honeycomb-creek,280,71,False,same,honeycomb-creek
main:5259,honeycomb-creek,381,59,False,same,honeycomb-creek
main:5260,honeycomb-creek,396,0,False,same,honeycomb-creek
main:5261,honeycomb-creek,384,30,False,same,honeycomb-creek
main:5262,honeycomb-creek,173,89,False,same,honeycomb-creek
main:5263,honeycomb-creek,21,0,False,same,honeycomb-creek
main:5264,honeycomb-creek,22,0,False,same,honeycomb-creek
main:5265,honeycomb-creek,265,261,False,same,honeycomb-creek
main:5266,honeycomb-creek,240,237,False,same,honeycomb-creek
main:5267,honeycomb-creek,180,71,False,same,honeycomb-creek
main:5268,honeycomb-creek,217,59,False,same,honeycomb-creek
main:5269,honeycomb-creek,190,30,False,same,honeycomb-creek
main:5270,honeycomb-creek,177,227,False,same,honeycomb-creek
main:5271,honeycomb-creek,211,197,False,same,honeycomb-creek
main:5272,honeycomb-creek,174,148,False,same,honeycomb-creek
main:5273,honeycomb-creek,117,89,False,same,honeycomb-creek
main:5274,honeycomb-creek,101,89,False,same,honeycomb-creek
main:5275,honeycomb-creek,40,30,False,same,honeycomb-creek
main:5276,honeycomb-creek,137,118,False,same,honeycomb-creek
main:5277,honeycomb-creek,87,59,False,same,honeycomb-creek
main:5278,honeycomb-creek,60,30,False,same,honeycomb-creek
main:5279,honeycomb-creek,97,59,False,same,honeycomb-creek
main:5280,honeycomb-creek,192,178,False,same,honeycomb-creek
main:5281,honeycomb-creek,168,155,False,same,honeycomb-creek
main:5282,honeycomb-creek,135,126,False,same,honeycomb-creek
main:5283,honeycomb-creek,132,118,False,same,honeycomb-creek
main:5284,honeycomb-creek,32,30,False,same,honeycomb-creek
main:5285,honeycomb-creek,8,0,False,same,honeycomb-creek
main:5286,honeycomb-creek,5,0,False,same,honeycomb-creek
main:5287,honeycomb-creek,7,0,False,same,honeycomb-creek
main:5288,honeycomb-creek,6,0,False,same,honeycomb-creek
main:5289,honeycomb-creek,46,59,False,same,honeycomb-creek
main:5290,honeycomb-creek,19,30,False,same,honeycomb-creek
main:5292,honeycomb-creek,44,42,False,same,honeycomb-creek
main:5293,honeycomb-creek,87,185,False,same,honeycomb-creek
main:5294,honeycomb-creek,147,178,False,same,honeycomb-creek
main:5295,honeycomb-creek,185,155,False,same,honeycomb-creek
main:5296,honeycomb-creek,187,190,False,same,honeycomb-creek
main:5297,honeycomb-creek,185,155,False,same,honeycomb-creek
main:5298,honeycomb-creek,135,126,False,same,honeycomb-creek
main:5299,honeycomb-creek,113,118,False,same,honeycomb-creek
main:5300,honeycomb-creek,244,291,False,same,honeycomb-creek
main:5301,honeycomb-creek,337,368,False,same,honeycomb-creek
main:5302,honeycomb-creek,165,178,False,same,honeycomb-creek
main:5303,honeycomb-creek,202,207,False,same,honeycomb-creek
main:5304,honeycomb-creek,121,118,False,same,honeycomb-creek
main:5305,honeycomb-creek,182,84,False,same,honeycomb-creek
main:5306,honeycomb-creek,310,59,False,same,honeycomb-creek
main:5307,honeycomb-creek,372,30,False,same,honeycomb-creek
main:5308,honeycomb-creek,248,84,False,same,honeycomb-creek
main:5309,honeycomb-creek,166,131,False,same,honeycomb-creek
main:5310,honeycomb-creek,41,59,False,same,honeycomb-creek
main:5311,honeycomb-creek,96,101,False,same,honeycomb-creek
main:5312,honeycomb-creek,122,118,False,same,honeycomb-creek
main:5313,honeycomb-creek,125,89,False,same,honeycomb-creek
main:5314,honeycomb-creek,118,118,False,same,honeycomb-creek
main:5315,honeycomb-creek,185,59,False,same,honeycomb-creek
main:5316,honeycomb-creek,328,0,False,same,honeycomb-creek
main:5317,honeycomb-creek,207,0,False,same,honeycomb-creek
main:5318,honeycomb-creek,342,286,False,reassigned,jagger-branch
main:5319,honeycomb-creek,420,427,False,reassigned,jagger-branch
main:5320,honeycomb-creek,358,355,False,reassigned,jagger-branch
main:5321,jagger-branch,200,168,False,same,jagger-branch
main:5322,jagger-branch,141,131,False,same,jagger-branch
main:5323,jagger-branch,112,84,False,same,jagger-branch
main:5324,jagger-branch,158,155,False,same,jagger-branch
main:5325,jagger-branch,168,143,False,same,jagger-branch
main:5326,jagger-branch,126,89,False,same,jagger-branch
main:5327,jagger-branch,141,30,False,same,jagger-branch
main:5328,jagger-branch,159,148,False,same,jagger-branch
main:5329,jagger-branch,123,118,False,same,jagger-branch
main:5330,jagger-branch,100,89,False,same,jagger-branch
main:5331,jagger-branch,90,84,False,same,jagger-branch
main:5332,jagger-branch,114,101,False,same,jagger-branch
main:5333,jagger-branch,128,113,False,same,jagger-branch
main:5334,jagger-branch,110,59,False,same,jagger-branch
main:5335,jagger-branch,192,42,False,same,jagger-branch
main:5336,jagger-branch,103,0,False,same,jagger-branch
main:5337,jagger-branch,148,0,False,same,jagger-branch
main:5338,jagger-branch,102,71,False,same,jagger-branch
main:5339,jagger-branch,53,59,False,same,jagger-branch
main:5340,jagger-branch,16,42,False,same,jagger-branch
main:5341,jagger-branch,10,0,False,same,jagger-branch
main:5342,jagger-branch,0,0,False,same,jagger-branch
main:5343,jagger-branch,5,30,False,same,jagger-branch
main:5344,jagger-branch,39,71,False,same,jagger-branch
main:5345,jagger-branch,21,30,False,same,jagger-branch
main:5346,jagger-branch,78,59,False,same,jagger-branch
main:5347,jagger-branch,174,0,False,same,jagger-branch
main:5348,jagger-branch,294,0,False,same,jagger-branch
main:5349,jagger-branch,128,0,False,same,jagger-branch
main:5350,jagger-branch,55,30,False,same,jagger-branch
main:5351,jagger-branch,82,59,False,same,jagger-branch
main:5352,jagger-branch,159,71,False,same,jagger-branch
main:5353,jagger-branch,248,71,False,same,jagger-branch
main:5354,jagger-branch,160,30,False,same,jagger-branch
main:5355,jagger-branch,96,89,False,same,jagger-branch
main:5356,jagger-branch,167,118,False,same,jagger-branch
main:5357,jagger-branch,90,89,False,same,jagger-branch
main:5358,jagger-branch,115,89,False,same,jagger-branch
main:5359,jagger-branch,133,148,False,same,jagger-branch
main:5360,jagger-branch,129,101,False,same,jagger-branch
main:5361,jagger-branch,143,131,False,same,jagger-branch
main:5362,jagger-branch,134,118,False,same,jagger-branch
main:5363,jagger-branch,150,131,False,same,jagger-branch
main:5364,jagger-branch,186,155,False,same,jagger-branch
main:5365,jagger-branch,237,232,False,same,jagger-branch
main:5366,jagger-branch,246,239,False,same,jagger-branch
main:5367,jagger-branch,111,84,False,same,jagger-branch
main:5368,jagger-branch,118,113,False,same,jagger-branch
main:5369,honeycomb-creek,241,239,False,reassigned,jagger-branch
main:5370,honeycomb-creek,112,113,False,same,honeycomb-creek
main:5371,honeycomb-creek,75,59,False,same,honeycomb-creek
main:5372,honeycomb-creek,164,148,False,same,honeycomb-creek
main:5373,honeycomb-creek,197,207,False,same,honeycomb-creek
main:5374,honeycomb-creek,306,296,False,same,honeycomb-creek
main:5375,honeycomb-creek,295,296,False,same,honeycomb-creek
main:5376,honeycomb-creek,392,397,False,same,honeycomb-creek
main:5377,honeycomb-creek,363,375,False,same,honeycomb-creek
main:5378,honeycomb-creek,369,365,False,same,honeycomb-creek
main:5379,honeycomb-creek,343,335,False,same,honeycomb-creek
main:5380,honeycomb-creek,341,363,False,same,honeycomb-creek
main:5381,honeycomb-creek,344,335,False,same,honeycomb-creek
main:5382,honeycomb-creek,323,293,False,same,honeycomb-creek
main:5383,honeycomb-creek,328,323,False,same,honeycomb-creek
main:5384,honeycomb-creek,337,326,False,same,honeycomb-creek
main:5385,honeycomb-creek,306,308,False,same,honeycomb-creek
main:5386,honeycomb-creek,306,296,False,same,honeycomb-creek
main:5387,honeycomb-creek,321,326,False,same,honeycomb-creek
main:5388,honeycomb-creek,320,148,False,same,honeycomb-creek
main:5389,honeycomb-creek,352,89,False,same,honeycomb-creek
main:5390,honeycomb-creek,394,190,False,same,honeycomb-creek
main:5391,honeycomb-creek,328,207,False,same,honeycomb-creek
main:5392,honeycomb-creek,293,291,False,same,honeycomb-creek
main:5393,honeycomb-creek,341,333,False,same,honeycomb-creek
main:5394,honeycomb-creek,378,382,False,same,honeycomb-creek
main:5395,honeycomb-creek,290,293,False,same,honeycomb-creek
main:5396,honeycomb-creek,268,239,False,same,honeycomb-creek
main:5397,honeycomb-creek,269,237,False,same,honeycomb-creek
main:5398,honeycomb-creek,264,0,False,same,honeycomb-creek
main:5399,honeycomb-creek,339,113,False,same,honeycomb-creek
main:5400,honeycomb-creek,363,269,False,same,honeycomb-creek
main:5401,honeycomb-creek,318,316,False,same,honeycomb-creek
main:5402,honeycomb-creek,281,266,False,same,honeycomb-creek
main:5403,honeycomb-creek,312,291,False,same,honeycomb-creek
main:5404,honeycomb-creek,300,293,False,same,honeycomb-creek
main:5405,honeycomb-creek,273,279,False,same,honeycomb-creek
main:5406,honeycomb-creek,273,266,False,same,honeycomb-creek
main:5407,honeycomb-creek,376,178,False,same,honeycomb-creek
main:5408,honeycomb-creek,534,160,False,same,honeycomb-creek
main:5409,honeycomb-creek,713,251,False,same,honeycomb-creek
main:5410,honeycomb-creek,634,84,False,same,honeycomb-creek
main:5411,honeycomb-creek,713,59,False,same,honeycomb-creek
main:5412,honeycomb-creek,926,0,False,same,honeycomb-creek
main:5413,honeycomb-creek,860,42,False,same,honeycomb-creek
main:5414,honeycomb-creek,782,155,False,same,honeycomb-creek
main:5415,honeycomb-creek,726,42,False,same,honeycomb-creek
main:5416,honeycomb-creek,532,71,False,same,honeycomb-creek
main:5417,honeycomb-creek,610,274,False,same,honeycomb-creek
main:5418,honeycomb-creek,406,207,False,same,honeycomb-creek
main:5419,honeycomb-creek,299,261,False,same,honeycomb-creek
main:5420,honeycomb-creek,268,239,False,same,honeycomb-creek
main:5421,honeycomb-creek,245,249,False,same,honeycomb-creek
main:5422,honeycomb-creek,404,404,False,reassigned,mainstem
main:5423,honeycomb-creek,612,629,False,reassigned,mainstem
main:5424,honeycomb-creek,724,747,False,reassigned,mainstem
main:5425,honeycomb-creek,860,871,False,reassigned,mainstem
main:5426,honeycomb-creek,972,984,False,reassigned,mainstem
main:5427,honeycomb-creek,1187,1184,False,reassigned,mainstem
main:5428,honeycomb-creek,1258,1268,False,reassigned,mainstem
main:5429,honeycomb-creek,1528,1540,False,reassigned,mainstem
main:5430,honeycomb-creek,1656,1683,False,reassigned,mainstem
main:5431,honeycomb-creek,1808,1819,False,reassigned,mainstem
main:5432,honeycomb-creek,1938,1961,False,reassigned,mainstem
main:5434,honeycomb-creek,2343,2437,False,reassigned,mainstem
main:5435,honeycomb-creek,2458,2580,False,reassigned,mainstem
main:5436,honeycomb-creek,2508,2842,False,reassigned,mainstem
main:5437,honeycomb-creek,2536,3103,False,reassigned,mainstem
main:5438,honeycomb-creek,2490,3276,False,reassigned,mainstem
main:5439,honeycomb-creek,2513,3495,False,reassigned,mainstem
main:5440,honeycomb-creek,2454,3651,False,reassigned,mainstem
main:5441,honeycomb-creek,2382,3877,False,reassigned,mainstem
main:5442,honeycomb-creek,2459,3823,False,reassigned,mainstem
main:5443,honeycomb-creek,2567,3643,False,reassigned,mainstem
main:5444,honeycomb-creek,2643,3417,False,reassigned,mainstem
main:5445,honeycomb-creek,2647,3281,False,reassigned,mainstem
main:5446,honeycomb-creek,2758,3194,False,reassigned,mainstem
main:5447,honeycomb-creek,2765,3029,False,reassigned,mainstem
main:5448,honeycomb-creek,2798,2955,False,reassigned,mainstem
main:5449,honeycomb-creek,2898,2995,False,reassigned,mainstem
main:5450,honeycomb-creek,3148,3249,False,reassigned,mainstem
main:5451,honeycomb-creek,3236,3321,False,reassigned,mainstem
isl000:0,mink-creek,62,0,False,split:mink-creek-marshall,mink-creek-marshall
isl000:1,mink-creek,16,0,False,split:mink-creek-marshall,mink-creek-marshall
isl001:0,mink-creek,249,185,False,split:mink-creek-marshall,mink-creek-marshall
isl001:1,mink-creek,226,387,False,split:mink-creek-marshall,mink-creek-marshall
isl001:2,mink-creek,122,101,False,split:mink-creek-marshall,mink-creek-marshall
isl001:3,mink-creek,105,84,False,split:mink-creek-marshall,mink-creek-marshall
isl002:0,browns-creek,362,392,False,reassigned,mink-creek-marshall
isl002:1,browns-creek,328,296,False,reassigned,mink-creek-marshall
isl003:0,browns-creek,28,30,False,same,browns-creek
isl003:1,browns-creek,139,0,False,same,browns-creek
isl005:0,browns-creek,561,168,False,same,browns-creek
isl007:0,browns-creek,1329,71,False,same,browns-creek
isl007:1,browns-creek,1178,227,False,same,browns-creek
isl007:2,browns-creek,1272,249,False,same,browns-creek
isl009:0,browns-creek,1037,308,False,same,browns-creek
isl009:1,browns-creek,968,448,False,same,browns-creek
isl010:0,browns-creek,597,89,False,same,browns-creek
isl010:1,browns-creek,584,84,False,same,browns-creek
isl011:0,browns-creek,570,160,False,same,browns-creek
isl012:0,honeycomb-creek,263,251,False,same,honeycomb-creek
isl012:1,honeycomb-creek,305,296,False,same,honeycomb-creek
isl012:2,honeycomb-creek,298,266,False,same,honeycomb-creek
isl012:3,honeycomb-creek,391,397,False,same,honeycomb-creek
isl012:4,honeycomb-creek,433,570,False,same,honeycomb-creek
isl012:5,honeycomb-creek,438,552,False,same,honeycomb-creek
isl012:6,honeycomb-creek,272,261,False,same,honeycomb-creek
isl013:0,big-spring-creek,15,0,False,same,big-spring-creek
isl013:1,big-spring-creek,61,30,False,same,big-spring-creek
isl014:0,browns-creek,1271,1303,False,same,browns-creek
isl015:0,big-spring-creek,161,202,False,same,big-spring-creek
isl016:0,big-spring-creek,52,42,False,same,big-spring-creek
isl017:0,browns-creek,699,178,False,same,browns-creek
isl017:1,browns-creek,762,118,False,same,browns-creek
isl018:0,big-spring-creek,12,0,False,same,big-spring-creek
isl019:0,browns-creek,1833,1860,False,reassigned,mainstem
isl019:1,browns-creek,1744,1747,False,reassigned,mainstem
isl021:0,big-spring-creek,63,71,False,same,big-spring-creek
isl021:1,big-spring-creek,31,30,False,same,big-spring-creek
isl023:0,big-spring-creek,236,209,False,same,big-spring-creek
isl024:0,big-spring-creek,596,399,False,same,big-spring-creek
isl025:0,dripping-spring-branch,2575,3413,False,reassigned,mainstem
isl025:1,dripping-spring-branch,2634,3403,False,reassigned,mainstem
isl025:2,dripping-spring-branch,2653,3630,False,reassigned,mainstem
isl026:0,browns-creek,2776,2953,False,reassigned,mainstem
isl026:1,browns-creek,2852,3113,False,reassigned,mainstem
isl026:2,browns-creek,3001,3293,False,reassigned,mainstem
isl026:3,browns-creek,3064,3302,False,reassigned,mainstem
isl026:4,browns-creek,2835,3107,False,reassigned,mainstem
isl026:5,browns-creek,2698,2977,False,reassigned,mainstem
isl026:6,browns-creek,2663,2873,False,reassigned,mainstem
isl026:7,browns-creek,2613,2790,False,reassigned,mainstem
isl026:8,browns-creek,2556,2674,False,reassigned,mainstem
isl027:0,browns-creek,2275,2464,False,reassigned,mainstem
isl027:1,browns-creek,2090,2250,False,reassigned,mainstem
isl028:0,dripping-spring-branch,2656,3230,False,reassigned,mainstem
isl028:1,dripping-spring-branch,2781,3391,False,reassigned,mainstem
isl028:2,dripping-spring-branch,2656,3203,False,reassigned,mainstem
isl029:0,browns-creek,2242,2466,False,reassigned,mainstem
isl029:1,browns-creek,2168,2377,False,reassigned,mainstem
isl030:0,browns-creek,1800,2118,False,reassigned,mainstem
isl030:1,browns-creek,1988,2249,False,reassigned,mainstem
isl030:2,browns-creek,1884,2103,False,reassigned,mainstem
isl030:3,browns-creek,1748,1940,False,reassigned,mainstem
isl031:0,browns-creek,1671,1791,False,reassigned,mainstem
isl031:1,browns-creek,1698,2018,False,reassigned,mainstem
isl031:2,browns-creek,1764,2203,False,reassigned,mainstem
isl031:3,big-spring-creek,2630,2695,False,reassigned,mainstem
isl031:4,big-spring-creek,2508,2552,False,reassigned,mainstem
isl031:5,big-spring-creek,2320,2375,False,reassigned,mainstem
isl031:6,big-spring-creek,2506,2589,False,reassigned,mainstem
isl031:7,browns-creek,1738,1843,False,reassigned,mainstem
isl031:8,browns-creek,1722,2191,False,reassigned,mainstem
isl031:9,browns-creek,1616,1651,False,reassigned,mainstem
isl031:10,browns-creek,1601,1668,False,reassigned,mainstem
isl034:0,big-spring-creek,2733,2816,False,reassigned,mainstem
isl035:0,big-spring-creek,2267,2355,False,reassigned,mainstem
isl035:1,big-spring-creek,2169,2207,False,reassigned,mainstem
isl036:0,big-spring-creek,2294,2345,False,reassigned,mainstem
isl036:1,big-spring-creek,2227,2237,False,reassigned,mainstem
isl037:0,big-spring-creek,1987,2040,False,reassigned,mainstem
isl037:1,big-spring-creek,1918,1986,False,reassigned,mainstem
isl038:0,big-spring-creek,2284,2472,False,reassigned,mainstem
isl038:1,big-spring-creek,2239,2373,False,reassigned,mainstem
isl039:0,big-spring-creek,2476,2830,False,reassigned,mainstem
isl039:1,big-spring-creek,2444,2736,False,reassigned,mainstem
isl040:0,big-spring-creek,3173,3634,False,reassigned,mainstem
isl040:1,big-spring-creek,3045,3499,False,reassigned,mainstem
isl041:0,big-spring-creek,3476,4081,False,reassigned,mainstem
isl042:0,big-spring-creek,3325,4029,False,reassigned,mainstem
isl042:1,big-spring-creek,3218,3844,False,reassigned,mainstem
isl043:0,big-spring-creek,3028,3678,False,reassigned,mainstem
isl043:1,big-spring-creek,2930,3560,False,reassigned,mainstem
isl044:0,honeycomb-creek,119,118,False,same,honeycomb-creek
isl044:1,honeycomb-creek,148,214,False,same,honeycomb-creek
isl045:0,big-spring-creek,1622,2240,False,reassigned,mainstem
isl047:0,big-spring-creek,515,545,False,same,big-spring-creek
isl048:0,polecat-branch,251,261,False,same,polecat-branch
isl049:0,big-spring-creek,1600,1711,False,reassigned,mainstem
isl053:0,big-spring-creek,1847,1969,False,reassigned,mainstem
isl053:1,big-spring-creek,1768,1833,False,reassigned,mainstem
isl054:0,seibold-branch,2506,2649,False,reassigned,mainstem
isl054:1,seibold-branch,2572,2834,False,reassigned,mainstem
isl056:0,seibold-branch,1813,1935,False,reassigned,mainstem
isl056:1,seibold-branch,1917,2137,False,reassigned,mainstem
isl058:0,seibold-branch,1482,1595,False,reassigned,mainstem
isl058:1,seibold-branch,1614,1719,False,reassigned,mainstem
isl060:0,seibold-branch,767,802,False,same,seibold-branch
isl060:1,seibold-branch,898,908,False,reassigned,mainstem
isl060:2,seibold-branch,964,1058,False,reassigned,mainstem
isl061:0,town-creek,2832,3394,False,reassigned,mainstem
isl062:0,seibold-branch,329,296,False,same,seibold-branch
isl063:0,seibold-branch,454,444,False,same,seibold-branch
isl063:1,seibold-branch,614,659,False,same,seibold-branch
isl063:2,seibold-branch,513,528,False,same,seibold-branch
isl064:0,seibold-branch,239,232,False,same,seibold-branch
isl064:1,seibold-branch,250,237,False,same,seibold-branch
isl064:2,seibold-branch,352,397,False,same,seibold-branch
isl065:0,seibold-branch,829,824,False,reassigned,mainstem
isl065:1,seibold-branch,1001,1056,False,reassigned,mainstem
isl065:2,seibold-branch,857,920,False,reassigned,mainstem
isl066:0,seibold-branch,301,303,False,same,seibold-branch
isl066:1,seibold-branch,219,207,False,same,seibold-branch
isl067:0,seibold-branch,1016,989,False,reassigned,mainstem
isl068:0,town-creek,1931,2200,False,reassigned,mainstem
isl070:0,seibold-branch,606,659,False,same,seibold-branch
isl071:0,town-creek,1295,1321,False,reassigned,mainstem
isl071:1,town-creek,1163,1160,False,reassigned,mainstem
isl071:2,town-creek,1270,1303,False,reassigned,mainstem
isl072:0,town-creek,1021,1022,False,reassigned,mainstem
isl072:1,town-creek,805,843,False,split:town-creek-marshall,town-creek-marshall
isl072:2,town-creek,770,754,False,split:town-creek-marshall,town-creek-marshall
isl072:3,town-creek,886,914,False,split:town-creek-marshall,town-creek-marshall
isl073:0,chandler-branch,1442,1649,False,reassigned,mainstem
isl074:0,chandler-branch,731,757,False,same,chandler-branch
isl074:1,chandler-branch,725,779,False,same,chandler-branch
isl074:2,chandler-branch,648,671,False,same,chandler-branch
isl074:3,chandler-branch,810,915,False,same,chandler-branch
isl074:4,chandler-branch,894,1004,False,same,chandler-branch
isl074:5,chandler-branch,1057,1129,False,reassigned,mainstem
isl074:6,chandler-branch,946,1018,False,same,chandler-branch
isl075:0,chandler-branch,536,537,False,same,chandler-branch
isl078:0,chandler-branch,1168,1282,False,reassigned,mainstem
isl079:0,chandler-branch,1067,1152,False,reassigned,mainstem
isl080:0,chandler-branch,1182,1239,False,reassigned,mainstem
isl080:1,chandler-branch,1299,1401,False,reassigned,mainstem
isl080:2,chandler-branch,1205,1280,False,reassigned,mainstem
isl081:0,chandler-branch,1453,1581,False,reassigned,mainstem
isl081:1,chandler-branch,1406,1539,False,reassigned,mainstem
isl082:0,town-creek,348,335,False,reassigned,minky-creek
isl084:0,yellow-creek,3259,12168,True,reassigned,mainstem
isl085:0,baker-spring-branch,1661,1720,False,reassigned,mainstem
isl086:0,boshart-creek,302,42,False,same,boshart-creek
isl087:0,baker-spring-branch,1601,1729,False,reassigned,mainstem
isl088:0,baker-spring-branch,1638,1665,False,reassigned,mainstem
isl088:1,baker-spring-branch,1845,1922,False,reassigned,mainstem
isl088:2,baker-spring-branch,1996,2183,False,reassigned,mainstem
isl088:3,baker-spring-branch,2075,2230,False,reassigned,mainstem
isl088:4,baker-spring-branch,1937,2028,False,reassigned,mainstem
isl088:5,baker-spring-branch,1731,1796,False,reassigned,mainstem
isl088:6,baker-spring-branch,1610,1611,False,reassigned,mainstem
isl089:0,north-sauty-creek,584,641,False,same,north-sauty-creek
isl090:0,north-sauty-creek,60,42,False,same,north-sauty-creek
isl093:0,north-sauty-creek,426,453,False,same,north-sauty-creek
isl093:1,north-sauty-creek,283,266,False,same,north-sauty-creek
isl093:2,north-sauty-creek,295,291,False,same,north-sauty-creek
isl093:3,north-sauty-creek,370,422,False,same,north-sauty-creek
isl093:4,north-sauty-creek,502,607,False,same,north-sauty-creek
isl094:0,south-sauty-creek,1341,1674,False,reassigned,mainstem
isl094:1,south-sauty-creek,1234,1376,False,reassigned,mainstem
isl094:2,south-sauty-creek,1105,1186,False,same,south-sauty-creek
isl094:3,south-sauty-creek,1052,1105,False,same,south-sauty-creek
isl094:4,south-sauty-creek,1104,1115,False,same,south-sauty-creek
isl094:5,south-sauty-creek,1235,1239,False,same,south-sauty-creek
isl094:6,south-sauty-creek,1269,1453,False,same,south-sauty-creek
isl095:0,north-sauty-creek,10,0,False,same,north-sauty-creek
isl096:0,north-sauty-creek,200,168,False,same,north-sauty-creek
isl096:1,north-sauty-creek,140,143,False,same,north-sauty-creek
isl096:2,north-sauty-creek,339,370,False,same,north-sauty-creek
isl098:0,north-sauty-creek,44,42,False,same,north-sauty-creek
isl098:1,north-sauty-creek,104,101,False,same,north-sauty-creek
isl098:2,north-sauty-creek,219,227,False,same,north-sauty-creek
isl098:3,north-sauty-creek,252,323,False,same,north-sauty-creek
isl098:4,north-sauty-creek,191,160,False,same,north-sauty-creek
isl098:5,north-sauty-creek,116,113,False,same,north-sauty-creek
isl099:0,north-sauty-creek,13,0,False,same,north-sauty-creek
isl103:0,north-sauty-creek,178,220,False,same,north-sauty-creek
isl104:0,north-sauty-creek,295,310,False,same,north-sauty-creek
isl105:0,north-sauty-creek,184,209,False,same,north-sauty-creek
isl106:0,north-sauty-creek,108,101,False,same,north-sauty-creek
isl107:0,north-sauty-creek,88,89,False,same,north-sauty-creek
isl107:1,north-sauty-creek,130,126,False,same,north-sauty-creek
isl108:0,north-sauty-creek,162,148,False,same,north-sauty-creek
isl108:1,north-sauty-creek,86,71,False,same,north-sauty-creek
isl109:0,north-sauty-creek,194,185,False,same,north-sauty-creek
isl109:1,north-sauty-creek,51,42,False,same,north-sauty-creek
isl109:2,north-sauty-creek,103,71,False,same,north-sauty-creek
isl109:3,north-sauty-creek,176,155,False,same,north-sauty-creek
isl109:4,north-sauty-creek,338,340,False,same,north-sauty-creek
isl109:5,north-sauty-creek,424,518,False,same,north-sauty-creek
isl109:6,north-sauty-creek,356,678,False,same,north-sauty-creek
isl109:7,north-sauty-creek,255,518,False,same,north-sauty-creek
isl109:8,north-sauty-creek,296,417,False,same,north-sauty-creek
isl110:0,north-sauty-creek,160,148,False,same,north-sauty-creek
isl111:0,north-sauty-creek,168,173,False,same,north-sauty-creek
isl112:0,north-sauty-creek,110,118,False,same,north-sauty-creek
isl112:1,north-sauty-creek,130,113,False,same,north-sauty-creek
isl113:0,north-sauty-creek,163,202,False,same,north-sauty-creek
isl113:1,north-sauty-creek,110,101,False,same,north-sauty-creek
isl114:0,boshart-creek,1249,1337,False,reassigned,mainstem
isl114:1,south-sauty-creek,1692,1837,False,reassigned,mainstem
isl114:2,south-sauty-creek,1731,1860,False,reassigned,mainstem
isl114:3,south-sauty-creek,1810,1990,False,reassigned,mainstem
isl114:4,south-sauty-creek,1851,1990,False,reassigned,mainstem
isl114:5,south-sauty-creek,1882,2234,False,reassigned,mainstem
isl115:0,north-sauty-creek,184,202,False,same,north-sauty-creek
isl115:1,north-sauty-creek,106,89,False,same,north-sauty-creek
isl115:2,north-sauty-creek,178,178,False,same,north-sauty-creek
isl115:3,north-sauty-creek,109,84,False,same,north-sauty-creek
isl115:4,north-sauty-creek,228,232,False,same,north-sauty-creek
isl115:5,north-sauty-creek,258,308,False,same,north-sauty-creek
isl115:6,north-sauty-creek,300,296,False,same,north-sauty-creek
isl115:7,north-sauty-creek,316,363,False,same,north-sauty-creek
isl117:0,south-sauty-creek,1365,1431,False,reassigned,mainstem
isl117:1,south-sauty-creek,1304,1322,False,reassigned,mainstem
isl117:2,south-sauty-creek,1403,1512,False,reassigned,mainstem
isl117:3,south-sauty-creek,1508,1554,False,reassigned,mainstem
isl120:0,north-sauty-creek,177,168,False,same,north-sauty-creek
isl120:1,north-sauty-creek,222,168,False,same,north-sauty-creek
isl121:0,north-sauty-creek,335,323,False,same,north-sauty-creek
isl121:1,north-sauty-creek,429,508,False,reassigned,archie-creek
isl121:2,north-sauty-creek,491,638,False,reassigned,archie-creek
isl121:3,north-sauty-creek,358,508,False,reassigned,archie-creek
isl121:4,north-sauty-creek,329,352,False,reassigned,archie-creek
isl121:5,north-sauty-creek,190,168,False,same,north-sauty-creek
isl121:6,north-sauty-creek,176,168,False,same,north-sauty-creek
isl121:7,north-sauty-creek,208,227,False,same,north-sauty-creek
isl121:8,north-sauty-creek,171,160,False,same,north-sauty-creek
isl123:0,mink-creek,1013,1035,False,reassigned,mainstem
isl126:0,mink-creek,1113,1230,False,reassigned,mainstem
isl126:1,mink-creek,967,1027,False,reassigned,mainstem
isl126:2,mink-creek,1125,1160,False,reassigned,mainstem
isl127:0,mink-creek,893,949,False,reassigned,mainstem
isl127:1,mink-creek,781,853,False,reassigned,mainstem
isl127:2,mink-creek,637,651,False,reassigned,mainstem
isl127:3,mink-creek,697,712,False,reassigned,mainstem
isl127:4,mink-creek,523,542,False,reassigned,mainstem
isl127:5,mink-creek,631,633,False,reassigned,mainstem
isl127:6,mink-creek,841,939,False,reassigned,mainstem
isl127:7,mink-creek,805,1087,False,reassigned,mainstem
isl127:8,mink-creek,939,1064,False,reassigned,mainstem
isl128:0,town-creek,20,0,False,split:town-creek-marshall,town-creek-marshall
isl128:1,town-creek,64,113,False,split:town-creek-marshall,town-creek-marshall
isl129:0,town-creek,94,173,False,split:town-creek-marshall,town-creek-marshall
isl129:1,town-creek,198,316,False,split:town-creek-marshall,town-creek-marshall
isl129:2,town-creek,107,143,False,split:town-creek-marshall,town-creek-marshall
isl129:3,town-creek,18,0,False,split:town-creek-marshall,town-creek-marshall
isl129:4,town-creek,21,0,False,split:town-creek-marshall,town-creek-marshall
isl131:0,south-sauty-creek,486,503,False,same,south-sauty-creek
isl132:0,south-sauty-creek,781,824,False,same,south-sauty-creek
isl132:1,south-sauty-creek,969,1063,False,reassigned,mainstem
isl132:2,south-sauty-creek,1042,1134,False,reassigned,mainstem
isl132:3,south-sauty-creek,1198,1275,False,reassigned,mainstem
isl132:4,south-sauty-creek,1022,1061,False,same,south-sauty-creek
isl132:5,south-sauty-creek,918,948,False,same,south-sauty-creek
isl132:6,south-sauty-creek,906,913,False,same,south-sauty-creek
isl132:7,south-sauty-creek,698,711,False,same,south-sauty-creek
isl133:0,mink-creek,417,406,False,split:mink-creek-jackson,mink-creek-jackson
isl133:1,mink-creek,270,251,False,split:mink-creek-jackson,mink-creek-jackson
isl133:2,mink-creek,352,323,False,split:mink-creek-jackson,mink-creek-jackson
isl133:3,mink-creek,425,436,False,split:mink-creek-jackson,mink-creek-jackson
isl134:0,south-sauty-creek,684,706,False,same,south-sauty-creek
isl134:1,south-sauty-creek,609,622,False,same,south-sauty-creek
isl135:0,north-sauty-creek,278,296,False,reassigned,archie-creek
isl135:1,north-sauty-creek,196,207,False,reassigned,archie-creek
isl136:0,south-sauty-creek,1113,1174,False,reassigned,mainstem
isl136:1,south-sauty-creek,1319,1431,False,reassigned,mainstem
isl136:2,south-sauty-creek,1369,1465,False,reassigned,mainstem
isl136:3,south-sauty-creek,1239,1379,False,reassigned,mainstem
isl136:4,south-sauty-creek,1114,1206,False,reassigned,mainstem
isl136:5,south-sauty-creek,1029,1080,False,reassigned,mainstem
isl138:0,south-sauty-creek,438,469,False,same,south-sauty-creek
isl138:1,south-sauty-creek,342,326,False,same,south-sauty-creek
isl139:0,south-sauty-creek,1409,1451,False,reassigned,mainstem
isl140:0,south-sauty-creek,1720,1838,False,reassigned,mainstem
isl140:1,south-sauty-creek,1614,1670,False,reassigned,mainstem
isl141:0,south-sauty-creek,883,913,False,same,south-sauty-creek
isl142:0,south-sauty-creek,1910,2087,False,reassigned,mainstem
isl142:1,south-sauty-creek,1871,2087,False,reassigned,mainstem
isl143:0,mink-creek,1294,1347,False,reassigned,mainstem
isl143:1,mink-creek,1145,1150,False,reassigned,mainstem
isl143:2,mink-creek,1179,1209,False,reassigned,mainstem
isl143:3,mink-creek,1302,1371,False,reassigned,mainstem
isl143:4,south-sauty-creek,1809,2325,False,reassigned,mainstem
isl143:5,south-sauty-creek,1801,2224,False,reassigned,mainstem
isl143:6,south-sauty-creek,1993,2321,False,reassigned,mainstem
isl143:7,south-sauty-creek,1945,2195,False,reassigned,mainstem
isl144:0,town-creek,16,0,False,split:town-creek-marshall,town-creek-marshall
isl145:0,town-creek,8,0,False,split:town-creek-marshall,town-creek-marshall
isl145:1,town-creek,63,0,False,split:town-creek-marshall,town-creek-marshall
isl146:0,mink-creek,748,794,False,split:mink-creek-jackson,mink-creek-jackson
isl146:1,mink-creek,760,816,False,split:mink-creek-jackson,mink-creek-jackson
isl147:0,mink-creek,1034,1095,False,split:mink-creek-jackson,mink-creek-jackson
isl148:0,north-sauty-creek,294,143,False,same,north-sauty-creek
isl149:0,north-sauty-creek,462,368,False,same,north-sauty-creek
isl151:0,north-sauty-creek,693,42,False,same,north-sauty-creek
isl152:0,north-sauty-creek,567,579,False,same,north-sauty-creek
isl152:1,north-sauty-creek,428,406,False,same,north-sauty-creek
isl153:0,north-sauty-creek,475,131,False,same,north-sauty-creek
isl155:0,north-sauty-creek,401,286,False,same,north-sauty-creek
isl156:0,north-sauty-creek,290,296,False,same,north-sauty-creek
isl157:0,north-sauty-creek,1206,1312,False,same,north-sauty-creek
isl158:0,south-sauty-creek,110,160,False,same,south-sauty-creek
isl158:1,south-sauty-creek,104,89,False,same,south-sauty-creek
isl160:0,north-sauty-creek,476,335,False,same,north-sauty-creek
isl160:1,north-sauty-creek,541,227,False,same,north-sauty-creek
isl160:2,north-sauty-creek,445,30,False,same,north-sauty-creek
isl160:3,north-sauty-creek,581,131,False,same,north-sauty-creek
isl160:4,north-sauty-creek,714,126,False,same,north-sauty-creek
isl160:5,north-sauty-creek,728,239,False,same,north-sauty-creek
isl160:6,north-sauty-creek,639,441,False,same,north-sauty-creek
isl160:7,north-sauty-creek,793,397,False,same,north-sauty-creek
isl160:8,north-sauty-creek,848,558,False,same,north-sauty-creek
isl160:9,north-sauty-creek,895,664,False,same,north-sauty-creek
isl160:10,north-sauty-creek,748,908,False,same,north-sauty-creek
isl160:11,north-sauty-creek,853,979,False,same,north-sauty-creek
isl160:12,north-sauty-creek,957,1120,False,same,north-sauty-creek
isl160:13,north-sauty-creek,844,901,False,same,north-sauty-creek
isl160:14,north-sauty-creek,691,711,False,same,north-sauty-creek
isl160:15,north-sauty-creek,641,739,False,same,north-sauty-creek
isl160:16,north-sauty-creek,523,542,False,same,north-sauty-creek
isl160:17,north-sauty-creek,562,575,False,same,north-sauty-creek
isl160:18,north-sauty-creek,580,563,False,same,north-sauty-creek
isl160:19,north-sauty-creek,474,474,False,same,north-sauty-creek
isl160:20,north-sauty-creek,548,563,False,same,north-sauty-creek
isl160:21,north-sauty-creek,452,469,False,same,north-sauty-creek
isl161:0,south-sauty-creek,44,59,False,same,south-sauty-creek
isl162:0,north-sauty-creek,1164,30,False,same,north-sauty-creek
isl162:1,north-sauty-creek,1160,113,False,same,north-sauty-creek
isl163:0,north-sauty-creek,1409,0,False,same,north-sauty-creek
isl163:1,north-sauty-creek,1360,101,False,same,north-sauty-creek
isl164:0,north-sauty-creek,1112,118,False,same,north-sauty-creek
isl165:0,north-sauty-creek,1194,232,False,same,north-sauty-creek
isl165:1,north-sauty-creek,1109,397,False,same,north-sauty-creek
isl166:0,north-sauty-creek,1406,406,False,same,north-sauty-creek
isl168:0,north-sauty-creek,2822,3089,False,reassigned,mainstem
isl170:0,north-sauty-creek,2986,3238,False,reassigned,mainstem
isl171:0,north-sauty-creek,3109,3302,False,reassigned,mainstem
isl171:1,north-sauty-creek,3124,3406,False,reassigned,mainstem
isl174:0,roseberry-creek,298,232,False,same,roseberry-creek
isl175:0,roseberry-creek,325,293,False,same,roseberry-creek
isl176:0,roseberry-creek,341,352,False,same,roseberry-creek
isl177:0,roseberry-creek,79,0,False,same,roseberry-creek
isl178:0,roseberry-creek,270,239,False,same,roseberry-creek
isl181:0,roseberry-creek,327,326,False,same,roseberry-creek
isl181:1,roseberry-creek,390,427,False,same,roseberry-creek
isl182:0,roseberry-creek,230,239,False,same,roseberry-creek
isl183:0,roseberry-creek,332,323,False,same,roseberry-creek
isl186:0,roseberry-creek,656,710,False,same,roseberry-creek
isl186:1,roseberry-creek,572,584,False,same,roseberry-creek
isl187:0,roseberry-creek,1528,1535,False,reassigned,mainstem
isl187:1,roseberry-creek,1592,1673,False,reassigned,mainstem
isl189:0,roseberry-creek,2020,2595,False,same,roseberry-creek
isl189:1,roseberry-creek,2147,2548,False,same,roseberry-creek
isl189:2,roseberry-creek,1955,2410,False,same,roseberry-creek
isl190:0,roseberry-creek,2112,2376,False,same,roseberry-creek
isl190:1,roseberry-creek,2078,2306,False,same,roseberry-creek
isl191:0,roseberry-creek,2492,2824,False,same,roseberry-creek
isl191:1,roseberry-creek,2573,3026,False,same,roseberry-creek
isl191:2,roseberry-creek,2658,2880,False,same,roseberry-creek
isl191:3,roseberry-creek,2460,2730,False,same,roseberry-creek
isl192:0,roseberry-creek,2904,3173,False,same,roseberry-creek
isl193:0,roseberry-creek,3051,3388,False,same,roseberry-creek
isl198:0,town-creek,4223,,True,reassigned,roseberry-creek
isl201:7,jones-creek,3237,3368,False,reassigned,mainstem
isl201:8,jones-creek,3442,3578,False,reassigned,mainstem
isl201:9,jones-creek,3617,3728,False,reassigned,mainstem
isl201:10,jones-creek,3748,3853,False,reassigned,mainstem
isl201:11,jones-creek,3937,4033,False,reassigned,mainstem
isl204:2,jones-creek,2451,2481,False,reassigned,mainstem
isl204:3,jones-creek,2536,2577,False,reassigned,mainstem
isl204:4,jones-creek,2762,2798,False,reassigned,mainstem
isl204:6,jones-creek,2941,2954,False,reassigned,mainstem
isl204:7,jones-creek,2986,3072,False,reassigned,mainstem
isl209:0,jones-creek,2192,2195,False,reassigned,mainstem
isl210:0,jones-creek,2121,2128,False,reassigned,mainstem
isl210:1,jones-creek,1834,1830,False,reassigned,mainstem
isl210:14,jones-creek,1782,1945,False,reassigned,mainstem
isl210:15,jones-creek,2054,2057,False,reassigned,mainstem
isl210:16,jones-creek,2160,2237,False,reassigned,mainstem
isl217:0,jones-creek,1287,1458,False,reassigned,mainstem
isl218:4,jones-creek,219,249,False,split:jones-creek-jackson-rorex-creek-jones-creek,jones-creek-jackson-rorex-creek-jones-creek
isl222:0,mud-creek,266,0,False,same,mud-creek
isl223:0,mud-creek,11,0,False,same,mud-creek
isl226:0,town-creek,80,71,False,split:town-creek-jackson,town-creek-jackson
isl226:1,town-creek,165,0,False,split:town-creek-jackson,town-creek-jackson
isl228:0,mud-creek,762,59,False,same,mud-creek
isl229:0,mud-creek,181,0,False,same,mud-creek
isl229:1,mud-creek,209,42,False,same,mud-creek
isl231:0,mud-creek,23,30,False,same,mud-creek
isl231:1,mud-creek,13,0,False,same,mud-creek
isl231:2,mud-creek,155,0,False,same,mud-creek
isl232:0,mud-creek,485,190,False,same,mud-creek
isl234:0,mud-creek,152,89,False,same,mud-creek
isl235:0,mud-creek,266,30,False,same,mud-creek
isl235:1,mud-creek,467,0,False,same,mud-creek
isl235:2,mud-creek,465,59,False,same,mud-creek
isl235:3,mud-creek,322,202,False,same,mud-creek
isl235:4,mud-creek,151,30,False,same,mud-creek
isl235:5,mud-creek,144,0,False,same,mud-creek
isl236:0,mud-creek,82,30,False,same,mud-creek
isl238:0,mud-creek,58,0,False,same,mud-creek
isl238:1,mud-creek,92,84,False,same,mud-creek
isl238:2,mud-creek,228,310,False,same,mud-creek
isl238:3,mud-creek,138,202,False,same,mud-creek
isl239:0,mud-creek,17,0,False,same,mud-creek
isl240:0,mud-creek,130,30,False,same,mud-creek
isl240:1,mud-creek,49,30,False,same,mud-creek
isl240:2,mud-creek,31,30,False,same,mud-creek
isl240:3,mud-creek,17,0,False,same,mud-creek
isl241:0,mud-creek,319,326,False,same,mud-creek
isl241:1,mud-creek,313,220,False,same,mud-creek
isl242:0,mud-creek,309,126,False,same,mud-creek
isl243:0,mud-creek,17,30,False,same,mud-creek
isl244:0,mud-creek,557,0,False,same,mud-creek
isl244:1,mud-creek,615,143,False,same,mud-creek
isl244:2,mud-creek,691,101,False,same,mud-creek
isl246:0,mud-creek,250,397,False,same,mud-creek
isl247:0,mud-creek,10,0,False,same,mud-creek
isl247:1,mud-creek,95,143,False,same,mud-creek
isl250:0,mud-creek,186,173,False,same,mud-creek
isl250:1,mud-creek,109,118,False,same,mud-creek
isl250:2,mud-creek,130,126,False,same,mud-creek
isl250:3,mud-creek,177,178,False,same,mud-creek
isl250:4,mud-creek,237,308,False,same,mud-creek
isl250:5,mud-creek,232,357,False,same,mud-creek
isl251:0,mud-creek,421,71,False,same,mud-creek
isl253:0,mud-creek,175,190,False,same,mud-creek
isl255:0,mud-creek,186,101,False,same,mud-creek
isl257:0,jones-creek,1086,1127,False,reassigned,mainstem
isl257:1,jones-creek,1319,1426,False,reassigned,mainstem
isl257:2,jones-creek,1199,1270,False,reassigned,mainstem
isl257:3,jones-creek,957,977,False,split:jones-creek-jackson-rorex-creek-jones-creek,jones-creek-jackson-rorex-creek-jones-creek
isl259:0,mud-creek,92,84,False,same,mud-creek
isl259:1,mud-creek,88,59,False,same,mud-creek
isl260:0,mud-creek,144,59,False,same,mud-creek
isl260:1,mud-creek,53,30,False,same,mud-creek
isl261:0,mud-creek,70,59,False,same,mud-creek
isl262:0,mud-creek,380,155,False,same,mud-creek
isl263:0,mud-creek,57,42,False,same,mud-creek
isl263:1,mud-creek,89,84,False,same,mud-creek
isl264:0,mud-creek,62,71,False,same,mud-creek
isl265:0,mud-creek,116,113,False,same,mud-creek
isl265:1,mud-creek,53,59,False,same,mud-creek
isl267:0,mud-creek,65,71,False,same,mud-creek
isl267:1,mud-creek,107,89,False,same,mud-creek
isl268:0,mud-creek,152,148,False,same,mud-creek
isl268:1,mud-creek,118,101,False,same,mud-creek
isl270:0,mud-creek,109,84,False,same,mud-creek
isl271:0,mud-creek,87,84,False,same,mud-creek
isl272:0,mud-creek,374,323,False,same,mud-creek
isl273:0,mud-creek,188,173,False,same,mud-creek
isl274:0,mud-creek,166,185,False,same,mud-creek
isl283:0,mud-creek,156,131,False,same,mud-creek
isl283:1,mud-creek,119,101,False,same,mud-creek
isl286:0,mud-creek,154,118,False,same,mud-creek
isl288:0,town-creek,247,249,False,split:town-creek-jackson,town-creek-jackson
isl288:1,town-creek,366,375,False,split:town-creek-jackson,town-creek-jackson
isl288:2,town-creek,416,422,False,split:town-creek-jackson,town-creek-jackson
isl290:14,town-creek,496,821,False,reassigned,mainstem
isl290:15,town-creek,573,1030,False,reassigned,mainstem
isl290:16,town-creek,728,1282,False,reassigned,mainstem
isl290:17,town-creek,641,1449,False,reassigned,mainstem
isl290:18,town-creek,473,1688,False,reassigned,mainstem
isl290:19,town-creek,464,1676,False,reassigned,mainstem
isl290:20,town-creek,601,1479,False,reassigned,mainstem
isl290:21,town-creek,730,1353,False,reassigned,mainstem
isl290:22,town-creek,904,1538,False,reassigned,mainstem
isl290:23,town-creek,1114,1730,False,reassigned,mainstem
isl292:0,town-creek,162,168,False,split:town-creek-jackson,town-creek-jackson
isl292:1,town-creek,347,365,False,split:town-creek-jackson,town-creek-jackson
isl292:2,town-creek,260,239,False,split:town-creek-jackson,town-creek-jackson
isl293:0,town-creek,1128,1713,False,reassigned,mainstem
isl293:1,town-creek,1172,1772,False,reassigned,mainstem
isl294:0,town-creek,799,1365,False,reassigned,mainstem
isl294:1,town-creek,900,1461,False,reassigned,mainstem
isl295:0,town-creek,184,190,False,split:town-creek-jackson,town-creek-jackson
isl295:1,town-creek,190,207,False,split:town-creek-jackson,town-creek-jackson
isl297:0,town-creek,142,197,False,split:town-creek-jackson,town-creek-jackson
isl297:1,town-creek,158,155,False,split:town-creek-jackson,town-creek-jackson
isl297:2,town-creek,122,227,False,split:town-creek-jackson,town-creek-jackson
isl297:3,town-creek,113,113,False,split:town-creek-jackson,town-creek-jackson
isl299:0,town-creek,140,239,False,split:town-creek-jackson,town-creek-jackson
isl299:1,town-creek,110,155,False,split:town-creek-jackson,town-creek-jackson
isl299:2,town-creek,11,0,False,split:town-creek-jackson,town-creek-jackson
isl299:3,town-creek,120,113,False,split:town-creek-jackson,town-creek-jackson
isl299:4,town-creek,116,113,False,split:town-creek-jackson,town-creek-jackson
isl300:0,town-creek,124,113,False,split:town-creek-jackson,town-creek-jackson
isl300:1,town-creek,198,251,False,split:town-creek-jackson,town-creek-jackson
isl300:2,town-creek,262,269,False,split:town-creek-jackson,town-creek-jackson
isl300:3,town-creek,229,293,False,split:town-creek-jackson,town-creek-jackson
isl300:4,town-creek,149,143,False,split:town-creek-jackson,town-creek-jackson
isl300:5,town-creek,95,126,False,split:town-creek-jackson,town-creek-jackson
isl301:0,town-creek,881,1008,False,split:town-creek-jackson,town-creek-jackson
isl301:1,town-creek,791,801,False,split:town-creek-jackson,town-creek-jackson
isl302:0,town-creek,22,0,False,split:town-creek-jackson,town-creek-jackson
isl304:0,town-creek,67,59,False,split:town-creek-jackson,town-creek-jackson
isl304:1,town-creek,91,113,False,split:town-creek-jackson,town-creek-jackson
isl305:0,town-creek,86,89,False,split:town-creek-jackson,town-creek-jackson
isl305:1,town-creek,62,59,False,split:town-creek-jackson,town-creek-jackson
isl306:0,town-creek,207,185,False,split:town-creek-jackson,town-creek-jackson
isl306:1,town-creek,233,345,False,split:town-creek-jackson,town-creek-jackson
isl306:2,town-creek,150,148,False,split:town-creek-jackson,town-creek-jackson
isl307:0,town-creek,211,197,False,split:town-creek-jackson,town-creek-jackson
isl307:1,town-creek,182,178,False,split:town-creek-jackson,town-creek-jackson
isl307:2,town-creek,305,113,False,split:town-creek-jackson,town-creek-jackson
isl307:3,town-creek,138,148,False,split:town-creek-jackson,town-creek-jackson
isl308:0,mud-creek,2081,2301,False,same,mud-creek
isl309:0,town-creek,309,269,False,split:town-creek-jackson,town-creek-jackson
isl309:1,town-creek,537,30,False,split:town-creek-jackson,town-creek-jackson
isl309:2,town-creek,471,113,False,split:town-creek-jackson,town-creek-jackson
isl309:3,town-creek,331,143,False,split:town-creek-jackson,town-creek-jackson
isl310:0,mud-creek,2121,2288,False,same,mud-creek
isl313:0,mud-creek,2277,2508,False,same,mud-creek
isl314:0,mud-creek,351,471,False,same,mud-creek
isl314:1,mud-creek,341,335,False,same,mud-creek
isl315:0,mud-creek,1986,2189,False,same,mud-creek
isl316:0,mud-creek,373,483,False,same,mud-creek
isl317:0,mud-creek,276,298,False,same,mud-creek
isl318:0,town-creek,553,0,False,split:town-creek-jackson,town-creek-jackson
isl319:0,town-creek,623,30,False,split:town-creek-jackson,town-creek-jackson
isl319:7,mud-creek,66,291,False,same,mud-creek
isl319:8,mud-creek,77,131,False,same,mud-creek
isl319:9,mud-creek,197,375,False,same,mud-creek
isl319:10,mud-creek,211,404,False,same,mud-creek
isl319:11,mud-creek,290,404,False,same,mud-creek
isl319:12,mud-creek,224,220,False,same,mud-creek
isl319:13,mud-creek,177,168,False,same,mud-creek
isl319:14,mud-creek,105,113,False,same,mud-creek
isl319:15,mud-creek,87,71,False,same,mud-creek
isl319:16,mud-creek,32,30,False,same,mud-creek
isl319:17,mud-creek,16,0,False,same,mud-creek
isl319:25,town-creek,587,30,False,split:town-creek-jackson,town-creek-jackson
isl320:0,mud-creek,253,251,False,same,mud-creek
isl321:0,mud-creek,321,89,False,same,mud-creek
isl322:0,mud-creek,502,89,False,same,mud-creek
isl323:0,mud-creek,477,148,False,same,mud-creek
isl323:1,mud-creek,471,303,False,same,mud-creek
isl324:0,mud-creek,50,42,False,same,mud-creek
isl324:1,mud-creek,113,84,False,same,mud-creek
isl324:2,mud-creek,102,0,False,same,mud-creek
isl324:3,mud-creek,16,0,False,same,mud-creek
isl326:0,mud-creek,1400,160,False,same,mud-creek
isl327:0,mud-creek,1496,71,False,same,mud-creek
isl327:1,mud-creek,1474,30,False,same,mud-creek
isl328:0,mud-creek,1546,71,False,same,mud-creek
isl330:0,mud-creek,1610,101,False,same,mud-creek
isl331:0,crow-creek,322,101,False,same,crow-creek
isl334:0,crow-creek,126,345,False,same,crow-creek
isl334:1,crow-creek,28,0,False,same,crow-creek
isl334:2,crow-creek,161,316,False,same,crow-creek
isl336:0,nichols-branch,1225,2760,False,reassigned,mainstem
isl337:7,nichols-branch,1010,1870,False,reassigned,mainstem
isl338:0,crow-creek,14,0,False,same,crow-creek
isl338:1,crow-creek,19,0,False,same,crow-creek
isl338:2,crow-creek,274,0,False,same,crow-creek
isl338:3,crow-creek,107,30,False,same,crow-creek
isl338:4,crow-creek,200,160,False,same,crow-creek
isl338:5,crow-creek,206,89,False,same,crow-creek
isl338:6,crow-creek,161,261,False,same,crow-creek
isl338:7,crow-creek,33,0,False,same,crow-creek
isl340:0,crow-creek,166,178,False,same,crow-creek
isl340:1,crow-creek,56,30,False,same,crow-creek
isl342:0,crow-creek,56,30,False,same,crow-creek
isl342:1,crow-creek,33,30,False,same,crow-creek
isl343:0,crow-creek,130,71,False,same,crow-creek
isl343:1,crow-creek,108,113,False,same,crow-creek
isl344:0,crow-creek,585,1513,False,reassigned,slaton-branch
isl345:0,slaton-branch,430,614,False,same,slaton-branch
isl345:1,crow-creek,674,1346,False,reassigned,slaton-branch
isl345:2,slaton-branch,400,412,False,same,slaton-branch
isl345:3,slaton-branch,417,638,False,same,slaton-branch
isl346:0,slaton-branch,458,602,False,same,slaton-branch
isl348:0,crow-creek,369,357,False,same,crow-creek
isl348:1,crow-creek,390,232,False,same,crow-creek
isl348:2,crow-creek,312,338,False,same,crow-creek
isl349:0,crow-creek,237,291,False,same,crow-creek
isl350:0,nichols-branch,117,113,False,same,nichols-branch
isl350:1,nichols-branch,53,42,False,same,nichols-branch
isl351:0,crow-creek,258,261,False,same,crow-creek
isl352:0,crow-creek,89,71,False,same,crow-creek
isl355:0,crow-creek,59,42,False,same,crow-creek
isl355:1,crow-creek,205,269,False,same,crow-creek
isl355:2,crow-creek,167,308,False,same,crow-creek
isl355:3,crow-creek,154,380,False,same,crow-creek
isl355:4,crow-creek,234,160,False,same,crow-creek
isl355:5,crow-creek,183,202,False,same,crow-creek
isl355:6,crow-creek,21,30,False,same,crow-creek
isl356:0,crow-creek,62,71,False,same,crow-creek
isl356:1,crow-creek,189,101,False,same,crow-creek
isl356:2,crow-creek,88,89,False,same,crow-creek
isl356:3,crow-creek,30,30,False,same,crow-creek
isl356:4,crow-creek,117,173,False,same,crow-creek
isl356:5,crow-creek,89,101,False,same,crow-creek
isl356:6,crow-creek,36,0,False,same,crow-creek
isl357:0,crow-creek,20,0,False,same,crow-creek
isl357:1,crow-creek,51,42,False,same,crow-creek
isl357:2,crow-creek,81,286,False,same,crow-creek
isl357:3,crow-creek,129,286,False,same,crow-creek
isl359:0,crow-creek,360,173,False,same,crow-creek
isl361:0,crow-creek,426,89,False,same,crow-creek
isl361:1,crow-creek,395,30,False,same,crow-creek
isl362:0,crow-creek,84,101,False,same,crow-creek
isl363:0,crow-creek,386,71,False,same,crow-creek
isl363:1,crow-creek,231,101,False,same,crow-creek
isl364:0,crow-creek,163,168,False,same,crow-creek
isl364:1,crow-creek,105,101,False,same,crow-creek
isl364:2,crow-creek,142,214,False,same,crow-creek
isl364:3,crow-creek,160,160,False,same,crow-creek
isl364:4,crow-creek,172,143,False,same,crow-creek
isl365:0,crow-creek,441,42,False,same,crow-creek
isl365:1,crow-creek,346,0,False,same,crow-creek
isl366:0,crow-creek,338,0,False,same,crow-creek
isl367:0,crow-creek,229,89,False,same,crow-creek
isl367:1,crow-creek,175,42,False,same,crow-creek
isl368:0,crow-creek,220,207,False,same,crow-creek
isl368:1,crow-creek,234,333,False,same,crow-creek
isl369:0,crow-creek,91,101,False,same,crow-creek
isl371:0,crow-creek,261,256,False,same,crow-creek
isl371:1,crow-creek,279,298,False,reassigned,slaton-branch
isl374:0,nichols-branch,25,101,False,same,nichols-branch
isl376:0,crow-creek,366,101,False,same,crow-creek
isl376:1,crow-creek,342,30,False,same,crow-creek
isl379:0,nichols-branch,62,59,False,same,nichols-branch
isl380:0,crow-creek,166,143,False,same,crow-creek
isl380:1,crow-creek,183,197,False,same,crow-creek
isl381:0,crow-creek,49,30,False,same,crow-creek
isl382:0,crow-creek,120,113,False,same,crow-creek
isl383:0,crow-creek,67,59,False,same,crow-creek
isl384:0,crow-creek,142,84,False,same,crow-creek
isl385:0,crow-creek,106,89,False,same,crow-creek
isl385:1,crow-creek,71,101,False,same,crow-creek
isl386:0,crow-creek,113,113,False,same,crow-creek
isl389:0,deal-creek,124,113,False,same,deal-creek
isl391:0,crow-creek,216,249,False,same,crow-creek
isl392:0,crow-creek,876,1010,False,same,crow-creek
isl392:1,crow-creek,809,813,False,same,crow-creek
isl393:0,crow-creek,133,118,False,same,crow-creek
isl393:1,crow-creek,176,178,False,same,crow-creek
isl394:0,crow-creek,156,178,False,same,crow-creek
isl395:0,crow-creek,211,232,False,same,crow-creek
isl397:0,crow-creek,68,155,False,same,crow-creek
isl398:0,crow-creek,174,422,False,same,crow-creek
isl398:1,crow-creek,162,160,False,same,crow-creek
isl399:0,crow-creek,88,155,False,same,crow-creek
isl400:0,coon-creek,67,30,False,same,coon-creek
isl401:0,coon-creek,49,84,False,same,coon-creek
isl401:1,coon-creek,32,84,False,same,coon-creek
isl403:0,coon-creek,116,0,False,same,coon-creek
isl403:1,coon-creek,31,30,False,same,coon-creek
isl403:2,coon-creek,26,30,False,same,coon-creek
isl404:20,long-hollow-branch,398,950,False,reassigned,mainstem
isl404:21,long-hollow-branch,340,802,False,reassigned,mainstem
isl404:22,long-hollow-branch,300,641,False,reassigned,mainstem
isl404:23,long-hollow-branch,236,392,False,reassigned,mainstem
isl404:24,long-hollow-branch,199,214,False,reassigned,mainstem
isl404:25,long-hollow-branch,77,89,False,reassigned,mainstem
isl404:26,long-hollow-branch,253,256,False,reassigned,mainstem
isl404:27,long-hollow-branch,388,404,False,reassigned,mainstem
isl404:28,jones-creek,785,5234,True,reassigned,mainstem
isl404:29,big-culvert-creek,439,552,False,reassigned,mainstem
isl404:30,big-culvert-creek,271,286,False,reassigned,mainstem
isl404:31,big-culvert-creek,148,155,False,reassigned,mainstem
isl404:32,big-culvert-creek,105,113,False,reassigned,mainstem
isl404:33,big-culvert-creek,243,244,False,reassigned,mainstem
isl404:34,big-culvert-creek,418,427,False,reassigned,mainstem
isl404:35,big-culvert-creek,621,622,False,reassigned,mainstem
isl404:36,big-culvert-creek,788,782,False,reassigned,mainstem
isl404:37,big-culvert-creek,1021,1044,False,reassigned,mainstem
isl404:38,glover-creek,1530,1736,False,reassigned,mainstem
isl404:39,glover-creek,1299,1504,False,reassigned,mainstem
isl404:40,glover-creek,1109,1272,False,reassigned,mainstem
isl404:41,glover-creek,897,1041,False,reassigned,mainstem
isl404:42,glover-creek,785,880,False,reassigned,mainstem
isl404:43,glover-creek,619,690,False,reassigned,mainstem
isl404:44,glover-creek,384,429,False,reassigned,mainstem
isl404:45,glover-creek,204,209,False,reassigned,mainstem
isl404:46,glover-creek,81,89,False,reassigned,mainstem
isl404:47,glover-creek,217,256,False,reassigned,mainstem
isl405:0,long-island-creek,59,59,False,same,long-island-creek
isl405:1,long-island-creek,84,113,False,same,long-island-creek
isl406:0,long-island-creek,106,113,False,same,long-island-creek
isl406:1,long-island-creek,114,84,False,same,long-island-creek
isl407:0,long-island-creek,46,30,False,same,long-island-creek
isl411:0,long-island-creek,272,380,False,same,long-island-creek
isl413:0,long-island-creek,37,0,False,same,long-island-creek
isl413:1,long-island-creek,10,0,False,same,long-island-creek
isl413:2,long-island-creek,34,0,False,same,long-island-creek
isl414:0,long-island-creek,91,155,False,same,long-island-creek
isl415:0,long-island-creek,95,173,False,same,long-island-creek
isl415:1,long-island-creek,22,0,False,same,long-island-creek
isl415:2,long-island-creek,37,30,False,same,long-island-creek
isl416:0,long-island-creek,9,0,False,same,long-island-creek
isl417:0,long-island-creek,102,131,False,same,long-island-creek
isl418:16,glover-branch,732,1692,False,reassigned,mainstem
isl418:17,glover-branch,681,1877,False,reassigned,mainstem
isl418:18,glover-branch,603,2192,False,reassigned,mainstem
isl418:19,glover-branch,652,2449,False,reassigned,mainstem
isl418:20,glover-branch,737,2634,False,reassigned,mainstem
isl418:21,glover-branch,856,2777,False,reassigned,mainstem
isl418:22,glover-branch,952,2961,False,reassigned,mainstem
isl418:23,glover-branch,1162,2753,False,reassigned,mainstem
isl418:24,glover-branch,1339,2551,False,reassigned,mainstem
isl418:25,glover-branch,1498,2272,False,reassigned,mainstem
isl418:26,glover-branch,1563,2183,False,reassigned,mainstem
