{"type": "Feature", "geometry": {"type": "Polygon", "coordinates": [[[-86.170584108, 34.46836478], [-86.17073646, 34.468508318], [-86.171537448, 34.46993314], [-86.174133987, 34.470414063], [-86.176107106, 34.471933752], [-86.182770328, 34.472762467], [-86.183911656, 34.473383589], [-86.18690017, 34.474443086], [-86.189770043, 34.474972008], [-86.190707122, 34.475329271], [-86.191666793, 34.475671575], [-86.192087312, 34.476126398], [-86.193564423, 34.476649327], [-86.194105439, 34.477234419], [-86.195686132, 34.477898809], [-86.196295828, 34.478228396], [-86.19787656, 34.478892755], [-86.198779832, 34.479516807], [-86.201122778, 34.48065419], [-86.201162266, 34.481605731], [-86.202853202, 34.482441553], [-86.203832071, 34.48471127], [-86.202981261, 34.485526643], [-86.201435389, 34.487233718], [-86.201401497, 34.487683891], [-86.204288725, 34.488609998], [-86.207129971, 34.491691929], [-86.207265956, 34.492230161], [-86.206322197, 34.493166255], [-86.206046325, 34.494015345], [-86.204411315, 34.494610823], [-86.203640958, 34.496115679], [-86.203106606, 34.497004081], [-86.203656216, 34.498765577], [-86.203173908, 34.499569867], [-86.203361228, 34.500925761], [-86.203426169, 34.501616036], [-86.203159325, 34.502250955], [-86.202582639, 34.504307319], [-86.200233868, 34.504431709], [-86.199325914, 34.504778683], [-86.199810386, 34.50619756], [-86.198839268, 34.507245077], [-86.197954143, 34.508592721], [-86.198297583, 34.510124024], [-86.197858697, 34.511521933], [-86.196446256, 34.512235123], [-86.196542987, 34.514038502], [-86.197020939, 34.514409615], [-86.19741557, 34.514927515], [-86.19763083, 34.515961268], [-86.198413102, 34.516421243], [-86.199104281, 34.517231731], [-86.20148628, 34.516909963], [-86.202696126, 34.515979471], [-86.205070045, 34.515924548], [-86.20917992, 34.517844686], [-86.209720375, 34.518478059], [-86.211806362, 34.518287074], [-86.21349156, 34.517421783], [-86.215841686, 34.517370956], [-86.216510378, 34.517136461], [-86.217723777, 34.517318629], [-86.21866314, 34.518417454], [-86.218985163, 34.518693172], [-86.219210239, 34.51965183], [-86.218852648, 34.521227281], [-86.21930905, 34.522095832], [-86.219034347, 34.523303208], [-86.220053877, 34.523648127], [-86.22053156, 34.52483872], [-86.221121823, 34.525345579], [-86.221405055, 34.526049954], [-86.222424318, 34.52692789], [-86.223989891, 34.528761957], [-86.224021283, 34.531004301], [-86.224309551, 34.531546847], [-86.224541338, 34.532126784], [-86.225417339, 34.533258111], [-86.22544868, 34.534215195], [-86.223895973, 34.534217414], [-86.221574171, 34.535265311], [-86.218556629, 34.540308438], [-86.217239388, 34.541084671], [-86.214379823, 34.540332109], [-86.211249049, 34.542653887], [-86.210234336, 34.545448698], [-86.207866757, 34.54554858], [-86.204834643, 34.548007038], [-86.203479959, 34.549401535], [-86.201133792, 34.549555769], [-86.199920154, 34.550104574], [-86.199626718, 34.555568499], [-86.198635454, 34.556749157], [-86.196274276, 34.558138834], [-86.195029851, 34.558480627], [-86.19412089, 34.558789584], [-86.192066146, 34.562082321], [-86.190417351, 34.563485599], [-86.189815969, 34.564387236], [-86.188059782, 34.564498288], [-86.184140853, 34.565920697], [-86.181507378, 34.567350342], [-86.18099173, 34.567273111], [-86.179088153, 34.567666572], [-86.17681538, 34.567605327], [-86.176682671, 34.567773215], [-86.175995323, 34.567986978], [-86.175729901, 34.568322753], [-86.174166845, 34.568420415], [-86.172671022, 34.569107372], [-86.171212797, 34.571468331], [-86.168956124, 34.573268776], [-86.168549128, 34.57406454], [-86.167642751, 34.575405952], [-86.167621652, 34.576139507], [-86.167138486, 34.576943578], [-86.167123319, 34.577447973], [-86.166704154, 34.577932975], [-86.166044072, 34.578865365], [-86.165154372, 34.579689851], [-86.164950839, 34.580087724], [-86.165111883, 34.580225648], [-86.165899847, 34.581537468], [-86.167537812, 34.583898738], [-86.169545414, 34.586204811], [-86.168191858, 34.588452361], [-86.168550753, 34.588703911], [-86.169241021, 34.589727207], [-86.169989079, 34.589952631], [-86.169957438, 34.591195164], [-86.170297534, 34.592466986], [-86.169727129, 34.593000323], [-86.169376327, 34.59475527], [-86.17009916, 34.59540205], [-86.169207686, 34.59729463], [-86.168899691, 34.598490635], [-86.169914098, 34.599775155], [-86.172576077, 34.601908809], [-86.174029553, 34.602939595], [-86.177835421, 34.602826789], [-86.179836285, 34.602083327], [-86.181272814, 34.603999585], [-86.182423514, 34.604216736], [-86.183113463, 34.604005245], [-86.184592142, 34.604250034], [-86.185969109, 34.605354262], [-86.187163538, 34.607403812], [-86.187576089, 34.609532811], [-86.18822877, 34.610691819], [-86.188529427, 34.610934165], [-86.188583063, 34.611387446], [-86.189275565, 34.612884788], [-86.189761906, 34.613052183], [-86.190559785, 34.613498648], [-86.192012126, 34.617430176], [-86.193425977, 34.618206606], [-86.194618643, 34.619092904], [-86.19620247, 34.618330884], [-86.197818758, 34.617944483], [-86.200111189, 34.618921201], [-86.199451704, 34.61960518], [-86.199448566, 34.620403396], [-86.201742511, 34.621165305], [-86.203707205, 34.622805384], [-86.203861073, 34.624507976], [-86.204155205, 34.625046778], [-86.204180228, 34.627518034], [-86.207967953, 34.631569811], [-86.208064142, 34.631995039], [-86.207113645, 34.632848406], [-86.206393668, 34.634252057], [-86.208237403, 34.635420448], [-86.208938943, 34.63623997], [-86.208242663, 34.639290988], [-86.208213201, 34.640398765], [-86.209132046, 34.64213823], [-86.210132121, 34.645399247], [-86.209244817, 34.649300049], [-86.209332619, 34.650708396], [-86.209493889, 34.650846248], [-86.210794266, 34.653213933], [-86.211501392, 34.654969253], [-86.212165139, 34.655924586], [-86.212264211, 34.65634793], [-86.212094642, 34.656479044], [-86.211371697, 34.656885984], [-86.210857907, 34.657889837], [-86.210838867, 34.658528672], [-86.209853876, 34.659650926], [-86.209525657, 34.659623343], [-86.209491723, 34.659890147], [-86.209073565, 34.660956804], [-86.210586729, 34.662956812], [-86.21161437, 34.665331013], [-86.212440789, 34.666740288], [-86.21267461, 34.667653159], [-86.213250429, 34.668811742], [-86.216160263, 34.670551855], [-86.217874612, 34.670971772], [-86.221066039, 34.671945394], [-86.222726767, 34.673093842], [-86.224920402, 34.676271407], [-86.225887744, 34.677165708], [-86.228752891, 34.680262559], [-86.228711822, 34.684832539], [-86.229090773, 34.68682976], [-86.229182606, 34.687699053], [-86.229443196, 34.688260186], [-86.229769285, 34.688673028], [-86.230527539, 34.689010448], [-86.231110751, 34.689358469], [-86.23210156, 34.689681664], [-86.233635991, 34.690379031], [-86.234544733, 34.690695327], [-86.235054706, 34.689659495], [-86.236207404, 34.688707], [-86.23675989, 34.687887486], [-86.238724521, 34.685745366], [-86.239077, 34.685562125], [-86.240432738, 34.686625729], [-86.242521651, 34.686364586], [-86.245120573, 34.691589411], [-86.245335886, 34.692426875], [-86.245837463, 34.693439966], [-86.247323782, 34.693802382], [-86.247356937, 34.695340815], [-86.247157947, 34.696215225], [-86.247142564, 34.696704757], [-86.246386619, 34.698577397], [-86.245658825, 34.699409659], [-86.244231877, 34.699764206], [-86.243550671, 34.701455604], [-86.242149423, 34.701995547], [-86.24041189, 34.703857601], [-86.239957757, 34.704780153], [-86.239681307, 34.705405815], [-86.239171155, 34.707301097], [-86.237920024, 34.708291723], [-86.237991028, 34.708794806], [-86.237795704, 34.709271375], [-86.238485346, 34.710171729], [-86.2383693, 34.71045271], [-86.238783023, 34.711422642], [-86.237568854, 34.711917118], [-86.234475028, 34.712530101], [-86.232355697, 34.713637533], [-86.232102109, 34.714368314], [-86.23402638, 34.716023035], [-86.235195778, 34.718149546], [-86.235563039, 34.720609096], [-86.234800672, 34.721874447], [-86.233989119, 34.72256692], [-86.231803719, 34.723089534], [-86.230720972, 34.724262721], [-86.229185624, 34.724629102], [-86.227199142, 34.724218271], [-86.225771299, 34.724269216], [-86.225880193, 34.726290058], [-86.225342382, 34.726868501], [-86.225367919, 34.727361457], [-86.224333594, 34.728846201], [-86.223135966, 34.730064465], [-86.221824752, 34.730523279], [-86.220637368, 34.731538049], [-86.218413205, 34.731077659], [-86.215863681, 34.731971799], [-86.214329919, 34.733281853], [-86.213337463, 34.732865738], [-86.212181927, 34.732650791], [-86.212182059, 34.733872583], [-86.212433152, 34.734692028], [-86.211912516, 34.73599018], [-86.211201939, 34.738393052], [-86.210397338, 34.738986959], [-86.208762595, 34.739947218], [-86.207868207, 34.74391452], [-86.205881455, 34.744398611], [-86.205033811, 34.744453819], [-86.202566652, 34.744126525], [-86.201069311, 34.743640519], [-86.196954237, 34.742869192], [-86.195341764, 34.743489894], [-86.194764757, 34.743965913], [-86.193379019, 34.743988436], [-86.193171128, 34.743726598], [-86.192418534, 34.74389082], [-86.19074358, 34.743577223], [-86.190343338, 34.743907992], [-86.189403638, 34.744399825], [-86.187862294, 34.74604809], [-86.186527709, 34.746340264], [-86.184913093, 34.745675655], [-86.182377569, 34.746574517], [-86.1818116, 34.747714974], [-86.179703362, 34.74945235], [-86.17766393, 34.748233662], [-86.174537055, 34.750367571], [-86.174024272, 34.751638873], [-86.172187341, 34.751901215], [-86.171601382, 34.75254701], [-86.171006411, 34.753750285], [-86.169351434, 34.752426924], [-86.16833789, 34.752236169], [-86.166556721, 34.752265082], [-86.164932418, 34.751595168], [-86.164966546, 34.751328403], [-86.164637953, 34.751300695], [-86.164684633, 34.749678344], [-86.163605785, 34.747828359], [-86.162224325, 34.746174025], [-86.16173707, 34.743655552], [-86.159145785, 34.743123045], [-86.157530881, 34.741084487], [-86.157392477, 34.740442924], [-86.157067359, 34.739435901], [-86.158302368, 34.737631523], [-86.158951026, 34.735097209], [-86.158501965, 34.733700529], [-86.159108018, 34.732228573], [-86.158287408, 34.730735224], [-86.155918028, 34.730174982], [-86.15506534, 34.729439396], [-86.154299547, 34.72709322], [-86.154138216, 34.726955303], [-86.152615362, 34.726936248], [-86.151234817, 34.727689702], [-86.149004601, 34.72689458], [-86.148282323, 34.72696417], [-86.147033518, 34.726142376], [-86.146256286, 34.726215735], [-86.144320498, 34.72565396], [-86.142850301, 34.725892029], [-86.141655947, 34.7259006], [-86.141327471, 34.725872827], [-86.141140764, 34.725629517], [-86.139459234, 34.724905871], [-86.137713551, 34.722558816], [-86.134295526, 34.720004908], [-86.130020282, 34.719402883], [-86.129108856, 34.719026562], [-86.127789661, 34.718674693], [-86.126255625, 34.717975959], [-86.123351385, 34.717464501], [-86.120914004, 34.716489013], [-86.118678259, 34.713661848], [-86.117146872, 34.712499707], [-86.116690485, 34.711247505], [-86.114475669, 34.708643206], [-86.113569214, 34.707140023], [-86.112213632, 34.707113526], [-86.110861523, 34.707584516], [-86.108191709, 34.707996348], [-86.107041931, 34.707176131], [-86.105598766, 34.707911115], [-86.104364946, 34.707724211], [-86.10216848, 34.708911376], [-86.101674657, 34.709604726], [-86.101627179, 34.711182921], [-86.10074762, 34.71501428], [-86.099587342, 34.715988118], [-86.098768109, 34.717576607], [-86.097204673, 34.719021819], [-86.096542545, 34.719953672], [-86.095391126, 34.72101882], [-86.095049061, 34.721680794], [-86.093385292, 34.720903172], [-86.08766427, 34.720791909], [-86.085390631, 34.720017087], [-86.083592888, 34.71921317], [-86.082285236, 34.718853325], [-86.08080324, 34.717793901], [-86.079111057, 34.717218001], [-86.076751005, 34.714440428], [-86.076236913, 34.713157821], [-86.074998987, 34.711394311], [-86.074047328, 34.710849763], [-86.073068249, 34.710517775], [-86.071557965, 34.709559029], [-86.070755766, 34.709183091], [-86.068392842, 34.707496415], [-86.067236226, 34.707033363], [-86.066418356, 34.706839356], [-86.063954353, 34.706880063], [-86.062505449, 34.707434972], [-86.060746538, 34.708401671], [-86.060266481, 34.708202716], [-86.058459411, 34.709441285], [-86.057129508, 34.709997855], [-86.051822406, 34.710581652], [-86.049011465, 34.710916915], [-86.046208227, 34.710631218], [-86.045155901, 34.71082579], [-86.044131651, 34.711003789], [-86.042747031, 34.711260558], [-86.039843863, 34.713829538], [-86.034021812, 34.717923018], [-86.033092501, 34.721931077], [-86.032386354, 34.723476208], [-86.029127048, 34.726444327], [-86.026725441, 34.728398548], [-86.022508777, 34.73074312], [-86.021172008, 34.73060765], [-86.020184488, 34.730539983], [-86.018761022, 34.73039285], [-86.017569784, 34.73061534], [-86.015066651, 34.732328888], [-86.012076854, 34.736229887], [-86.011608828, 34.737755278], [-86.012627806, 34.738700096], [-86.013384828, 34.740463147], [-86.013059095, 34.74590702], [-86.013957079, 34.747724257], [-86.013242523, 34.751706292], [-86.013385865, 34.752201055], [-86.013965767, 34.752431906], [-86.01513568, 34.75245622], [-86.019975232, 34.750542291], [-86.023902714, 34.751874878], [-86.025831422, 34.753531527], [-86.026588341, 34.755418724], [-86.028742099, 34.755461708], [-86.030467856, 34.755723003], [-86.032130232, 34.758094165], [-86.03243933, 34.760193746], [-86.032355136, 34.762183867], [-86.035983576, 34.762645558], [-86.038425558, 34.764050818], [-86.038606621, 34.764175836], [-86.040624622, 34.764767408], [-86.041770085, 34.765522533], [-86.042524609, 34.765749167], [-86.042665961, 34.765900284], [-86.045268038, 34.768315571], [-86.045730456, 34.770156363], [-86.046958333, 34.772380583], [-86.051240331, 34.774174225], [-86.052547377, 34.774886111], [-86.053581994, 34.776539664], [-86.05430419, 34.777618807], [-86.055170928, 34.778423741], [-86.055347358, 34.779146656], [-86.057377273, 34.78245874], [-86.060466551, 34.784226163], [-86.060249241, 34.788113569], [-86.058505987, 34.790590075], [-86.057527261, 34.792234223], [-86.057113363, 34.793024802], [-86.056922543, 34.793134949], [-86.057003342, 34.793915008], [-86.05805928, 34.796048504], [-86.058750265, 34.797651599], [-86.060317004, 34.802862239], [-86.063774131, 34.803438899], [-86.064883562, 34.803053012], [-86.066417966, 34.803537538], [-86.06612192, 34.804822707], [-86.066253332, 34.805794544], [-86.067409557, 34.806010916], [-86.068177235, 34.806480724], [-86.069854501, 34.806423294], [-86.070858269, 34.805569104], [-86.072079949, 34.805279073], [-86.073263236, 34.805527181], [-86.075197128, 34.805091234], [-86.077944719, 34.804949842], [-86.079947242, 34.803841307], [-86.081624929, 34.803699483], [-86.082119972, 34.803907975], [-86.08350583, 34.804236392], [-86.085957454, 34.806266905], [-86.087617264, 34.807551777], [-86.088492686, 34.808576208], [-86.089054251, 34.810966464], [-86.089690697, 34.812172823], [-86.090455196, 34.812829685], [-86.090588214, 34.812986333], [-86.091156829, 34.813833009], [-86.092963831, 34.815086028], [-86.093532488, 34.81593269], [-86.0936226, 34.816361658], [-86.09399168, 34.817003893], [-86.095348317, 34.816956792], [-86.096822869, 34.818895665], [-86.0980181, 34.819818617], [-86.098360384, 34.820850383], [-86.098530308, 34.822876581], [-86.098065718, 34.82450559], [-86.099308712, 34.825502082], [-86.100266163, 34.827142129], [-86.101988492, 34.827705247], [-86.102646284, 34.827761008], [-86.102474393, 34.829094635], [-86.102256662, 34.829232064], [-86.100448187, 34.831029423], [-86.098433229, 34.834709364], [-86.096097235, 34.836183868], [-86.097215979, 34.83768171], [-86.095282716, 34.839255657], [-86.094497666, 34.840688935], [-86.093881495, 34.841578297], [-86.094042958, 34.841716279], [-86.094938799, 34.842988783], [-86.095958242, 34.843867301], [-86.098449948, 34.844712649], [-86.10030872, 34.847444399], [-86.100113733, 34.848291545], [-86.101662885, 34.850866403], [-86.101396823, 34.851640116], [-86.09987162, 34.852989618], [-86.099605133, 34.853927599], [-86.099766632, 34.854065572], [-86.100073474, 34.854426514], [-86.099799632, 34.855622971], [-86.101342386, 34.857845474], [-86.10109941, 34.85890341], [-86.099313763, 34.859611527], [-86.099599048, 34.860522541], [-86.099693274, 34.862169379], [-86.099785985, 34.86284078], [-86.10053968, 34.863464978], [-86.100563536, 34.866302326], [-86.102526144, 34.867387041], [-86.102794254, 34.868532504], [-86.103385579, 34.869650576], [-86.102777096, 34.871406377], [-86.100814728, 34.874107021], [-86.100405438, 34.874902289], [-86.099950095, 34.875651523], [-86.099386003, 34.877404748], [-86.096437479, 34.879667876], [-86.095554867, 34.880585207], [-86.094778617, 34.881020744], [-86.094163985, 34.882036615], [-86.095755403, 34.882575956], [-86.0970386, 34.883308223], [-86.096765416, 34.884498386], [-86.097273013, 34.885459815], [-86.096473228, 34.886782289], [-86.096440451, 34.887902246], [-86.095956856, 34.889997192], [-86.094457646, 34.891239311], [-86.093441785, 34.891395441], [-86.092446305, 34.892541212], [-86.091721998, 34.894546224], [-86.089702369, 34.895247047], [-86.085878998, 34.895238738], [-86.084634716, 34.896980536], [-86.08437941, 34.897125285], [-86.086271997, 34.899299599], [-86.086373531, 34.899721073], [-86.088836766, 34.901705703], [-86.089514958, 34.904929166], [-86.087237373, 34.905148892], [-86.086589437, 34.907164556], [-86.086168239, 34.907647014], [-86.085513688, 34.908566771], [-86.086313568, 34.910707329], [-86.087947157, 34.912111812], [-86.088464587, 34.91271599], [-86.08866525, 34.914081102], [-86.089941658, 34.915634304], [-86.089380025, 34.916277591], [-86.088917143, 34.917384228], [-86.087992026, 34.917901905], [-86.087316548, 34.918419679], [-86.086684505, 34.919305539], [-86.086092877, 34.919918886], [-86.085240912, 34.919970914], [-86.082922407, 34.921267705], [-86.083021111, 34.921691038], [-86.083560365, 34.922709934], [-86.084628157, 34.924247589], [-86.083858181, 34.925515633], [-86.083021897, 34.92876437], [-86.080533774, 34.930625998], [-86.079380278, 34.931821458], [-86.077803712, 34.93206473], [-86.07665594, 34.933677718], [-86.076826094, 34.933810116], [-86.077075438, 34.934134595], [-86.077585906, 34.934531785], [-86.078455798, 34.93566932], [-86.080333286, 34.937121917], [-86.081794716, 34.939036291], [-86.082102793, 34.94051581], [-86.083267266, 34.942112182], [-86.085113406, 34.942702623], [-86.086457469, 34.943977163], [-86.085672273, 34.944818435], [-86.085815578, 34.945239214], [-86.086315165, 34.945399519], [-86.087221874, 34.945952407], [-86.0884831, 34.945473739], [-86.090496271, 34.947228294], [-86.091673605, 34.947740882], [-86.092252464, 34.948093231], [-86.093376436, 34.948576003], [-86.092653696, 34.949578474], [-86.092779845, 34.952447428], [-86.091826785, 34.953963281], [-86.091842476, 34.954647054], [-86.08852046, 34.95637292], [-86.087773498, 34.958748733], [-86.086657467, 34.959330282], [-86.086697606, 34.960951329], [-86.0861949, 34.962705405], [-86.086705009, 34.963610112], [-86.08788583, 34.96413775], [-86.089029366, 34.964973947], [-86.089200808, 34.966566083], [-86.08842436, 34.967418644], [-86.087890008, 34.968491811], [-86.08683045, 34.969440434], [-86.086464225, 34.9699781], [-86.085038562, 34.970718758], [-86.083982468, 34.973731815], [-86.084327014, 34.974769926], [-86.083993907, 34.975051318], [-86.081782381, 34.97613185], [-86.081449258, 34.976413235], [-86.080445388, 34.976568247], [-86.079467748, 34.978892845], [-86.07833012, 34.979758957], [-86.07635245, 34.979755534], [-86.076011422, 34.980017278], [-86.074593902, 34.98081328], [-86.071410584, 34.983304564], [-86.070773649, 34.985628523], [-86.068767929, 34.987707836], [-86.068731916, 34.988949597], [-86.067300584, 34.989087189], [-86.066313675, 34.989430994], [-86.066823888, 34.990394753], [-86.067051008, 34.991012217], [-86.06567109, 34.991375318], [-86.064894297, 34.991644273], [-86.064844445, 34.993333498], [-86.064530119, 34.993850236], [-86.063665781, 34.994191792], [-86.062077315, 34.994436046], [-86.0609022, 34.994744873], [-86.060231456, 34.994978575], [-86.058320643, 34.995479753], [-86.058152369, 34.995612899], [-86.057368643, 34.996034981], [-86.056578485, 34.99716844], [-86.055870211, 34.997550585], [-86.05551931, 34.997927286], [-86.05612517, 34.999036126], [-86.055324708, 35.000328781], [-86.054760944, 35.000961211], [-86.054093615, 35.003052925], [-86.055252634, 35.006098104], [-86.055574957, 35.007526166], [-86.055934476, 35.008186487], [-86.056286951, 35.009743481], [-86.056677349, 35.010707616], [-86.056299889, 35.01174975], [-86.053592402, 35.012747684], [-86.052216039, 35.012879269], [-86.05065745, 35.013431349], [-86.050622808, 35.013698008], [-86.049421596, 35.014004526], [-86.048059034, 35.014149874], [-86.047599971, 35.015197689], [-86.046837088, 35.016118568], [-86.045900646, 35.020177786], [-86.041171671, 35.023539531], [-86.039796407, 35.024762134], [-86.038474913, 35.023849314], [-86.036743373, 35.023426048], [-86.034500746, 35.02256748], [-86.032305459, 35.023726519], [-86.031883683, 35.024505747], [-86.030100068, 35.025002615], [-86.028107435, 35.024584367], [-86.026791097, 35.023692906], [-86.026146565, 35.022502695], [-86.024519997, 35.021374139], [-86.024207258, 35.020096333], [-86.024561172, 35.019298704], [-86.024502988, 35.018345898], [-86.024993265, 35.017540931], [-86.025028229, 35.01637279], [-86.02527275, 35.015315182], [-86.025287025, 35.014905664], [-86.02630776, 35.013406566], [-86.02595554, 35.012531914], [-86.025587721, 35.011837075], [-86.026184884, 35.01115074], [-86.026112042, 35.008770684], [-86.024952419, 35.006578153], [-86.025444783, 35.004456886], [-86.024476373, 35.002036292], [-86.023946158, 35.002109055], [-86.022995887, 35.002468284], [-86.021680072, 35.001915879], [-86.020525392, 35.001545707], [-86.018887305, 35.000329661], [-86.018387501, 35.000169078], [-86.017751774, 34.999952665], [-86.016338786, 34.999147563], [-86.014161068, 34.998816429], [-86.013298581, 34.999301029], [-86.01040562, 35.001499663], [-86.008424003, 35.001081951], [-86.007371591, 35.000307518], [-86.007143096, 35.000681906], [-86.006529236, 35.00275275], [-86.005480048, 35.003549956], [-86.004479037, 35.003399173], [-86.00410919, 35.003679335], [-86.002814492, 35.003484496], [-86.002149043, 35.004413455], [-85.996008805, 35.00439643], [-85.993921793, 35.004944744], [-85.992391963, 35.005473259], [-85.990405397, 35.005172783], [-85.98962633, 35.005156707], [-85.988633738, 35.004762161], [-85.986603135, 35.00471905], [-85.982873916, 35.004145055], [-85.982972174, 35.004568436], [-85.983710523, 35.006767569], [-85.983872187, 35.007880969], [-85.984645461, 35.009813448], [-85.984670666, 35.011970491], [-85.982199408, 35.013861244], [-85.980819918, 35.015786423], [-85.980723041, 35.018895654], [-85.979982253, 35.021153535], [-85.979818393, 35.021291172], [-85.978757613, 35.021436291], [-85.978100205, 35.02168334], [-85.977003543, 35.021943333], [-85.975677583, 35.022442773], [-85.972105767, 35.023265924], [-85.970265751, 35.02498514], [-85.969632604, 35.025006728], [-85.969168563, 35.024811093], [-85.968307388, 35.024505594], [-85.966769116, 35.023324757], [-85.962351356, 35.023089294], [-85.957483986, 35.018675858], [-85.956527521, 35.0182041], [-85.955325209, 35.017283618], [-85.953309625, 35.016706197], [-85.952310259, 35.016085368], [-85.951910823, 35.016291223], [-85.950253651, 35.017646686], [-85.949702535, 35.018452505], [-85.949054721, 35.019161545], [-85.948602297, 35.02006852], [-85.947357085, 35.021082256], [-85.94616638, 35.021700425], [-85.945058026, 35.022603716], [-85.944442441, 35.022689871], [-85.944160575, 35.023289186], [-85.943333831, 35.024130285], [-85.943501112, 35.025652914], [-85.942211327, 35.025933923], [-85.94234973, 35.026982214], [-85.94274256, 35.027620527], [-85.9420182, 35.028276616], [-85.941364204, 35.028357352], [-85.941034355, 35.029361199], [-85.940991284, 35.030680381], [-85.941400131, 35.031989938], [-85.941526207, 35.03336999], [-85.941814364, 35.033912942], [-85.942270176, 35.035321315], [-85.944014994, 35.039391338], [-85.943219774, 35.042807147], [-85.943182346, 35.043964597], [-85.944551076, 35.044393894], [-85.945893666, 35.043375898], [-85.946460428, 35.044039644], [-85.946622052, 35.044177801], [-85.946828014, 35.045406695], [-85.945138974, 35.047673574], [-85.945309832, 35.04887207], [-85.944932321, 35.049425251], [-85.947600755, 35.050850791], [-85.949035286, 35.052010283], [-85.949292124, 35.054022904], [-85.950011639, 35.054000391], [-85.951297872, 35.05428559], [-85.952170309, 35.055738042], [-85.952132579, 35.056918613], [-85.951900277, 35.057913977], [-85.953658962, 35.060059612], [-85.95399609, 35.062355019], [-85.954707197, 35.064263318], [-85.95396715, 35.065295178], [-85.953126068, 35.065766491], [-85.954155727, 35.067769512], [-85.955294149, 35.06878552], [-85.95765387, 35.070504429], [-85.95839888, 35.071341332], [-85.959155774, 35.07182959], [-85.959670326, 35.071821032], [-85.962450119, 35.072345709], [-85.9633698, 35.072725715], [-85.964364423, 35.073051048], [-85.965904076, 35.073751646], [-85.967805458, 35.074257819], [-85.97034183, 35.074015807], [-85.973142041, 35.075340265], [-85.975058702, 35.075312614], [-85.975872561, 35.075466505], [-85.976875391, 35.075451202], [-85.978111654, 35.075683342], [-85.978867956, 35.075520554], [-85.979738623, 35.076713477], [-85.980358201, 35.078689527], [-85.980090291, 35.079620771], [-85.981774953, 35.080967531], [-85.982790131, 35.082709877], [-85.984953725, 35.084042758], [-85.986045672, 35.084024453], [-85.987858773, 35.085108263], [-85.989876972, 35.086856186], [-85.990999481, 35.087341734], [-85.991916199, 35.088782785], [-85.992086764, 35.090288583], [-85.99226567, 35.090415493], [-85.991901702, 35.091264823], [-85.991951133, 35.092202115], [-85.993407206, 35.093326928], [-85.993952467, 35.094041166], [-85.994143367, 35.096488067], [-85.99475949, 35.098295163], [-85.994835472, 35.099946616], [-85.992979622, 35.101378372], [-85.992780731, 35.101782636], [-85.992252104, 35.101857553], [-85.99158944, 35.102100051], [-85.990202146, 35.102221684], [-85.987874353, 35.103533024], [-85.986976755, 35.105330894], [-85.98737448, 35.106335846], [-85.987230743, 35.107035474], [-85.985384174, 35.108752261], [-85.986669973, 35.111259], [-85.986069176, 35.112262893], [-85.985877461, 35.112372888], [-85.983180366, 35.113275589], [-85.97830063, 35.116864553], [-85.976126918, 35.118009839], [-85.975174175, 35.121418397], [-85.973407737, 35.124209736], [-85.972681066, 35.126628722], [-85.97313007, 35.129489461], [-85.9735953, 35.129680895], [-85.97394013, 35.129676684], [-85.974362549, 35.129757037], [-85.974138631, 35.130529826], [-85.975444361, 35.132347504], [-85.977461825, 35.13231778], [-85.978583445, 35.133730026], [-85.978035773, 35.135420828], [-85.981709512, 35.138696066], [-85.982701063, 35.139330489], [-85.983248787, 35.139948051], [-85.983882096, 35.140509736], [-85.984014819, 35.14188587], [-85.984844067, 35.143978613], [-85.985110469, 35.145071294], [-85.984904503, 35.145468618], [-85.98405072, 35.146250802], [-85.981170633, 35.146689289], [-85.979777107, 35.147170487], [-85.977846635, 35.148045973], [-85.976886291, 35.149381353], [-85.976822873, 35.15141681], [-85.974794613, 35.153016844], [-85.973472387, 35.154862551], [-85.971544149, 35.156852304], [-85.971330655, 35.157027817], [-85.968734476, 35.156491984], [-85.967790833, 35.155928959], [-85.966365031, 35.155600588], [-85.965678353, 35.156121042], [-85.963645403, 35.157257145], [-85.96135035, 35.159335419], [-85.958636188, 35.160849123], [-85.958122836, 35.161241156], [-85.955717741, 35.161871384], [-85.954989929, 35.164113234], [-85.953297367, 35.165396277], [-85.95270903, 35.165484894], [-85.952833816, 35.165647228], [-85.952886757, 35.166713283], [-85.953290286, 35.167891506], [-85.953100189, 35.168483913], [-85.953185667, 35.170136164], [-85.953364278, 35.170663264], [-85.953329228, 35.170929853], [-85.952605911, 35.171072204], [-85.95132917, 35.170362584], [-85.95086019, 35.170575153], [-85.949697565, 35.171617107], [-85.948418076, 35.171444297], [-85.947509122, 35.171410642], [-85.945932943, 35.170795353], [-85.94494159, 35.172260547], [-85.944882683, 35.173283323], [-85.943762868, 35.173503266], [-85.942901534, 35.173385198], [-85.942111258, 35.173599677], [-85.938645918, 35.175598292], [-85.936342506, 35.176224251], [-85.934392431, 35.177971503], [-85.933499683, 35.178269811], [-85.931290576, 35.17847621], [-85.930767741, 35.1788589], [-85.929651712, 35.1795045], [-85.928797384, 35.181491049], [-85.927826816, 35.183111662], [-85.927806937, 35.183440632], [-85.927180315, 35.184174562], [-85.926420674, 35.185204577], [-85.925733053, 35.186499836], [-85.923579269, 35.189451049], [-85.924476826, 35.19095824], [-85.92571078, 35.193180923], [-85.924802846, 35.195710448], [-85.924739366, 35.196785478], [-85.924601591, 35.19745395], [-85.924725205, 35.197862634], [-85.92438046, 35.198833478], [-85.922262393, 35.199927963], [-85.921329362, 35.200806156], [-85.921631871, 35.201065923], [-85.920324692, 35.2065793], [-85.917204495, 35.208320596], [-85.916568509, 35.209024187], [-85.916165345, 35.209526629], [-85.915471521, 35.209738716], [-85.914167172, 35.209373895], [-85.912011417, 35.209445583], [-85.910744973, 35.208675376], [-85.909703332, 35.207903418], [-85.907582539, 35.206979682], [-85.906323076, 35.205327511], [-85.904593907, 35.204641694], [-85.904013974, 35.20428851], [-85.902191333, 35.204013753], [-85.899962803, 35.20475505], [-85.898246029, 35.20571307], [-85.897062468, 35.207357266], [-85.893834382, 35.209080278], [-85.892697404, 35.208733834], [-85.891119971, 35.208105116], [-85.890045942, 35.208703455], [-85.889524528, 35.209703242], [-85.888029065, 35.208849855], [-85.887044434, 35.208516479], [-85.886285547, 35.208036152], [-85.883760562, 35.209436154], [-85.880898992, 35.212134041], [-85.881088287, 35.213582623], [-85.882877736, 35.214227638], [-85.883463022, 35.215447058], [-85.88227722, 35.216749724], [-85.88174501, 35.217080868], [-85.881545233, 35.217484899], [-85.880245251, 35.218623948], [-85.879408816, 35.219575476], [-85.874091283, 35.223773842], [-85.871875873, 35.22472432], [-85.870941204, 35.224997529], [-85.870301818, 35.225820672], [-85.869164824, 35.226240699], [-85.868002823, 35.226022464], [-85.867094386, 35.225468036], [-85.865805133, 35.225952822], [-85.86516205, 35.227255854], [-85.863161657, 35.228001479], [-85.861535691, 35.229369168], [-85.859838973, 35.229597546], [-85.85870076, 35.2300258], [-85.857198336, 35.230226694], [-85.856695067, 35.23012213], [-85.856227487, 35.230515626], [-85.856128243, 35.23228476], [-85.856510339, 35.232888577], [-85.856170107, 35.233699589], [-85.854973507, 35.234881031], [-85.855223993, 35.235551411], [-85.854861041, 35.236592147], [-85.853801459, 35.237115621], [-85.851379786, 35.237234904], [-85.850938424, 35.237607479], [-85.850727756, 35.237698796], [-85.850207097, 35.238824885], [-85.848671079, 35.24002327], [-85.846818338, 35.240676102], [-85.846475358, 35.240996088], [-85.845113006, 35.241025711], [-85.842373858, 35.241370119], [-85.840362982, 35.240482103], [-85.833870412, 35.240233973], [-85.828630712, 35.239523207], [-85.827423626, 35.239759858], [-85.825857453, 35.240005403], [-85.824114179, 35.240677912], [-85.824839122, 35.24166753], [-85.825017342, 35.242525512], [-85.825152217, 35.242924766], [-85.823807951, 35.243484407], [-85.82152913, 35.243529117], [-85.820887751, 35.243793682], [-85.820346452, 35.243856285], [-85.819017064, 35.24500905], [-85.818207578, 35.248629184], [-85.816459874, 35.249332809], [-85.815597152, 35.249375944], [-85.814605353, 35.249289921], [-85.814569784, 35.249556449], [-85.813709364, 35.249601877], [-85.80946846, 35.250192315], [-85.808167328, 35.251307405], [-85.806410841, 35.251664685], [-85.80494632, 35.25241801], [-85.80264048, 35.252447395], [-85.801839159, 35.252226149], [-85.801658353, 35.252347361], [-85.79915284, 35.253909634], [-85.798047827, 35.255608279], [-85.792038608, 35.260975552], [-85.790407814, 35.261484669], [-85.789353175, 35.261788984], [-85.788660833, 35.262002621], [-85.787297978, 35.262149524], [-85.786016448, 35.262547827], [-85.783582979, 35.26237619], [-85.78215748, 35.261839323], [-85.781544642, 35.262434777], [-85.781353436, 35.262847848], [-85.781472388, 35.263481694], [-85.782015244, 35.264365165], [-85.782175775, 35.265800951], [-85.782665419, 35.267160045], [-85.78349958, 35.26826895], [-85.783330095, 35.270569129], [-85.780848154, 35.271947759], [-85.78013297, 35.273111454], [-85.779507056, 35.274584127], [-85.778137425, 35.27534542], [-85.777169402, 35.276074246], [-85.775062065, 35.276196259], [-85.772516704, 35.276368567], [-85.772053487, 35.276509386], [-85.771783843, 35.276843996], [-85.769533573, 35.276199373], [-85.767766549, 35.276161318], [-85.765695781, 35.276867721], [-85.76491909, 35.277455145], [-85.763804221, 35.277621303], [-85.762763632, 35.27809093], [-85.761856485, 35.278325727], [-85.760782207, 35.277897171], [-85.758694048, 35.277466578], [-85.757443614, 35.278408665], [-85.756544477, 35.278642015], [-85.755986, 35.278557504], [-85.752491792, 35.280129577], [-85.752146665, 35.28106422], [-85.752271635, 35.282001955], [-85.750971168, 35.281972761], [-85.749749892, 35.2812764], [-85.747584612, 35.281710956], [-85.745412949, 35.281376061], [-85.744578894, 35.281358018], [-85.744169143, 35.281294862], [-85.742014446, 35.281728136], [-85.740595687, 35.281509448], [-85.739021164, 35.281826925], [-85.737308722, 35.281925899], [-85.737809047, 35.282734257], [-85.737221846, 35.284553506], [-85.736555412, 35.285853958], [-85.73660938, 35.286987739], [-85.736309915, 35.287911593], [-85.736582644, 35.289148741], [-85.738076688, 35.290305095], [-85.738699723, 35.291484358], [-85.738095526, 35.2920888], [-85.73724635, 35.293348013], [-85.737268466, 35.29378598], [-85.737022405, 35.29454598], [-85.736270446, 35.295704143], [-85.735524475, 35.297206176], [-85.734120184, 35.298334723], [-85.733404576, 35.299397043], [-85.733452003, 35.300384898], [-85.732745924, 35.301473325], [-85.73120736, 35.301151406], [-85.730296307, 35.301179213], [-85.729229284, 35.30207388], [-85.729312967, 35.303821124], [-85.728528924, 35.304885864], [-85.72851449, 35.30683728], [-85.728993391, 35.307746994], [-85.729446918, 35.309155819], [-85.730570749, 35.311160355], [-85.7315016, 35.311180606], [-85.734055779, 35.312798204], [-85.73387172, 35.313582566], [-85.733997089, 35.31399163], [-85.733472657, 35.314293379], [-85.73280146, 35.315199485], [-85.73122721, 35.318402732], [-85.730927461, 35.319385517], [-85.73209081, 35.321564075], [-85.731935806, 35.324326779], [-85.731692151, 35.324990076], [-85.731099767, 35.326417021], [-85.731067637, 35.327315754], [-85.730173847, 35.328611043], [-85.729579759, 35.33041909], [-85.728363053, 35.331334385], [-85.726208698, 35.332530029], [-85.722439698, 35.335379146], [-85.722046917, 35.33559547], [-85.722261995, 35.33623145], [-85.721987222, 35.337085798], [-85.722669088, 35.338023778], [-85.725167532, 35.338682399], [-85.726213139, 35.339464672], [-85.726946691, 35.340466114], [-85.726695465, 35.340854907], [-85.725885636, 35.341253865], [-85.725062925, 35.341942374], [-85.723982626, 35.342193406], [-85.722897478, 35.343101198], [-85.721061999, 35.343985514], [-85.720660084, 35.344792933], [-85.7196884, 35.345634791], [-85.717874525, 35.345349796], [-85.716927831, 35.344978426], [-85.714301134, 35.346412727], [-85.713396838, 35.346289381], [-85.710879983, 35.347703734], [-85.707550184, 35.348840453], [-85.70694108, 35.349282141], [-85.704703744, 35.349884597], [-85.703930599, 35.350726874], [-85.703071951, 35.350807559], [-85.701804291, 35.349790778], [-85.699246444, 35.349821604], [-85.699236562, 35.349372068], [-85.699391342, 35.34884638], [-85.699338394, 35.346160245], [-85.699283016, 35.345466587], [-85.69724708, 35.345450397], [-85.694505968, 35.344902625], [-85.693919123, 35.344889101], [-85.691521023, 35.344242829], [-85.690116912, 35.344720053], [-85.687799054, 35.344853813], [-85.687074749, 35.345102041], [-85.685213268, 35.344357357], [-85.684389563, 35.344160807], [-85.683757707, 35.344286524], [-85.680753859, 35.343824903], [-85.67898942, 35.34528149], [-85.678031883, 35.347579872], [-85.678014422, 35.348056512], [-85.677515477, 35.349074379], [-85.67703688, 35.350193036], [-85.674126506, 35.35170483], [-85.673108375, 35.353637648], [-85.671468002, 35.354060218], [-85.669344586, 35.354783689], [-85.666547062, 35.354727463], [-85.666514959, 35.35716397], [-85.663679255, 35.359722713], [-85.66196884, 35.361605134], [-85.66069258, 35.362177545], [-85.659799249, 35.362492916], [-85.659103005, 35.361934559], [-85.658823466, 35.361179018], [-85.658157423, 35.360880304], [-85.65653591, 35.359581212], [-85.654669142, 35.359838302], [-85.653490776, 35.359612451], [-85.652974256, 35.359619667], [-85.651922537, 35.358846712], [-85.649971779, 35.358392754], [-85.649381609, 35.358479839], [-85.64805824, 35.359475599], [-85.646804985, 35.359281004], [-85.644839459, 35.36026443], [-85.643547691, 35.360064303], [-85.642000588, 35.360029154], [-85.640950341, 35.35936155], [-85.639763684, 35.358427023], [-85.639109215, 35.358120785], [-85.637251899, 35.356941755], [-85.635959925, 35.356743626], [-85.635344271, 35.356729386], [-85.634354124, 35.356332438], [-85.632818788, 35.355807365], [-85.632520741, 35.354843656], [-85.632213739, 35.352368731], [-85.63192658, 35.351825188], [-85.631312896, 35.350277495], [-85.630277393, 35.350291503], [-85.62895009, 35.351238267], [-85.628140786, 35.352243352], [-85.626978626, 35.352591644], [-85.626508589, 35.35239218], [-85.624795697, 35.352557038], [-85.623373333, 35.351683672], [-85.621167931, 35.352236867], [-85.618080626, 35.351157466], [-85.61721525, 35.35188157], [-85.616811144, 35.352081827], [-85.616300282, 35.352508597], [-85.616355199, 35.353699479], [-85.615620887, 35.354824874], [-85.612115978, 35.355176765], [-85.609398664, 35.3540898], [-85.607445936, 35.354496549], [-85.606403343, 35.354964763], [-85.604505939, 35.355138304], [-85.603918086, 35.355802593], [-85.603464708, 35.35686218], [-85.602412381, 35.357017716], [-85.600411696, 35.357698196], [-85.599068656, 35.357490926], [-85.597950754, 35.357992437], [-85.597424578, 35.358070182], [-85.596980727, 35.357870808], [-85.594893639, 35.357458619], [-85.592991342, 35.356881573], [-85.592532815, 35.355640182], [-85.592489074, 35.353967817], [-85.592198404, 35.35318368], [-85.592035954, 35.352265531], [-85.59149276, 35.351452716], [-85.59112932, 35.351201446], [-85.591016479, 35.351031347], [-85.591341011, 35.350168946], [-85.592642839, 35.348971719], [-85.59210804, 35.347177926], [-85.592941155, 35.346059285], [-85.594326479, 35.345265494], [-85.595552224, 35.344375405], [-85.596897602, 35.343605439], [-85.597625526, 35.341933935], [-85.598162899, 35.341543292], [-85.601266852, 35.339869206], [-85.602202339, 35.338784847], [-85.601544108, 35.336571476], [-85.603602684, 35.334887028], [-85.603508016, 35.334219259], [-85.603581296, 35.331495459], [-85.603533379, 35.328950536], [-85.602195175, 35.328021078], [-85.600056797, 35.328489184], [-85.598439653, 35.327840472], [-85.598209666, 35.32670777], [-85.597683863, 35.325346638], [-85.597618214, 35.323680725], [-85.592714738, 35.322578782], [-85.590623975, 35.32356076], [-85.589699398, 35.323588419], [-85.587986478, 35.323105921], [-85.587816307, 35.322972867], [-85.588133984, 35.321776985], [-85.589105986, 35.318873603], [-85.588206637, 35.317567791], [-85.589281533, 35.31582592], [-85.588889812, 35.315131798], [-85.587423245, 35.314723766], [-85.586210683, 35.314237098], [-85.583907081, 35.313504131], [-85.58107815, 35.313476663], [-85.580290469, 35.313594326], [-85.579391065, 35.314835532], [-85.576716602, 35.316030963], [-85.573993545, 35.316261327], [-85.573171085, 35.316135685], [-85.572203751, 35.316858865], [-85.571438782, 35.316542379], [-85.570349885, 35.315916933], [-85.568398489, 35.318134961], [-85.566407957, 35.318248993], [-85.564402515, 35.319752169], [-85.563041133, 35.320505604], [-85.562516377, 35.320631759], [-85.560643099, 35.32006086], [-85.559413317, 35.319203686], [-85.558959558, 35.318525002], [-85.558037181, 35.318995039], [-85.556882956, 35.320240852], [-85.556174368, 35.322434305], [-85.554503373, 35.324186166], [-85.552479115, 35.324353865], [-85.55185602, 35.325025333], [-85.551198668, 35.327244387], [-85.550199658, 35.327604325], [-85.549288102, 35.327822446], [-85.549726705, 35.328611479], [-85.549798198, 35.330265382], [-85.550106814, 35.33081953], [-85.548921307, 35.331775968], [-85.548348187, 35.332902727], [-85.546308648, 35.334000204], [-85.545410577, 35.334310095], [-85.545238368, 35.33444015], [-85.544480471, 35.337332843], [-85.544568029, 35.338010604], [-85.544365918, 35.338110609], [-85.543762508, 35.34031546], [-85.541935955, 35.341212712], [-85.540701907, 35.342520818], [-85.540822287, 35.343340553], [-85.539777691, 35.343382446], [-85.537231095, 35.343671997], [-85.536116108, 35.344112107], [-85.534210113, 35.343719112], [-85.53161343, 35.342963299], [-85.529957097, 35.34307704], [-85.529118379, 35.342534613], [-85.528461041, 35.34419526], [-85.526816872, 35.344543905], [-85.526469536, 35.345433659], [-85.526673408, 35.347377493], [-85.525828152, 35.348576838], [-85.523913823, 35.349385959], [-85.522983787, 35.349507446], [-85.521745123, 35.350541082], [-85.519668352, 35.351236641], [-85.518770064, 35.352382759], [-85.515776682, 35.354717852], [-85.514258076, 35.353676468], [-85.512988107, 35.354460727], [-85.512867286, 35.355528672], [-85.512114544, 35.356034599], [-85.510130876, 35.355823925], [-85.508638193, 35.355716022], [-85.507503158, 35.355595773], [-85.505899785, 35.356139521], [-85.505863091, 35.356405929], [-85.505996594, 35.357127867], [-85.507241338, 35.358029039], [-85.506635644, 35.359576218], [-85.506864681, 35.361733037], [-85.505044179, 35.361951907], [-85.504456136, 35.363180405], [-85.503964473, 35.363899211], [-85.503769216, 35.364309479], [-85.503949865, 35.365164143], [-85.504953353, 35.365974262], [-85.505405026, 35.368110912], [-85.505535581, 35.368512335], [-85.504137298, 35.368838411], [-85.502222792, 35.37078282], [-85.500324661, 35.371829031], [-85.499467413, 35.3725215], [-85.500119633, 35.373772226], [-85.498402456, 35.376505318], [-85.49739809, 35.377618655], [-85.497188968, 35.378015034], [-85.496979843, 35.378411412], [-85.496435932, 35.378710472], [-85.495449003, 35.379602024], [-85.494942529, 35.380559659], [-85.492847151, 35.38109725], [-85.490217319, 35.382547788], [-85.489251277, 35.38387518], [-85.487935964, 35.383844015], [-85.487538222, 35.383500861], [-85.487405448, 35.383343618], [-85.486550241, 35.383696982], [-85.485653353, 35.383878064], [-85.485272014, 35.384231642], [-85.484403861, 35.385437125], [-85.483652931, 35.387253547], [-85.484517405, 35.388957348], [-85.484276575, 35.390075642], [-85.48425186, 35.390482168], [-85.483643718, 35.392307137], [-85.483612964, 35.39279529], [-85.482266718, 35.394143423], [-85.479312302, 35.395834419], [-85.479082055, 35.396212028], [-85.479064505, 35.396490674], [-85.478459091, 35.397953483], [-85.478337084, 35.399859831], [-85.476727334, 35.401123245], [-85.476026999, 35.402419536], [-85.476691734, 35.403730481], [-85.476466835, 35.407858793], [-85.477041688, 35.408702389], [-85.477284222, 35.409733267], [-85.476389019, 35.41283667], [-85.476551394, 35.413386333], [-85.474662831, 35.413992739], [-85.472641543, 35.4157102], [-85.470639594, 35.416453885], [-85.468417916, 35.415983277], [-85.466964872, 35.416186104], [-85.465768888, 35.416197027], [-85.464994589, 35.416492196], [-85.465527287, 35.417829295], [-85.466694732, 35.418270903], [-85.46757122, 35.420133874], [-85.468072604, 35.420296733], [-85.468983364, 35.42068163], [-85.47064857, 35.421066606], [-85.472104086, 35.422153341], [-85.473776506, 35.422694821], [-85.474650489, 35.423346054], [-85.475996608, 35.423936266], [-85.479365867, 35.423194638], [-85.482549307, 35.423361207], [-85.482602775, 35.424054916], [-85.482957286, 35.424693362], [-85.482008111, 35.426557343], [-85.482722314, 35.428744839], [-85.484520041, 35.429859858], [-85.484700629, 35.430714501], [-85.485317445, 35.431825116], [-85.483949551, 35.433950861], [-85.483269736, 35.436045376], [-85.48175885, 35.435754467], [-85.48009925, 35.436520502], [-85.479392077, 35.437087231], [-85.479412705, 35.4383974], [-85.478488324, 35.439833781], [-85.478534716, 35.442644184], [-85.477931291, 35.443293918], [-85.477726489, 35.443694864], [-85.477816761, 35.444122186], [-85.478641786, 35.445603265], [-85.481067401, 35.447107278], [-85.481387424, 35.449834657], [-85.481685385, 35.450371118], [-85.481968374, 35.451717348], [-85.481531132, 35.453193051], [-85.47969994, 35.45515938], [-85.479419169, 35.455711547], [-85.479125444, 35.456357359], [-85.479210261, 35.456994862], [-85.479944856, 35.458164447], [-85.481238992, 35.458680355], [-85.482924371, 35.458281048], [-85.484021484, 35.458819353], [-85.484313752, 35.460572992], [-85.484244725, 35.463044362], [-85.48498348, 35.464014128], [-85.484134264, 35.464848403], [-85.48343002, 35.46596107], [-85.482465689, 35.466907245], [-85.483100891, 35.46790569], [-85.482732067, 35.468203508], [-85.479838147, 35.468810877], [-85.477526932, 35.467422488], [-85.476898304, 35.467741315], [-85.476226207, 35.46827957], [-85.475340641, 35.468731327], [-85.474506471, 35.46992925], [-85.473915826, 35.469935445], [-85.47285604, 35.469297165], [-85.471632162, 35.469427919], [-85.470633245, 35.469637765], [-85.469238469, 35.469753214], [-85.467569949, 35.470520437], [-85.4662089, 35.470259648], [-85.465277241, 35.470627156], [-85.465768059, 35.473045398], [-85.464048739, 35.474027138], [-85.463358601, 35.475848848], [-85.463327395, 35.476339041], [-85.46388155, 35.477429364], [-85.465444007, 35.478186418], [-85.465243231, 35.479124928], [-85.464243579, 35.480512346], [-85.46591068, 35.481952909], [-85.466880118, 35.484399172], [-85.467234769, 35.485075552], [-85.470018944, 35.485853285], [-85.472050603, 35.487143039], [-85.472191536, 35.487602262], [-85.472011567, 35.488353026], [-85.471975737, 35.489293637], [-85.471816207, 35.48995353], [-85.471774885, 35.49102848], [-85.47137345, 35.492696939], [-85.472717024, 35.495265023], [-85.47452947, 35.495886242], [-85.475681158, 35.496545309], [-85.476049949, 35.498162495], [-85.476299683, 35.498972709], [-85.476307525, 35.501151733], [-85.476594137, 35.501695582], [-85.476616496, 35.50265191], [-85.474200403, 35.50587841], [-85.473947602, 35.508727241], [-85.473705183, 35.50913324], [-85.473884206, 35.509260888], [-85.4744267, 35.510040371], [-85.47460353, 35.511661458], [-85.474994404, 35.511944962], [-85.476156745, 35.512168863], [-85.477593976, 35.512642714], [-85.477161195, 35.514101907], [-85.477814488, 35.516108912], [-85.479914779, 35.516549239], [-85.480793923, 35.517076441], [-85.481793991, 35.517525949], [-85.483624886, 35.518624711], [-85.483743202, 35.520158372], [-85.484303434, 35.520716066], [-85.48610589, 35.520067946], [-85.487120393, 35.519825607], [-85.487776528, 35.520657274], [-85.489073724, 35.520191554], [-85.489549071, 35.520794313], [-85.489949313, 35.521750605], [-85.490159636, 35.523701133], [-85.490944505, 35.52426618], [-85.491065531, 35.525401905], [-85.491544687, 35.526186158], [-85.491757653, 35.528136907], [-85.491466057, 35.528785021], [-85.491046878, 35.529122621], [-85.490243003, 35.529130991], [-85.489167028, 35.528925494], [-85.488206827, 35.529153742], [-85.487170331, 35.529630077], [-85.485369097, 35.530248844], [-85.483958264, 35.530965618], [-85.483291424, 35.530836599], [-85.482329746, 35.530847689], [-85.481428838, 35.530305938], [-85.477320287, 35.531957346], [-85.476346569, 35.531278442], [-85.475837866, 35.530632627], [-85.473714173, 35.530225988], [-85.472207344, 35.530990938], [-85.470744634, 35.531191016], [-85.468837203, 35.53215819], [-85.468636782, 35.532260361], [-85.468210803, 35.532873254], [-85.467494054, 35.533236856], [-85.467007067, 35.533627308], [-85.467637122, 35.534760113], [-85.467719626, 35.536758272], [-85.467381616, 35.537890939], [-85.466684886, 35.538639739], [-85.463651193, 35.53889105], [-85.463659414, 35.539380529], [-85.463404917, 35.540232041], [-85.462200648, 35.541272514], [-85.462380759, 35.541827919], [-85.461166985, 35.543712303], [-85.46119013, 35.545285935], [-85.460224516, 35.547177749], [-85.459589571, 35.547858306], [-85.460448732, 35.550404111], [-85.460673048, 35.551473273], [-85.461423517, 35.551719425], [-85.461266799, 35.551865521], [-85.460505838, 35.552016584], [-85.459062162, 35.550808909], [-85.457788439, 35.550475923], [-85.456316548, 35.551835801], [-85.454999104, 35.552101379], [-85.454448533, 35.552589328], [-85.45530091, 35.553708362], [-85.455369483, 35.555180723], [-85.454380497, 35.556482653], [-85.453913114, 35.556276528], [-85.451613781, 35.555693738], [-85.450607331, 35.556591708], [-85.449296681, 35.556259547], [-85.448334292, 35.556480991], [-85.448124424, 35.556877221], [-85.447789945, 35.558265069], [-85.446090161, 35.55965711], [-85.445446684, 35.561379638], [-85.445390362, 35.562823978], [-85.444870774, 35.564976817], [-85.442835407, 35.567044511], [-85.443001486, 35.567832523], [-85.444372655, 35.568448231], [-85.443880051, 35.570104201], [-85.443888987, 35.570644302], [-85.443614251, 35.571563487], [-85.443627651, 35.572373638], [-85.443274407, 35.573555444], [-85.443085198, 35.573972474], [-85.442331459, 35.574673922], [-85.441848961, 35.575614528], [-85.442277497, 35.575893051], [-85.441668701, 35.57649582], [-85.440182592, 35.578159728], [-85.438970221, 35.578194417], [-85.438160156, 35.577563611], [-85.437545835, 35.576752303], [-85.435592925, 35.578374353], [-85.433610254, 35.577813317], [-85.432934376, 35.578652303], [-85.432612992, 35.580150835], [-85.431065988, 35.580326102], [-85.430433214, 35.581666111], [-85.429441716, 35.582584235], [-85.427929953, 35.582166437], [-85.426377558, 35.582926818], [-85.425454589, 35.582315293], [-85.423613131, 35.582040624], [-85.423479759, 35.581641035], [-85.423322602, 35.580356613], [-85.42061632, 35.578300017], [-85.420502708, 35.576684525], [-85.419301541, 35.575753042], [-85.420076499, 35.572338087], [-85.421152349, 35.57181313], [-85.420825273, 35.571240257], [-85.419652918, 35.570743227], [-85.419170663, 35.570756836], [-85.417156416, 35.569444776], [-85.416406852, 35.569116268], [-85.414578308, 35.567696525], [-85.413901521, 35.565941956], [-85.414143301, 35.56520524], [-85.413104685, 35.564766485], [-85.410831802, 35.564294827], [-85.409319998, 35.563805111], [-85.40857946, 35.561718219], [-85.407452068, 35.560843759], [-85.40721126, 35.558843878], [-85.406870497, 35.558577304], [-85.406746232, 35.558414452], [-85.404644109, 35.559034554], [-85.404476614, 35.558899416], [-85.404142432, 35.55730616], [-85.403449877, 35.556889977], [-85.402197983, 35.556476179], [-85.399683914, 35.555346346], [-85.398950009, 35.554079485], [-85.396736628, 35.553560197], [-85.397396776, 35.552271222], [-85.396692766, 35.550358132], [-85.394662337, 35.549882637], [-85.393173652, 35.548684757], [-85.391686643, 35.548283382], [-85.389941541, 35.546065849], [-85.388529269, 35.545599522], [-85.38637942, 35.544289342], [-85.384421576, 35.545080076], [-85.38242361, 35.543960471], [-85.380651568, 35.541919415], [-85.380077514, 35.540957532], [-85.378904875, 35.539941705], [-85.379018117, 35.539469437], [-85.37904074, 35.538932118], [-85.379415778, 35.537375229], [-85.379014569, 35.536603777], [-85.379459157, 35.534924634], [-85.379031654, 35.534228765], [-85.378820545, 35.53363667], [-85.376857539, 35.533114216], [-85.375808875, 35.532301239], [-85.375156747, 35.5304537], [-85.372973024, 35.530515951], [-85.372265364, 35.530079214], [-85.369419788, 35.529321117], [-85.368094171, 35.528388262], [-85.36745211, 35.527257914], [-85.366261859, 35.526333031], [-85.366650922, 35.525146124], [-85.366135184, 35.524463294], [-85.365212704, 35.523931269], [-85.364085855, 35.525215926], [-85.360726358, 35.528018277], [-85.358950265, 35.528504742], [-85.357136633, 35.530083399], [-85.354761766, 35.530460949], [-85.352899814, 35.531259831], [-85.352786512, 35.532517974], [-85.352607235, 35.533460436], [-85.351389516, 35.53331249], [-85.349879842, 35.5334879], [-85.348104536, 35.534715935], [-85.34946549, 35.536762575], [-85.348267989, 35.53817346], [-85.347833516, 35.538951687], [-85.347380638, 35.539711394], [-85.347163394, 35.540100506], [-85.346288227, 35.540447005], [-85.345702157, 35.540322392], [-85.342672704, 35.540986097], [-85.342038817, 35.540715976], [-85.341639562, 35.540943241], [-85.338276096, 35.543369657], [-85.337598713, 35.544755863], [-85.337135917, 35.545809617], [-85.336500945, 35.54653807], [-85.335720213, 35.547575697], [-85.335085212, 35.548304142], [-85.33406506, 35.549663533], [-85.33283293, 35.549990286], [-85.33279669, 35.550547458], [-85.331472688, 35.552593594], [-85.330811025, 35.552502106], [-85.330309929, 35.552482035], [-85.329815846, 35.55241203], [-85.327183383, 35.552300137], [-85.326350275, 35.551971868], [-85.325408705, 35.55131351], [-85.325245875, 35.550118857], [-85.325677644, 35.549119215], [-85.325218188, 35.547644859], [-85.323012368, 35.546869867], [-85.321893646, 35.547902088], [-85.3211282, 35.547074225], [-85.320384136, 35.545683617], [-85.318970442, 35.54580836], [-85.31839933, 35.545427913], [-85.317554217, 35.545241759], [-85.317045986, 35.545347401], [-85.31571233, 35.545089562], [-85.314344068, 35.545376394], [-85.312958439, 35.544797758], [-85.310769005, 35.545903469], [-85.308645002, 35.545200927], [-85.307332154, 35.545671805], [-85.306518358, 35.548377152], [-85.305195527, 35.549515034], [-85.305322446, 35.549676149], [-85.306003432, 35.550226763], [-85.305473987, 35.55199288], [-85.30646633, 35.552792973], [-85.306807255, 35.553447578], [-85.306016124, 35.554294471], [-85.305428179, 35.55569287], [-85.304095048, 35.556008073], [-85.302687807, 35.556718978], [-85.301585417, 35.557128839], [-85.299375564, 35.558245164], [-85.298869663, 35.558650147], [-85.299515789, 35.559932979], [-85.300389841, 35.561070036], [-85.300911972, 35.561947588], [-85.301491814, 35.562788233], [-85.301940635, 35.56603162], [-85.301318647, 35.567502762], [-85.30008846, 35.567681895], [-85.298137006, 35.568545647], [-85.294530021, 35.568452074], [-85.291153407, 35.567711386], [-85.289643957, 35.568381271], [-85.288167471, 35.567532851], [-85.28666837, 35.567645273], [-85.284026774, 35.569082423], [-85.283127782, 35.568941715], [-85.280522566, 35.570306248], [-85.279157176, 35.570270601], [-85.278231929, 35.569181399], [-85.277762162, 35.568938508], [-85.276543805, 35.569293365], [-85.276128466, 35.569799212], [-85.275572857, 35.570294407], [-85.273470738, 35.571032402], [-85.272938716, 35.572364133], [-85.271003499, 35.573759933], [-85.270655971, 35.575234867], [-85.270989489, 35.576405139], [-85.270378401, 35.578370214], [-85.266666142, 35.582008415], [-85.265507223, 35.581940852], [-85.263664773, 35.581712016], [-85.261306719, 35.581935575], [-85.261140363, 35.582072136], [-85.260734105, 35.582271132], [-85.260259961, 35.58341424], [-85.259166109, 35.583944634], [-85.258209722, 35.586603053], [-85.256217493, 35.588062992], [-85.255817324, 35.588812479], [-85.256293416, 35.59023599], [-85.256017459, 35.591072647], [-85.255007196, 35.592124755], [-85.25450504, 35.593334824], [-85.253227136, 35.594347785], [-85.252264642, 35.596249166], [-85.251782891, 35.596980671], [-85.252039387, 35.597543457], [-85.251835283, 35.597946274], [-85.250335696, 35.59913286], [-85.249319234, 35.601952203], [-85.249727826, 35.603852097], [-85.250538734, 35.605767576], [-85.249924707, 35.606375347], [-85.249931974, 35.606824814], [-85.248158961, 35.608660728], [-85.245277834, 35.609047075], [-85.244433669, 35.610685271], [-85.244464536, 35.613062756], [-85.243559142, 35.614354019], [-85.242408034, 35.614765293], [-85.241307262, 35.615025223], [-85.240436825, 35.61536515], [-85.238336666, 35.61500292], [-85.236708791, 35.614959769], [-85.234167312, 35.614523485], [-85.233602531, 35.6151715], [-85.232982579, 35.615763907], [-85.232374109, 35.616367894], [-85.231804906, 35.617472738], [-85.231819719, 35.618571886], [-85.231063913, 35.620306572], [-85.228616914, 35.622257719], [-85.226767954, 35.625325406], [-85.225947414, 35.626200783], [-85.225318302, 35.628429533], [-85.225041688, 35.629063794], [-85.223605755, 35.630220097], [-85.221528614, 35.633041421], [-85.221078573, 35.633286878], [-85.221106691, 35.633995322], [-85.221468047, 35.635391616], [-85.22077514, 35.636329193], [-85.220360743, 35.637433383], [-85.220103495, 35.637782839], [-85.219194972, 35.638277188], [-85.218482942, 35.640384549], [-85.217248616, 35.641765705], [-85.213956007, 35.642244452], [-85.210769607, 35.643971797], [-85.209957038, 35.64549048], [-85.21063863, 35.646482021], [-85.211517205, 35.647955122], [-85.21123598, 35.649100959], [-85.209255536, 35.64938769], [-85.208718524, 35.650520673], [-85.209909674, 35.652808302], [-85.210532189, 35.654770011], [-85.210086708, 35.656589844], [-85.210746595, 35.657549883], [-85.211022063, 35.659068977], [-85.210116503, 35.659373911], [-85.208428184, 35.660155122], [-85.206657518, 35.659778316], [-85.205091355, 35.660347302], [-85.203061571, 35.662197118], [-85.200556744, 35.661382225], [-85.200308761, 35.661056116], [-85.199047376, 35.660702608], [-85.19779268, 35.661335822], [-85.197664188, 35.661758127], [-85.197669599, 35.662236935], [-85.195981691, 35.663087557], [-85.194972503, 35.663233295], [-85.193881843, 35.664928719], [-85.191872346, 35.666725445], [-85.191835714, 35.667628148], [-85.191025508, 35.668443171], [-85.189854197, 35.669393695], [-85.189469102, 35.669918924], [-85.189038028, 35.6703978], [-85.188652922, 35.670923027], [-85.187868082, 35.671799354], [-85.18767583, 35.672576129], [-85.187608834, 35.67422618], [-85.185996776, 35.674763352], [-85.1846415, 35.674550715], [-85.183371789, 35.67473361], [-85.182692397, 35.674962149], [-85.18149921, 35.674977145], [-85.181325612, 35.675106629], [-85.181194847, 35.675636177], [-85.179917713, 35.677455592], [-85.178559311, 35.677798882], [-85.17528836, 35.679677826], [-85.173976397, 35.680008469], [-85.171951422, 35.681004892], [-85.17123641, 35.680892964], [-85.167503242, 35.682912649], [-85.166901258, 35.684199673], [-85.168548204, 35.685629786], [-85.170386986, 35.685680436], [-85.171772635, 35.686123574], [-85.172242656, 35.686680812], [-85.172404234, 35.686819947], [-85.171805894, 35.687934537], [-85.170479159, 35.689011829], [-85.169780758, 35.689961308], [-85.168238549, 35.691147353], [-85.167661039, 35.692225909], [-85.165396616, 35.69345946], [-85.165444927, 35.693912711], [-85.165614752, 35.69428861], [-85.168507358, 35.697512334], [-85.165507189, 35.69986262], [-85.165033857, 35.700708403], [-85.164837183, 35.70081468], [-85.164380969, 35.701154216], [-85.164339078, 35.702128076], [-85.164160839, 35.702859751], [-85.164482604, 35.703479262], [-85.164736727, 35.704608808], [-85.165511766, 35.705737672], [-85.164738367, 35.70697103], [-85.165203033, 35.70786071], [-85.165430325, 35.708442048], [-85.165748417, 35.709050677], [-85.166849027, 35.709079978], [-85.16640597, 35.710891485], [-85.164153589, 35.712625534], [-85.164280258, 35.713045931], [-85.163355851, 35.714065254], [-85.160135516, 35.714785422], [-85.156161499, 35.716782773], [-85.15422825, 35.718912594], [-85.151244837, 35.717663064], [-85.150661868, 35.716920496], [-85.149254773, 35.718038683], [-85.148807468, 35.719986727], [-85.148308223, 35.720092584], [-85.147236164, 35.720230104], [-85.145599022, 35.721061623], [-85.14384513, 35.720687648], [-85.141594125, 35.720973848], [-85.139551267, 35.722653002], [-85.138244454, 35.722096685], [-85.137705766, 35.722110372], [-85.13641649, 35.721321751], [-85.135948078, 35.720423171], [-85.135096763, 35.720507133], [-85.133985342, 35.72022159], [-85.132948586, 35.721084989], [-85.133244351, 35.721921345], [-85.133403597, 35.723507935], [-85.132876416, 35.724028378], [-85.132447594, 35.724688512], [-85.131112279, 35.724991323], [-85.129572108, 35.724961305], [-85.129282854, 35.725583698], [-85.128972378, 35.726794145], [-85.128487878, 35.727126748], [-85.127332774, 35.727585177], [-85.12760467, 35.728147525], [-85.127702887, 35.729736937], [-85.125179562, 35.730891235], [-85.124663169, 35.731244068], [-85.122959257, 35.732903607], [-85.121818374, 35.732107424], [-85.119545577, 35.732816887], [-85.118915544, 35.735847993], [-85.117332864, 35.736387074], [-85.116334407, 35.736229791], [-85.114347503, 35.736175305], [-85.113026, 35.73572062], [-85.111527936, 35.734535309], [-85.109760334, 35.733925684], [-85.109502773, 35.734051557], [-85.109528881, 35.734730375], [-85.108698919, 35.735597904], [-85.107256565, 35.736295188], [-85.10626811, 35.737733896], [-85.105372699, 35.737756704], [-85.104152359, 35.73676337], [-85.102319919, 35.736476382], [-85.10215294, 35.736612702], [-85.101078059, 35.737133086], [-85.099896837, 35.738355893], [-85.099085261, 35.73995416], [-85.097679494, 35.740633644], [-85.09748338, 35.741045423], [-85.096731867, 35.742116093], [-85.096337322, 35.742937328], [-85.097913685, 35.743870866], [-85.098240048, 35.745333879], [-85.100403398, 35.746230912], [-85.100320141, 35.749114316], [-85.100743925, 35.749480015], [-85.102101755, 35.749518835], [-85.103253735, 35.750878834], [-85.103738501, 35.751296501], [-85.104278484, 35.751934188], [-85.104380823, 35.754168809], [-85.104155674, 35.755075213], [-85.103023225, 35.756085511], [-85.102340769, 35.757883232], [-85.10246632, 35.758876753], [-85.101939171, 35.758954582], [-85.100909392, 35.759287389], [-85.098630669, 35.759884301], [-85.096596291, 35.762568758], [-85.092988812, 35.765152301], [-85.092590833, 35.765374764], [-85.092224245, 35.765726554], [-85.092719204, 35.76742637], [-85.094986006, 35.76870595], [-85.094701647, 35.769638486], [-85.094260216, 35.770107701], [-85.093768136, 35.771440402], [-85.092621241, 35.772657901], [-85.09154279, 35.773198979], [-85.090328832, 35.772962636], [-85.08965406, 35.772967795], [-85.089162364, 35.772871844], [-85.087493923, 35.772884317], [-85.087234816, 35.773385091], [-85.086574285, 35.77657973], [-85.0866972, 35.778321077], [-85.086750772, 35.780342598], [-85.086645055, 35.780893351], [-85.088636745, 35.781471214], [-85.089560252, 35.782481485], [-85.090015422, 35.78356232], [-85.090728138, 35.784226516], [-85.090881217, 35.784735824], [-85.090571092, 35.785992581], [-85.089005755, 35.78773617], [-85.088963751, 35.788703696], [-85.088023941, 35.790035095], [-85.08728704, 35.791730789], [-85.087407118, 35.792140124], [-85.087347057, 35.792410619], [-85.087236013, 35.794423246], [-85.08672352, 35.796955112], [-85.085687906, 35.798511551], [-85.085735136, 35.79970013], [-85.086267805, 35.800115931], [-85.08736039, 35.80159904], [-85.088776762, 35.802060541], [-85.090261579, 35.802979265], [-85.091963638, 35.804364713], [-85.091242319, 35.806390566], [-85.090832014, 35.807501107], [-85.088727728, 35.807991822], [-85.087954658, 35.809443961], [-85.088440055, 35.811796046], [-85.088611491, 35.812561997], [-85.090316404, 35.81465991], [-85.090659331, 35.816191803], [-85.091162048, 35.817565644], [-85.091120514, 35.820010274], [-85.091562104, 35.820858015], [-85.093234196, 35.82230805], [-85.09295874, 35.82343313], [-85.091628352, 35.824766473], [-85.091417452, 35.824858703], [-85.090619241, 35.826118894], [-85.090864413, 35.828566767], [-85.090195188, 35.830028487], [-85.090212782, 35.830984622], [-85.090839889, 35.832190807], [-85.09036271, 35.834129578], [-85.090703035, 35.834784653], [-85.090891758, 35.835632243], [-85.091230546, 35.836754945], [-85.09047779, 35.839763985], [-85.09168461, 35.839965845], [-85.092190185, 35.840370652], [-85.094443117, 35.840774259], [-85.095164458, 35.842351498], [-85.095791589, 35.842681097], [-85.096329293, 35.843539752], [-85.095506248, 35.845337086], [-85.095550633, 35.845760479], [-85.095176662, 35.84669105], [-85.093967991, 35.846939976], [-85.093621239, 35.847407393], [-85.095069309, 35.848459508], [-85.095807254, 35.849519922], [-85.09601087, 35.851489805], [-85.09633089, 35.852012336], [-85.096407899, 35.85244716], [-85.097649168, 35.852740606], [-85.098046149, 35.853826477], [-85.098342986, 35.85436372], [-85.098437839, 35.856869286], [-85.099008507, 35.857811011], [-85.098774509, 35.857880062], [-85.098283142, 35.859716378], [-85.099050993, 35.861411608], [-85.099060651, 35.862130991], [-85.09938227, 35.863264685], [-85.099059092, 35.867975699], [-85.099981354, 35.868838106], [-85.099716789, 35.870198047], [-85.101054206, 35.872935967], [-85.100995737, 35.873231884], [-85.100922277, 35.874034207], [-85.100689794, 35.875226431], [-85.100627106, 35.875899111], [-85.100395826, 35.876278147], [-85.100062778, 35.876247486], [-85.099811841, 35.876451938], [-85.096209656, 35.877243268], [-85.093950239, 35.878284614], [-85.093439958, 35.879025628], [-85.09233043, 35.879972703], [-85.092405926, 35.881880175], [-85.091950225, 35.883247778], [-85.090675145, 35.883861433], [-85.09050782, 35.883997721], [-85.089988301, 35.884107878], [-85.088590107, 35.883637702], [-85.087366516, 35.883912627], [-85.086158071, 35.885160269], [-85.085377063, 35.886698037], [-85.083926427, 35.887887518], [-85.082708757, 35.887627765], [-85.080880918, 35.889127986], [-85.078555207, 35.88963832], [-85.078228856, 35.890564809], [-85.079159585, 35.890985666], [-85.079769925, 35.893934887], [-85.078486591, 35.895717065], [-85.075093409, 35.897188729], [-85.074290777, 35.89832622], [-85.074307216, 35.899891146], [-85.074775711, 35.90073714], [-85.0748374, 35.902390517], [-85.074928127, 35.903058381], [-85.074179361, 35.904443148], [-85.071390991, 35.906507821], [-85.07248641, 35.907323168], [-85.077383964, 35.907345089], [-85.079106991, 35.907906409], [-85.080436097, 35.90827336], [-85.081673006, 35.908840389], [-85.081040151, 35.909825009], [-85.082553112, 35.910946324], [-85.085466803, 35.912323111], [-85.092659252, 35.914795497], [-85.093125352, 35.914983794], [-85.094620138, 35.915245727], [-85.095219136, 35.915591628], [-85.09946961, 35.916920418], [-85.101921017, 35.916987948], [-85.104454841, 35.916026405], [-85.10499611, 35.915656912], [-85.106488795, 35.914780765], [-85.107495917, 35.913484922], [-85.109947568, 35.914245491], [-85.110745455, 35.913998591], [-85.112862746, 35.914260627], [-85.114025797, 35.914078871], [-85.114608498, 35.913329692], [-85.116321281, 35.913341699], [-85.116087662, 35.913718436], [-85.116063985, 35.914066004], [-85.117173381, 35.915703851], [-85.11768018, 35.916947119], [-85.117503524, 35.917752574], [-85.117598174, 35.919788086], [-85.117200516, 35.925901519], [-85.116430718, 35.928993214], [-85.115871646, 35.929504391], [-85.114102502, 35.92969792], [-85.112509952, 35.930533392], [-85.110573404, 35.930917962], [-85.109841088, 35.932447669], [-85.110884984, 35.933717138], [-85.11166179, 35.934917805], [-85.113887419, 35.937361894], [-85.114199324, 35.938401839], [-85.113602045, 35.93925081], [-85.113735016, 35.939408399], [-85.113843785, 35.941620053], [-85.115817199, 35.943893421], [-85.117055027, 35.94618136], [-85.117213147, 35.948087818], [-85.117498873, 35.948632335], [-85.117286772, 35.951185299], [-85.116953387, 35.951154686], [-85.11656991, 35.953816212], [-85.115901011, 35.954667044], [-85.114663116, 35.956773957], [-85.114442657, 35.956856945], [-85.113968044, 35.95841033], [-85.112780046, 35.960060416], [-85.111994116, 35.961905438], [-85.11261281, 35.963820483], [-85.112821765, 35.965501954], [-85.113267834, 35.966307696], [-85.113203205, 35.967799705], [-85.112991973, 35.971022687], [-85.112255809, 35.972027446], [-85.112311945, 35.97286479], [-85.113405971, 35.973717387], [-85.113940932, 35.974419618], [-85.114395702, 35.976960036], [-85.115289215, 35.978087039], [-85.11563195, 35.9790792], [-85.116387836, 35.97956784], [-85.11857321, 35.980029665], [-85.120655031, 35.981375218], [-85.122582777, 35.983827391], [-85.122281745, 35.984817342], [-85.122785204, 35.985720978], [-85.123087889, 35.98596574], [-85.122859872, 35.988776306], [-85.122773809, 35.989208724], [-85.121217478, 35.992405163], [-85.120155761, 35.993377992], [-85.119936053, 35.993766545], [-85.121347163, 35.996544184], [-85.122637277, 35.997376706], [-85.122773274, 35.997532438], [-85.123792167, 35.997956641], [-85.127272499, 35.99749838], [-85.128283898, 35.997919749], [-85.129140287, 35.997913982], [-85.129962298, 35.998073596], [-85.131485036, 35.998061469], [-85.131818633, 35.99809204], [-85.133028082, 35.998293456], [-85.133542928, 35.999412946], [-85.133552033, 36.000138489], [-85.133317129, 36.000816395], [-85.132710077, 36.001401213], [-85.132838014, 36.002365168], [-85.132612517, 36.002885931], [-85.132870698, 36.004504364], [-85.132567049, 36.004632439], [-85.132354293, 36.005027966], [-85.131750863, 36.005697382], [-85.131661485, 36.007785364], [-85.13133492, 36.009099518], [-85.131629166, 36.010063961], [-85.131839585, 36.011610597], [-85.132657196, 36.012315407], [-85.132853127, 36.013742734], [-85.132184944, 36.015301565], [-85.13259639, 36.017433307], [-85.132747711, 36.018546859], [-85.133424009, 36.019811725], [-85.133760069, 36.020082668], [-85.135026286, 36.021690166], [-85.135542366, 36.022582204], [-85.136531167, 36.023970458], [-85.137568035, 36.024804835], [-85.138575367, 36.025257297], [-85.140041268, 36.02613935], [-85.141476427, 36.027290325], [-85.142474409, 36.027257364], [-85.143532509, 36.026292439], [-85.144337712, 36.026203904], [-85.145158696, 36.026409631], [-85.146923236, 36.027089287], [-85.148381153, 36.027513355], [-85.149887126, 36.028742316], [-85.150592058, 36.02852449], [-85.151716168, 36.0283492], [-85.152440324, 36.028438582], [-85.156036807, 36.029550995], [-85.158973833, 36.029020981], [-85.160418855, 36.028891785], [-85.162157581, 36.030782235], [-85.163235562, 36.031167189], [-85.162962691, 36.031816376], [-85.163165604, 36.032905053], [-85.163220767, 36.035279997], [-85.162237252, 36.036867013], [-85.162218091, 36.037147545], [-85.161264868, 36.038008444], [-85.16038797, 36.038503444], [-85.158927608, 36.038719731], [-85.157835985, 36.038925454], [-85.157085903, 36.039916534], [-85.156281066, 36.040828877], [-85.157634844, 36.042825328], [-85.156743941, 36.044262777], [-85.156654542, 36.045564904], [-85.15666796, 36.04863331], [-85.157871654, 36.048623203], [-85.159748924, 36.048375476], [-85.161571029, 36.047463328], [-85.16197237, 36.048660696], [-85.162314691, 36.050379312], [-85.163417532, 36.051052995], [-85.163706411, 36.051433272], [-85.165958189, 36.050933144], [-85.16815871, 36.048673545], [-85.170956466, 36.048050424], [-85.171441673, 36.047928278], [-85.173552156, 36.047914377], [-85.174188726, 36.047639612], [-85.175570753, 36.04739913], [-85.175821089, 36.047146006], [-85.177934837, 36.047753753], [-85.180350129, 36.047198765], [-85.183909413, 36.047344138], [-85.184590105, 36.048364631], [-85.186020848, 36.050180203], [-85.186579608, 36.051701448], [-85.188808702, 36.052224696], [-85.190361027, 36.052934833], [-85.191365164, 36.053266416], [-85.192456145, 36.053784949], [-85.192167295, 36.054712883], [-85.191657179, 36.055728099], [-85.191636868, 36.056183355], [-85.192255299, 36.058211326], [-85.191161973, 36.05918397], [-85.190736764, 36.059975202], [-85.190265334, 36.060720094], [-85.189658523, 36.06250168], [-85.188290649, 36.06269729], [-85.187392929, 36.063595037], [-85.187323046, 36.065225403], [-85.186792296, 36.066070206], [-85.186761528, 36.06755668], [-85.185885647, 36.067896087], [-85.185147281, 36.068068964], [-85.18447361, 36.068306712], [-85.183735237, 36.068479581], [-85.182525318, 36.069028669], [-85.181444573, 36.070556393], [-85.180933747, 36.071758987], [-85.179780817, 36.072757714], [-85.179189844, 36.074481725], [-85.179789396, 36.076326873], [-85.181199498, 36.077460158], [-85.178529223, 36.078440679], [-85.176954633, 36.079687437], [-85.176005675, 36.07990848], [-85.174510518, 36.080435714], [-85.173740426, 36.081804231], [-85.174365387, 36.08372966], [-85.17478374, 36.08447979], [-85.17452327, 36.085336552], [-85.173008254, 36.086645576], [-85.172619116, 36.087256785], [-85.173394172, 36.087879348], [-85.173776793, 36.088362911], [-85.174447315, 36.088664177], [-85.17595876, 36.089663499], [-85.174362652, 36.091352741], [-85.17394633, 36.092153164], [-85.172884868, 36.093524604], [-85.172229927, 36.095912609], [-85.17152217, 36.097029808], [-85.171232898, 36.097957663], [-85.170327415, 36.098058362], [-85.168505647, 36.098831717], [-85.168563339, 36.099258273], [-85.168096147, 36.09998874], [-85.166880083, 36.099987363], [-85.166509081, 36.099496418], [-85.16565031, 36.098830373], [-85.16443867, 36.097234765], [-85.163046218, 36.09676857], [-85.161713158, 36.096937619], [-85.159935963, 36.097584314], [-85.158959485, 36.097259255], [-85.158021807, 36.096682842], [-85.156162528, 36.096852239], [-85.15572059, 36.097755601], [-85.154427955, 36.098893043], [-85.151982664, 36.099055208], [-85.149889235, 36.099087267], [-85.149394424, 36.099200051], [-85.148688486, 36.098905942], [-85.14484988, 36.098938543], [-85.143664787, 36.097987604], [-85.142326227, 36.097625091], [-85.140910982, 36.096583561], [-85.138132248, 36.095261427], [-85.137418278, 36.095408886], [-85.136500275, 36.095706201], [-85.134734006, 36.097339408], [-85.134048254, 36.09903354], [-85.13379828, 36.099391956], [-85.133409702, 36.099611297], [-85.132308373, 36.100391067], [-85.131034303, 36.100883274], [-85.12905891, 36.101837919], [-85.127718949, 36.10164996], [-85.127072447, 36.101622374], [-85.125605717, 36.102661452], [-85.124551571, 36.104047961], [-85.123458128, 36.104661964], [-85.120952196, 36.107495428], [-85.12047601, 36.108119598], [-85.119218098, 36.108828046], [-85.117180162, 36.11100072], [-85.114216789, 36.109619003], [-85.111191717, 36.112069772], [-85.110858457, 36.112930314], [-85.111697144, 36.113367422], [-85.112849689, 36.114414709], [-85.113014734, 36.115194528], [-85.113394198, 36.115680115], [-85.113503651, 36.116496969], [-85.111855227, 36.116977865], [-85.111441905, 36.117477161], [-85.11063821, 36.117584658], [-85.109337082, 36.118297485], [-85.107915692, 36.120025186], [-85.107700074, 36.120730085], [-85.107486861, 36.121125535], [-85.106757142, 36.122276237], [-85.105819477, 36.123108731], [-85.105058876, 36.12386898], [-85.103153435, 36.125558565], [-85.102258072, 36.126043114], [-85.101198787, 36.127148814], [-85.101849341, 36.12928981], [-85.102114911, 36.131239598], [-85.102827991, 36.132271926], [-85.102940616, 36.133651538], [-85.103211304, 36.135054071], [-85.102596617, 36.136029925], [-85.102525676, 36.137782416], [-85.101939692, 36.138413314], [-85.100875484, 36.138564283], [-85.098651298, 36.140515294], [-85.097753569, 36.140740495], [-85.097199924, 36.140653887], [-85.096725727, 36.14063987], [-85.095582762, 36.141480852], [-85.09469881, 36.141957981], [-85.094253694, 36.14238269], [-85.095146142, 36.144095094], [-85.094717791, 36.145829537], [-85.094659443, 36.147128162], [-85.093869717, 36.147557058], [-85.092494436, 36.147772107], [-85.090924056, 36.146538851], [-85.089925504, 36.147879671], [-85.086161808, 36.149914554], [-85.085408984, 36.150928214], [-85.084540033, 36.151884859], [-85.083573136, 36.15318852], [-85.082980548, 36.154739324], [-85.082705439, 36.155377636], [-85.082368958, 36.155544749], [-85.081608683, 36.157229714], [-85.082144235, 36.158884144], [-85.080673966, 36.160044644], [-85.079242899, 36.159729892], [-85.077676567, 36.160493918], [-85.076238063, 36.160266924], [-85.075225848, 36.160239197], [-85.074322835, 36.160097209], [-85.073283402, 36.160859055], [-85.071575707, 36.160590404], [-85.070053658, 36.160884417], [-85.067911282, 36.160365077], [-85.066977928, 36.159830513], [-85.064285449, 36.162188739], [-85.063495696, 36.162615352], [-85.061692021, 36.163936677], [-85.059419168, 36.164260483], [-85.058229076, 36.16585733], [-85.057039963, 36.166499942], [-85.056792308, 36.16716602], [-85.056164112, 36.168119382], [-85.054066134, 36.169169144], [-85.05407491, 36.170128482], [-85.054821944, 36.171471795], [-85.056993624, 36.172446973], [-85.055098516, 36.173393248], [-85.053735788, 36.174464357], [-85.053020947, 36.176795907], [-85.052367841, 36.177664802], [-85.050231369, 36.177775617], [-85.049774981, 36.178110674], [-85.046178877, 36.179993501], [-85.04477416, 36.182151911], [-85.041436961, 36.182417377], [-85.040498514, 36.182389862], [-85.038591121, 36.182089729], [-85.035054739, 36.182541003], [-85.034422162, 36.183430673], [-85.032886216, 36.184833209], [-85.031307551, 36.187055507], [-85.028799346, 36.186390113], [-85.027754771, 36.186327428], [-85.025352762, 36.188656964], [-85.02490343, 36.188996804], [-85.022934113, 36.188975122], [-85.020786324, 36.188597747], [-85.020077703, 36.188591299], [-85.017204754, 36.187268383], [-85.016162452, 36.185992329], [-85.015336096, 36.185305032], [-85.013304135, 36.186311805], [-85.010629573, 36.183903104], [-85.006679008, 36.185701525], [-85.005495782, 36.1836876], [-85.004742497, 36.183679034], [-85.002894525, 36.182591669], [-85.000953275, 36.182976707], [-85.000318629, 36.182446072], [-85.000188384, 36.182286547], [-84.999137692, 36.181740585], [-84.99859437, 36.181599718], [-84.998416987, 36.181726565], [-84.998025286, 36.181943132], [-84.994768855, 36.184243624], [-84.993781062, 36.184390252], [-84.99309574, 36.185274866], [-84.993866088, 36.186507023], [-84.992087743, 36.189597384], [-84.992145297, 36.190036712], [-84.991648524, 36.191170522], [-84.990632352, 36.191601029], [-84.990312139, 36.191889505], [-84.987954063, 36.192985781], [-84.98601102, 36.194737753], [-84.985085599, 36.195180838], [-84.983358303, 36.194336107], [-84.981601877, 36.193509717], [-84.981857205, 36.192850769], [-84.982462039, 36.191432045], [-84.982281264, 36.189917348], [-84.979037296, 36.187008452], [-84.978465942, 36.186064299], [-84.977812839, 36.185750933], [-84.976024812, 36.184219924], [-84.973372882, 36.183634792], [-84.972168477, 36.182783575], [-84.970751541, 36.182100136], [-84.969463899, 36.180642814], [-84.96894307, 36.18061977], [-84.967779621, 36.181440937], [-84.967828904, 36.182134455], [-84.968123915, 36.184312938], [-84.964475318, 36.185632428], [-84.963284229, 36.186568979], [-84.961902511, 36.187053807], [-84.959953716, 36.18730688], [-84.957698959, 36.187786439], [-84.956795086, 36.187793084], [-84.95632248, 36.187928271], [-84.955317589, 36.18759474], [-84.954558757, 36.186630923], [-84.952057628, 36.185758034], [-84.949666759, 36.185811841], [-84.948913186, 36.186580346], [-84.946651424, 36.187016912], [-84.946003965, 36.187928003], [-84.944595164, 36.1880372], [-84.94391967, 36.188273569], [-84.943179578, 36.188444933], [-84.941776323, 36.189075024], [-84.940625891, 36.188146316], [-84.939702344, 36.186971122], [-84.937481321, 36.186985708], [-84.937357035, 36.186822444], [-84.936226091, 36.185941851], [-84.935666397, 36.184345375], [-84.933240372, 36.182530924], [-84.929609919, 36.180589509], [-84.928067473, 36.180563851], [-84.925474493, 36.180714219], [-84.924418295, 36.181576603], [-84.922817856, 36.181692966], [-84.922146962, 36.181933856], [-84.921067949, 36.182069286], [-84.920062724, 36.182279007], [-84.918142172, 36.182519283], [-84.916987126, 36.183458783], [-84.916481878, 36.183293688], [-84.915332192, 36.182434297], [-84.913475569, 36.183283064], [-84.912936046, 36.183350741], [-84.912297401, 36.183929601], [-84.910688279, 36.184607569], [-84.910044773, 36.185938169], [-84.909791145, 36.186293771], [-84.909943188, 36.186771496], [-84.909658507, 36.187697308], [-84.910314275, 36.188620243], [-84.910419854, 36.190132385], [-84.911501541, 36.191004434], [-84.90899452, 36.192976626], [-84.908405051, 36.19410156], [-84.908415278, 36.195200261], [-84.908167823, 36.195998907], [-84.908340759, 36.196137245], [-84.909472716, 36.196632627], [-84.910650131, 36.197340828], [-84.910672602, 36.199740678], [-84.9112248, 36.200738211], [-84.911246277, 36.202965188], [-84.912053552, 36.204424749], [-84.912268716, 36.205013694], [-84.913312708, 36.206484776], [-84.913600812, 36.20884405], [-84.913147364, 36.209530789], [-84.912566164, 36.21016769], [-84.910813794, 36.211005116], [-84.910245871, 36.212108887], [-84.908675108, 36.213277161], [-84.908142272, 36.214879336], [-84.907484866, 36.215745092], [-84.907288797, 36.215853224], [-84.903569403, 36.216178396], [-84.903064103, 36.21705411], [-84.904127249, 36.219814411], [-84.902623411, 36.22282615], [-84.901923244, 36.223944945], [-84.9006424, 36.224133052], [-84.899038251, 36.224644947], [-84.898674496, 36.224901762], [-84.898156662, 36.225017777], [-84.896196946, 36.225138262], [-84.894775984, 36.22469588], [-84.893946819, 36.224157032], [-84.892987997, 36.224370912], [-84.892997349, 36.225330469], [-84.893289532, 36.226240583], [-84.892460389, 36.227406289], [-84.89008034, 36.228201703], [-84.889490817, 36.230112474], [-84.88951468, 36.232731595], [-84.888523096, 36.232735903], [-84.88653533, 36.232076144], [-84.885171934, 36.232391236], [-84.883149544, 36.233167272], [-84.881440835, 36.233559621], [-84.881552384, 36.237430094], [-84.880296027, 36.237719325], [-84.879281816, 36.238073319], [-84.878168112, 36.23832951], [-84.877458762, 36.238682491], [-84.876964698, 36.239622385], [-84.875044572, 36.240224556], [-84.873803057, 36.240502471], [-84.872844896, 36.24081741], [-84.871956539, 36.241699342], [-84.870495737, 36.242062066], [-84.869791695, 36.242575638], [-84.868318251, 36.243131003], [-84.864011072, 36.2434949], [-84.863669249, 36.24374525], [-84.863092351, 36.243775532], [-84.862065036, 36.244359943], [-84.861733098, 36.244149769], [-84.860812334, 36.2446409], [-84.860028733, 36.243901703], [-84.859988982, 36.243400716], [-84.858972803, 36.24344463], [-84.857055652, 36.244114238], [-84.855327032, 36.244512809], [-84.854818865, 36.245223753], [-84.854367324, 36.245695579], [-84.854381757, 36.2472077], [-84.853551917, 36.248461629], [-84.853857851, 36.249419505], [-84.85400616, 36.250457431], [-84.852807398, 36.252268884], [-84.85235033, 36.25374315], [-84.851725513, 36.253827894], [-84.849354265, 36.254393755], [-84.848128989, 36.254809912], [-84.844409919, 36.254151567], [-84.843598028, 36.254425225], [-84.842876349, 36.254001462], [-84.840340895, 36.25431576], [-84.837414573, 36.253798961], [-84.83660771, 36.253788587], [-84.835466999, 36.253116858], [-84.834926694, 36.253310586], [-84.833852465, 36.254779582], [-84.832137965, 36.255115961], [-84.831418967, 36.254085525], [-84.831021082, 36.253034654], [-84.829923693, 36.252838929], [-84.829383946, 36.252832508], [-84.827796482, 36.252099791], [-84.8259943, 36.249690677], [-84.824195529, 36.249667128], [-84.823556495, 36.248884353], [-84.822347468, 36.249297564], [-84.821459166, 36.250923009], [-84.819385721, 36.251819697], [-84.817704555, 36.251771284], [-84.81543431, 36.250854111], [-84.813238503, 36.251806627], [-84.812473347, 36.251783151], [-84.811804119, 36.251399934], [-84.807853316, 36.250769187], [-84.806352892, 36.250503715], [-84.807354963, 36.249647643], [-84.806349152, 36.249300158], [-84.805179081, 36.248827635], [-84.803355917, 36.248771974], [-84.802277932, 36.247503134], [-84.800398393, 36.248413543], [-84.800536517, 36.245225694], [-84.798874147, 36.244820544], [-84.798496366, 36.243851478], [-84.796633617, 36.241642606], [-84.796540399, 36.241218704], [-84.796046437, 36.241332334], [-84.794613387, 36.241416516], [-84.793745256, 36.24176462], [-84.792769216, 36.241485132], [-84.790663848, 36.241670295], [-84.789725757, 36.240425023], [-84.788019898, 36.2398681], [-84.787371876, 36.239006267], [-84.786951313, 36.23878751], [-84.786407978, 36.238645683], [-84.78471061, 36.238654253], [-84.783814471, 36.238479151], [-84.781489992, 36.238605557], [-84.780554607, 36.238213894], [-84.777071302, 36.237634554], [-84.776095312, 36.235934611], [-84.774321131, 36.236546895], [-84.773748646, 36.237346323], [-84.773073568, 36.238051775], [-84.773080436, 36.238804727], [-84.772283822, 36.239081461], [-84.771542844, 36.239251756], [-84.770354594, 36.239666418], [-84.768754189, 36.238670303], [-84.769213417, 36.237192186], [-84.768758429, 36.236441174], [-84.767920745, 36.236513807], [-84.765749701, 36.23655324], [-84.764685054, 36.23741784], [-84.762961688, 36.237777673], [-84.761331791, 36.237813356], [-84.760647571, 36.235847901], [-84.760396031, 36.235651333], [-84.76038599, 36.234211077], [-84.758888191, 36.232299377], [-84.757480806, 36.231449867], [-84.756552596, 36.23102917], [-84.756341708, 36.229993494], [-84.756045829, 36.229455545], [-84.755864586, 36.227937977], [-84.755488577, 36.227634796], [-84.75415076, 36.227508311], [-84.754349575, 36.2261784], [-84.754381745, 36.224952851], [-84.753496548, 36.223819682], [-84.753322334, 36.222964476], [-84.753064587, 36.222154054], [-84.753724699, 36.220024814], [-84.751952042, 36.218518986], [-84.750613237, 36.21815211], [-84.750565923, 36.217458521], [-84.751175528, 36.217155823], [-84.751862656, 36.216618106], [-84.752439166, 36.21673164], [-84.753447579, 36.217341211], [-84.754452556, 36.217796608], [-84.756311439, 36.218920687], [-84.758861602, 36.218592775], [-84.75926062, 36.218280669], [-84.759179082, 36.217602822], [-84.759618277, 36.215886797], [-84.759496068, 36.21548117], [-84.759349851, 36.214367306], [-84.758897453, 36.212855708], [-84.759426449, 36.211407376], [-84.760050358, 36.210724558], [-84.759537399, 36.209015464], [-84.761757053, 36.207332852], [-84.762147852, 36.206809227], [-84.764039445, 36.206098681], [-84.763724019, 36.204414593], [-84.763690364, 36.202245039], [-84.763367428, 36.201320995], [-84.763088506, 36.198523438], [-84.762809042, 36.197734154], [-84.762621719, 36.196664866], [-84.762084106, 36.195777419], [-84.762008671, 36.19534249], [-84.761129412, 36.195678743], [-84.760054519, 36.195817366], [-84.758702235, 36.196288009], [-84.756590213, 36.196773194], [-84.757267706, 36.198000544], [-84.755203993, 36.199615627], [-84.752358143, 36.199675189], [-84.751488985, 36.199978616], [-84.750331001, 36.199751039], [-84.749986477, 36.199752158], [-84.748352361, 36.199289839], [-84.745966148, 36.199340061], [-84.745029931, 36.199666599], [-84.743732587, 36.199078037], [-84.743233649, 36.197703118], [-84.742730479, 36.197295105], [-84.742193004, 36.197364335], [-84.740768573, 36.198068203], [-84.739234479, 36.198725843], [-84.739237524, 36.199537495], [-84.737398538, 36.200178881], [-84.73465508, 36.200190824], [-84.73359133, 36.199546303], [-84.732299936, 36.200121488], [-84.730364129, 36.201638729], [-84.729517797, 36.202496324], [-84.728519648, 36.202846377], [-84.727889362, 36.202721292], [-84.726059769, 36.203422418], [-84.72488906, 36.203191278], [-84.723841063, 36.203555534], [-84.723018974, 36.202889579], [-84.72263866, 36.202404614], [-84.721766801, 36.202442039], [-84.720833364, 36.202766557], [-84.718970349, 36.20240013], [-84.717448883, 36.2035898], [-84.715013568, 36.204795989], [-84.71318446, 36.20540425], [-84.712599308, 36.206037853], [-84.712031045, 36.206894345], [-84.711264202, 36.209356863], [-84.71012803, 36.209919175], [-84.707583403, 36.209997881], [-84.706196347, 36.209160128], [-84.704944078, 36.209595454], [-84.703027735, 36.211541993], [-84.702454047, 36.212627654], [-84.70186845, 36.212363371], [-84.700782219, 36.212468802], [-84.699842117, 36.213471162], [-84.697748325, 36.213404943], [-84.695276476, 36.21134063], [-84.693308113, 36.210704571], [-84.692337538, 36.212473236], [-84.689556611, 36.212025392], [-84.688585324, 36.21238823], [-84.687421945, 36.213940416], [-84.685942415, 36.212766947], [-84.682900653, 36.211904226], [-84.682271193, 36.212742139], [-84.681459446, 36.213453105], [-84.681243744, 36.213847764], [-84.681302364, 36.2146205], [-84.682174379, 36.216309465], [-84.681828989, 36.217671799], [-84.680007418, 36.217926248], [-84.677940906, 36.219596821], [-84.676446396, 36.219720075], [-84.675366101, 36.220506601], [-84.672447784, 36.221497421], [-84.672272062, 36.221626106], [-84.671532173, 36.2217706], [-84.669491079, 36.221405433], [-84.667969339, 36.221920112], [-84.665459789, 36.222500806], [-84.663921684, 36.221787252], [-84.663633977, 36.220425711], [-84.662870108, 36.220289662], [-84.661772649, 36.220503279], [-84.660902851, 36.220542587], [-84.660242566, 36.221406977], [-84.659592867, 36.222658067], [-84.657108264, 36.22275622], [-84.656128821, 36.224154993], [-84.65587409, 36.22464917], [-84.655229836, 36.224387489], [-84.654042936, 36.224350133], [-84.651867446, 36.222732552], [-84.650741287, 36.222696742], [-84.649677932, 36.222525703], [-84.649188049, 36.222786661], [-84.647754074, 36.224966084], [-84.646608531, 36.225339379], [-84.645053005, 36.22442579], [-84.644923437, 36.224265883], [-84.643744844, 36.223717057], [-84.642189004, 36.22247249], [-84.639205537, 36.221732249], [-84.638385115, 36.223251483], [-84.637745094, 36.223734113], [-84.635587809, 36.223348824], [-84.634785837, 36.225674937], [-84.633434544, 36.22565539], [-84.632194432, 36.225233349], [-84.630664974, 36.224008001], [-84.627598371, 36.223992997], [-84.627576014, 36.225017308], [-84.627303018, 36.22515771], [-84.624911032, 36.224484211], [-84.624724463, 36.223054202], [-84.623310013, 36.221822883], [-84.623391575, 36.220197207], [-84.623737716, 36.218837122], [-84.623586906, 36.218327381], [-84.623395941, 36.218205832], [-84.622914646, 36.217375712], [-84.621885053, 36.216982116], [-84.621759165, 36.216097472], [-84.621123357, 36.215290494], [-84.620871495, 36.214345314], [-84.620074919, 36.213777977], [-84.619203345, 36.213443737], [-84.618858273, 36.212852157], [-84.618332997, 36.212698598], [-84.617482173, 36.212507548], [-84.616001485, 36.21150583], [-84.615302848, 36.211219731], [-84.614744679, 36.210845906], [-84.613893885, 36.21065483], [-84.613025278, 36.211001628], [-84.61218204, 36.211163259], [-84.610965202, 36.211674819], [-84.610081808, 36.212469134], [-84.608099567, 36.211910371], [-84.60661486, 36.212493183], [-84.605195901, 36.212641754], [-84.604169097, 36.213070289], [-84.6030601, 36.214093763], [-84.602845224, 36.214182772], [-84.602736233, 36.216528819], [-84.602024728, 36.218566287], [-84.601545887, 36.219312911], [-84.601521979, 36.219768006], [-84.600868858, 36.220632819], [-84.599555673, 36.22158611], [-84.598961507, 36.22190433], [-84.5989212, 36.222170261], [-84.598722378, 36.222275557], [-84.597206326, 36.22350025], [-84.595952188, 36.224168297], [-84.593649362, 36.227225045], [-84.593096407, 36.228232224], [-84.592357833, 36.22937968], [-84.591413187, 36.230208059], [-84.590695725, 36.231163617], [-84.589043695, 36.232408908], [-84.587662826, 36.233770836], [-84.586750183, 36.2340732], [-84.586155011, 36.23453671], [-84.585092456, 36.233172162], [-84.583758173, 36.232567728], [-84.582722016, 36.231797979], [-84.580762796, 36.231329537], [-84.580692769, 36.229067451], [-84.57844367, 36.228448873], [-84.578317165, 36.228287067], [-84.577309498, 36.228325185], [-84.575989953, 36.230207195], [-84.573773223, 36.229724432], [-84.572290568, 36.23025437], [-84.571108424, 36.229818271], [-84.570237132, 36.228261151], [-84.568750164, 36.227755676], [-84.567911008, 36.22755697], [-84.567283311, 36.227222605], [-84.566775624, 36.226098789], [-84.565891934, 36.226123433], [-84.565237884, 36.226380938], [-84.563470496, 36.226430197], [-84.561155107, 36.227712521], [-84.559777799, 36.22732287], [-84.557049314, 36.22759154], [-84.556802255, 36.227264232], [-84.556291111, 36.22686092], [-84.555920531, 36.226369954], [-84.5553003, 36.225882363], [-84.554689563, 36.224008688], [-84.554507918, 36.222380772], [-84.553925064, 36.220393833], [-84.553754702, 36.220259392], [-84.552880141, 36.219736757], [-84.551705999, 36.218344216], [-84.550387309, 36.217884192], [-84.548365858, 36.216713554], [-84.547025882, 36.216498064], [-84.545531002, 36.216777755], [-84.545011594, 36.216325101], [-84.544078864, 36.214740711], [-84.542533237, 36.214501136], [-84.541693806, 36.214061891], [-84.537808088, 36.213596707], [-84.537271105, 36.213972852], [-84.536487029, 36.214405273], [-84.53346617, 36.21655921], [-84.533269566, 36.216666728], [-84.52980918, 36.213550429], [-84.52717455, 36.213848516], [-84.525957687, 36.212982751], [-84.522112228, 36.213018414], [-84.521087135, 36.213206134], [-84.519887647, 36.213216799], [-84.519115423, 36.211643439], [-84.516074163, 36.210299919], [-84.51535372, 36.20986353], [-84.511597747, 36.208758608], [-84.508305191, 36.208176878], [-84.506452237, 36.206671787], [-84.506325923, 36.206509903], [-84.505568812, 36.20655686], [-84.504963359, 36.207276188], [-84.504492123, 36.207411914], [-84.503860569, 36.206602483], [-84.502290939, 36.205324978], [-84.501217339, 36.203437712], [-84.500629785, 36.202600891], [-84.500124248, 36.201712973], [-84.49865598, 36.199981429], [-84.498651637, 36.199021833], [-84.497124784, 36.199025869], [-84.49579289, 36.198759946], [-84.494415283, 36.199035578], [-84.492676264, 36.198538375], [-84.491674353, 36.198540456], [-84.490403527, 36.197962059], [-84.488566989, 36.193998044], [-84.486217176, 36.193926439], [-84.484873218, 36.194363326], [-84.483789751, 36.194188785], [-84.482439948, 36.194144426], [-84.48095072, 36.193903132], [-84.479938611, 36.193868282], [-84.479124146, 36.193736634], [-84.4777232, 36.194960582], [-84.476160448, 36.196617864], [-84.473432891, 36.196745504], [-84.471752017, 36.197495319], [-84.470290513, 36.197003605], [-84.469243491, 36.195086908], [-84.469092586, 36.192717445], [-84.468136334, 36.191488362], [-84.466276807, 36.190863095], [-84.464592623, 36.189837395], [-84.46173273, 36.189844383], [-84.459588587, 36.189416947], [-84.458735467, 36.189485894], [-84.458613579, 36.189071391], [-84.458370491, 36.18575055], [-84.459403165, 36.181729291], [-84.458237726, 36.180656865], [-84.45728764, 36.180045961], [-84.45551617, 36.178503528], [-84.454474594, 36.17783311], [-84.453508948, 36.176685164], [-84.451306601, 36.175914561], [-84.450160393, 36.173768695], [-84.446866621, 36.172826543], [-84.445814029, 36.172039005], [-84.444807956, 36.170741564], [-84.444384932, 36.169321614], [-84.444006831, 36.168627059], [-84.444001543, 36.167005283], [-84.444421187, 36.165669397], [-84.444076733, 36.164704035], [-84.442212148, 36.164254903], [-84.441025731, 36.163477474], [-84.441569341, 36.161575982], [-84.442676822, 36.160366049], [-84.442589915, 36.158896551], [-84.441331101, 36.157332002], [-84.440832863, 36.155902586], [-84.441542336, 36.155697543], [-84.443343575, 36.153538913], [-84.444230209, 36.152904134], [-84.444924429, 36.152073535], [-84.445159928, 36.152005788], [-84.446765672, 36.152362265], [-84.448360999, 36.152441521], [-84.449239935, 36.15130419], [-84.450846148, 36.150414666], [-84.451694361, 36.149822486], [-84.452757922, 36.14955272], [-84.456630198, 36.150152576], [-84.456826738, 36.15004518], [-84.457424816, 36.149270536], [-84.45848273, 36.148087296], [-84.459380092, 36.146517395], [-84.458439193, 36.14232539], [-84.459218728, 36.141091905], [-84.458941221, 36.140535762], [-84.458464279, 36.139017839], [-84.458640121, 36.138250649], [-84.459451137, 36.137347006], [-84.460491943, 36.135997649], [-84.458176672, 36.133276449], [-84.457235352, 36.132940396], [-84.457580341, 36.132434207], [-84.457211461, 36.131299934], [-84.458244604, 36.12982757], [-84.459540315, 36.129215599], [-84.460306172, 36.128381356], [-84.458601318, 36.127361808], [-84.457759119, 36.126120384], [-84.457708694, 36.125430286], [-84.4581624, 36.124179894], [-84.457823081, 36.12247292], [-84.455108848, 36.119145665], [-84.450638426, 36.117329936], [-84.450034937, 36.116984496], [-84.449328146, 36.116639544], [-84.448956749, 36.116213369], [-84.447123505, 36.115912709], [-84.446019801, 36.115101117], [-84.444524959, 36.11538995], [-84.44345521, 36.115530393], [-84.4423996, 36.115992674], [-84.439953716, 36.116268984], [-84.439152601, 36.116538856], [-84.435311433, 36.115816875], [-84.435147372, 36.115678608], [-84.433893736, 36.115016739], [-84.431554654, 36.112891289], [-84.430819956, 36.11105708], [-84.425181133, 36.107842387], [-84.424192331, 36.107594163], [-84.424023316, 36.107729487], [-84.422002896, 36.107804431], [-84.419455338, 36.108329724], [-84.415848179, 36.107741628], [-84.41505759, 36.107512668], [-84.415016698, 36.107778557], [-84.414521838, 36.107605863], [-84.412964012, 36.106892967], [-84.409502803, 36.105494507], [-84.406926622, 36.103625739], [-84.403624495, 36.103722769], [-84.402543791, 36.103986167], [-84.401858214, 36.104210152], [-84.40079312, 36.104354878], [-84.399773774, 36.104546235], [-84.398041151, 36.1046257], [-84.39615548, 36.10485675], [-84.39453053, 36.103481283], [-84.3934077, 36.101853371], [-84.3932626, 36.100647875], [-84.392308188, 36.100040065], [-84.391317283, 36.09930849], [-84.385950516, 36.098292175], [-84.383735337, 36.096970517], [-84.381072765, 36.09621649], [-84.380241416, 36.096012804], [-84.380156541, 36.095825267], [-84.379533053, 36.095492219], [-84.379363308, 36.095117145], [-84.379029598, 36.09508447], [-84.378729157, 36.095316512], [-84.373836876, 36.095326551], [-84.371686249, 36.095594502], [-84.370481744, 36.09559667], [-84.368687842, 36.095593778], [-84.367949592, 36.095472927], [-84.365985544, 36.096109089], [-84.362772376, 36.096367609], [-84.361300886, 36.09700139], [-84.35905872, 36.097175801], [-84.358448519, 36.097476521], [-84.356714973, 36.099223195], [-84.356229643, 36.10013711], [-84.354824416, 36.099451004], [-84.35142379, 36.09857538], [-84.34748429, 36.098720041], [-84.346648875, 36.100664417], [-84.346176462, 36.100381865], [-84.345011848, 36.099424051], [-84.344215841, 36.098957889], [-84.341797578, 36.099260188], [-84.341448966, 36.09988806], [-84.33922607, 36.10156115], [-84.338230707, 36.102536661], [-84.337134483, 36.103120588], [-84.335475657, 36.103935996], [-84.334469024, 36.105017916], [-84.329350723, 36.104909089], [-84.327126945, 36.104296089], [-84.324923335, 36.104509525], [-84.324708444, 36.104598039], [-84.32407969, 36.105187775], [-84.322697084, 36.108505798], [-84.322965415, 36.109284998], [-84.32302339, 36.109969698], [-84.323455516, 36.111553655], [-84.322440053, 36.114876157], [-84.320719842, 36.116033288], [-84.316325514, 36.116423264], [-84.315180543, 36.121004526], [-84.313336372, 36.122242153], [-84.309092458, 36.124133344], [-84.30668324, 36.125751743], [-84.304979756, 36.126269286], [-84.30358083, 36.12586578], [-84.303178565, 36.125421275], [-84.301418031, 36.124908309], [-84.299595702, 36.125304412], [-84.298587156, 36.125660501], [-84.29723073, 36.125954878], [-84.295053693, 36.126980205], [-84.294209529, 36.127658233], [-84.294003676, 36.127756027], [-84.293962348, 36.128021871], [-84.29362853, 36.127988957], [-84.293417906, 36.128389938], [-84.292296405, 36.130016958], [-84.291235087, 36.129332395], [-84.287723174, 36.127855715], [-84.287290051, 36.126724867], [-84.286277105, 36.126308617], [-84.28428632, 36.125863348], [-84.284154754, 36.12570486], [-84.282483332, 36.125198287], [-84.281732429, 36.126722626], [-84.280604542, 36.12762351], [-84.27986762, 36.128411148], [-84.278181222, 36.128970085], [-84.277282611, 36.129775488], [-84.277067592, 36.129863914], [-84.276733773, 36.129830954], [-84.276489869, 36.130019858], [-84.274472762, 36.130474394], [-84.273501553, 36.133292824], [-84.272364673, 36.134471118], [-84.269866766, 36.134781095], [-84.26793789, 36.136724629], [-84.268272989, 36.138432123], [-84.266515599, 36.139920214], [-84.265800047, 36.141996263], [-84.265984239, 36.143465315], [-84.265778446, 36.145754109], [-84.262908298, 36.145594891], [-84.261062648, 36.145557969], [-84.259635339, 36.146846641], [-84.258995358, 36.146857178], [-84.258526752, 36.146753909], [-84.255489128, 36.147396178], [-84.25348993, 36.148105242], [-84.252510309, 36.148221333], [-84.251944082, 36.148675656], [-84.249714723, 36.148754551], [-84.249554442, 36.148898963], [-84.248141259, 36.149484567], [-84.247594474, 36.150594536], [-84.247379361, 36.150682908], [-84.24811909, 36.152103653], [-84.247557183, 36.15271655], [-84.247506122, 36.153620403], [-84.246762635, 36.155056752], [-84.246090758, 36.156763788], [-84.246447721, 36.158583182], [-84.246552891, 36.160318608], [-84.247000043, 36.162324058], [-84.249060313, 36.163805839], [-84.248561082, 36.165696557], [-84.247695118, 36.167034332], [-84.246493266, 36.170726042], [-84.247397987, 36.172279062], [-84.246990487, 36.172479151], [-84.245845185, 36.173365411], [-84.243597863, 36.174317643], [-84.242340483, 36.176666843], [-84.24184987, 36.177398548], [-84.239190052, 36.178276144], [-84.237408726, 36.17851734], [-84.236683614, 36.178901053], [-84.235270755, 36.180886851], [-84.233814196, 36.181084241], [-84.232574997, 36.181484502], [-84.230664059, 36.181689571], [-84.230319068, 36.182878521], [-84.229883591, 36.183358373], [-84.229289433, 36.184124067], [-84.229334858, 36.188441132], [-84.229600691, 36.189960516], [-84.231655757, 36.191834254], [-84.229689054, 36.196120706], [-84.230173305, 36.197836742], [-84.230345626, 36.198446386], [-84.229922967, 36.200249737], [-84.230198274, 36.203758646], [-84.230940331, 36.204437359], [-84.231816232, 36.205700803], [-84.234319501, 36.208593065], [-84.233613608, 36.209377245], [-84.233731035, 36.209795866], [-84.233103968, 36.210398056], [-84.233105409, 36.211083555], [-84.232855334, 36.211868572], [-84.232854262, 36.214162825], [-84.230026795, 36.214798097], [-84.22900987, 36.21514657], [-84.228267915, 36.215313496], [-84.226840952, 36.215943989], [-84.225717738, 36.21707271], [-84.225715907, 36.219556692], [-84.22609386, 36.220766618], [-84.226094745, 36.221726206], [-84.226707377, 36.222402648], [-84.228603941, 36.223668052], [-84.229533874, 36.224926285], [-84.228228658, 36.229605063], [-84.227618127, 36.23253907], [-84.227591525, 36.232810576], [-84.227396406, 36.232922], [-84.22752804, 36.233080539], [-84.229150804, 36.234504359], [-84.228048845, 36.236630553], [-84.228548969, 36.239381392], [-84.226189306, 36.240630227], [-84.226202441, 36.241884134], [-84.227483748, 36.241949841], [-84.228282167, 36.242406353], [-84.227618597, 36.245254962], [-84.227213536, 36.250838903], [-84.227491307, 36.25182588], [-84.230160564, 36.253294169], [-84.232937276, 36.255635487], [-84.231994952, 36.25802844], [-84.231912686, 36.259536472], [-84.232785299, 36.26124863], [-84.232220807, 36.262820713], [-84.233792275, 36.263136438], [-84.234186506, 36.264244551], [-84.235833625, 36.266195648], [-84.235985367, 36.266971897], [-84.237087032, 36.267730322], [-84.239107822, 36.269600217], [-84.24013999, 36.269921563], [-84.241212828, 36.270457788], [-84.242254672, 36.272243493], [-84.241517418, 36.273665676], [-84.240343479, 36.277182888], [-84.241171034, 36.278405478], [-84.24126118, 36.278829796], [-84.241442868, 36.278957404], [-84.243058943, 36.279448177], [-84.243798538, 36.280860261], [-84.244724415, 36.28198077], [-84.246398957, 36.281606392], [-84.246948919, 36.281551071], [-84.246997523, 36.282241184], [-84.247287294, 36.283832316], [-84.245848906, 36.285817853], [-84.247249264, 36.290487653], [-84.248241444, 36.290286219], [-84.249131638, 36.291483273], [-84.250712665, 36.291877667], [-84.253083433, 36.293874533], [-84.256195635, 36.294966115], [-84.257966495, 36.294639016], [-84.260238464, 36.294331808], [-84.261677514, 36.293801126], [-84.262495632, 36.294255045], [-84.263288848, 36.297365428], [-84.264673682, 36.297708639], [-84.266175281, 36.298459757], [-84.266700433, 36.298614854], [-84.266672837, 36.299352243], [-84.267106531, 36.299804063], [-84.267120456, 36.300275647], [-84.266909211, 36.300676535], [-84.265995835, 36.301902232], [-84.265116541, 36.305627831], [-84.26478558, 36.306522969], [-84.264855323, 36.306959993], [-84.265135859, 36.307746736], [-84.265192295, 36.309152387], [-84.265514371, 36.309673327], [-84.265752622, 36.311206544], [-84.266439927, 36.311071878], [-84.26935117, 36.311654023], [-84.270229706, 36.312997295], [-84.26960382, 36.313979346], [-84.270683664, 36.31559758], [-84.270870255, 36.316442513], [-84.271103869, 36.317258341], [-84.270934168, 36.320775523], [-84.269999675, 36.324786649], [-84.270654811, 36.326660312], [-84.270601391, 36.329041897], [-84.268705317, 36.330556663], [-84.268327186, 36.331702287], [-84.268417548, 36.33212657], [-84.268991776, 36.332971736], [-84.269611028, 36.334582507], [-84.271008736, 36.336649488], [-84.272400314, 36.339266157], [-84.273565855, 36.339505346], [-84.273691893, 36.339667461], [-84.274695053, 36.340487351], [-84.275813736, 36.341927957], [-84.275619681, 36.342541398], [-84.275620016, 36.342811318], [-84.275411625, 36.343465516], [-84.275414709, 36.34648939], [-84.275918288, 36.347413988], [-84.276087377, 36.34826981], [-84.278938287, 36.34880556], [-84.281064, 36.351707262], [-84.283059517, 36.352959938], [-84.283375526, 36.35384495], [-84.283542767, 36.353981584], [-84.287114683, 36.354187432], [-84.287960253, 36.353125702], [-84.288855289, 36.352614919], [-84.289368793, 36.35301752], [-84.290372403, 36.35436439], [-84.290948959, 36.355401493], [-84.291119157, 36.355536297], [-84.290907912, 36.35799715], [-84.291039852, 36.361748356], [-84.290844566, 36.362591504], [-84.288731767, 36.364454268], [-84.287869875, 36.366317712], [-84.287004945, 36.367672723], [-84.286742963, 36.368330092], [-84.286836413, 36.368752532], [-84.287444984, 36.370895488], [-84.289468778, 36.373434784], [-84.289749172, 36.374685222], [-84.288781408, 36.376903018], [-84.285256145, 36.378841958], [-84.285670007, 36.379679631], [-84.286058222, 36.380647609], [-84.286919417, 36.38142805], [-84.287000432, 36.383479059], [-84.28932891, 36.3850046], [-84.290534408, 36.385435116], [-84.294829785, 36.38550927], [-84.295724631, 36.384865566], [-84.296598076, 36.384784798], [-84.298878761, 36.385919604], [-84.299495418, 36.38685513], [-84.301656734, 36.386898671], [-84.302424412, 36.387342998], [-84.303398471, 36.389003014], [-84.303847522, 36.389394969], [-84.305687102, 36.389457449], [-84.306769126, 36.390084392], [-84.307776553, 36.390491062], [-84.309683493, 36.390138421], [-84.311113809, 36.389945615], [-84.312500033, 36.390172242], [-84.313120807, 36.390912005], [-84.313679987, 36.39139905], [-84.315215742, 36.391450557], [-84.316636473, 36.392479566], [-84.317124607, 36.394736928], [-84.319414026, 36.396740751], [-84.319861899, 36.398028541], [-84.319452704, 36.399479001], [-84.319744024, 36.400475258], [-84.319177584, 36.401092289], [-84.319143398, 36.401721426], [-84.319654888, 36.402720285], [-84.320003303, 36.404339861], [-84.323234065, 36.405693692], [-84.323112187, 36.408747182], [-84.323374292, 36.410170641], [-84.32410951, 36.411252521], [-84.324461635, 36.412166158], [-84.323835061, 36.412844785], [-84.323616918, 36.413238745], [-84.323698866, 36.413668425], [-84.32431308, 36.414759527], [-84.324058271, 36.415491435], [-84.324446297, 36.417386815], [-84.324546803, 36.419148619], [-84.325166398, 36.420803137], [-84.326201614, 36.421614991], [-84.326689607, 36.423039458], [-84.326818197, 36.424228448], [-84.32694724, 36.424628999], [-84.326667112, 36.424959972], [-84.325957735, 36.425162477], [-84.325817668, 36.425327962], [-84.324328505, 36.425365553], [-84.323051379, 36.424348685], [-84.320106341, 36.424892962], [-84.318994582, 36.424265408], [-84.317702312, 36.423329212], [-84.31494899, 36.423478927], [-84.31392932, 36.424017789], [-84.31167642, 36.425953707], [-84.310717691, 36.426186495], [-84.309591735, 36.426997416], [-84.308595192, 36.427523749], [-84.307885601, 36.428033943], [-84.306103997, 36.428377852], [-84.305415183, 36.428601235], [-84.304880252, 36.428673153], [-84.302736929, 36.431420836], [-84.301874028, 36.432913185], [-84.29797979, 36.435822118], [-84.297938306, 36.43608791], [-84.297267939, 36.436022118], [-84.297062807, 36.435854403], [-84.297298618, 36.435110124], [-84.296670198, 36.434213553], [-84.297569784, 36.432878739], [-84.297052132, 36.432073155], [-84.295182145, 36.430972476], [-84.294965603, 36.429072703], [-84.293569614, 36.428223029], [-84.291146237, 36.427228164], [-84.292694556, 36.42688054], [-84.293770617, 36.424517347], [-84.293410728, 36.423451034], [-84.291857001, 36.422505718], [-84.289964699, 36.422741527], [-84.288463034, 36.423403621], [-84.287445518, 36.423042222], [-84.286575845, 36.421921574], [-84.285761502, 36.421757223], [-84.284868291, 36.422063713], [-84.285140996, 36.421202892], [-84.285140628, 36.420932986], [-84.285395416, 36.420135763], [-84.284414016, 36.419339342], [-84.28400181, 36.418183505], [-84.281957573, 36.417775952], [-84.280923688, 36.418574592], [-84.278315967, 36.418898007], [-84.277636331, 36.419130567], [-84.276761755, 36.419164739], [-84.275804313, 36.418606732], [-84.276523905, 36.417880533], [-84.275331484, 36.416207263], [-84.275224478, 36.41434135], [-84.274628188, 36.414211011], [-84.27328452, 36.414814661], [-84.272271579, 36.414017124], [-84.272148362, 36.413853195], [-84.272007491, 36.41370018], [-84.27159314, 36.413307307], [-84.271129224, 36.410002057], [-84.269698541, 36.408885067], [-84.267822805, 36.408200751], [-84.267466149, 36.407864139], [-84.266973826, 36.407324412], [-84.264224386, 36.405786548], [-84.263719089, 36.405618719], [-84.262802658, 36.405224857], [-84.260371369, 36.404643829], [-84.261821318, 36.402528496], [-84.260218816, 36.401067627], [-84.257647536, 36.400023633], [-84.256928827, 36.39901244], [-84.256553885, 36.398283916], [-84.255342252, 36.398282587], [-84.254084056, 36.39885016], [-84.253562321, 36.398176735], [-84.252123718, 36.397520456], [-84.252069807, 36.395472022], [-84.251275663, 36.394824437], [-84.250090513, 36.393297004], [-84.248382827, 36.392255688], [-84.247821119, 36.392143361], [-84.247103488, 36.392144271], [-84.245660289, 36.39126394], [-84.243978144, 36.390925095], [-84.243048832, 36.391242458], [-84.241128604, 36.389676115], [-84.240468812, 36.38788412], [-84.241230424, 36.387297206], [-84.2416391, 36.387097165], [-84.241462398, 36.386156194], [-84.240672388, 36.385534227], [-84.2398813, 36.384342843], [-84.239128822, 36.38400711], [-84.237388224, 36.382635523], [-84.236948724, 36.381354417], [-84.23652699, 36.380654911], [-84.236059181, 36.380452687], [-84.234716382, 36.380476123], [-84.234127292, 36.378438015], [-84.23138931, 36.377785929], [-84.230457569, 36.377204696], [-84.229675436, 36.376855419], [-84.22936614, 36.376438992], [-84.228791412, 36.376190325], [-84.225252522, 36.376376179], [-84.22387932, 36.377473969], [-84.222792817, 36.377235832], [-84.221999794, 36.377870137], [-84.221670303, 36.378784319], [-84.221891036, 36.380001711], [-84.221584238, 36.381177492], [-84.222301445, 36.381805061], [-84.222059924, 36.382734266], [-84.222028812, 36.383270987], [-84.225198409, 36.385271136], [-84.225895459, 36.386552448], [-84.224689935, 36.38719029], [-84.222498502, 36.38886087], [-84.221826226, 36.389216132], [-84.220346525, 36.390482603], [-84.220133595, 36.394377178], [-84.216899022, 36.396714186], [-84.215971564, 36.397931903], [-84.2147767, 36.398872249], [-84.21451627, 36.399531782], [-84.213455456, 36.399618747], [-84.213006175, 36.399264347], [-84.212556144, 36.398661057], [-84.211121588, 36.398268226], [-84.210744335, 36.397168173], [-84.209822464, 36.396963102], [-84.208597857, 36.397213045], [-84.207244177, 36.396914619], [-84.205468877, 36.397708877], [-84.204927199, 36.397773345], [-84.204776814, 36.396971947], [-84.203318925, 36.394767511], [-84.202578868, 36.394183957], [-84.201613271, 36.392888545], [-84.199102659, 36.392055835], [-84.198558946, 36.391626648], [-84.197891477, 36.390598998], [-84.196231627, 36.391065062], [-84.19595105, 36.391395736], [-84.193133528, 36.391297925], [-84.191387675, 36.392293111], [-84.190439474, 36.392559718], [-84.190378181, 36.394383957], [-84.189789185, 36.39544106], [-84.188490974, 36.396124218], [-84.186893791, 36.397271152], [-84.185499354, 36.398008002], [-84.185457495, 36.398273761], [-84.184846157, 36.399370806], [-84.183686857, 36.399863152], [-84.183160844, 36.399777254], [-84.181144798, 36.39973547], [-84.179161105, 36.400550876], [-84.178543736, 36.402326294], [-84.177723527, 36.40385385], [-84.175957166, 36.405549009], [-84.175100467, 36.408015513], [-84.17524006, 36.40913642], [-84.174570039, 36.409069941], [-84.172169055, 36.408669314], [-84.1692007, 36.408882881], [-84.167220558, 36.409723778], [-84.166389121, 36.411825841], [-84.16331885, 36.41344199], [-84.162708125, 36.414245906], [-84.161395657, 36.414729184], [-84.159527518, 36.414421307], [-84.158478, 36.415175288], [-84.157680507, 36.41559582], [-84.156731892, 36.416838494], [-84.154770917, 36.417101221], [-84.154466015, 36.417870127], [-84.153501677, 36.418084268], [-84.152662627, 36.417522191], [-84.151785704, 36.417603723], [-84.151621506, 36.417465094], [-84.151134557, 36.41686209], [-84.149256331, 36.416399114], [-84.146494316, 36.414698945], [-84.141485618, 36.413740995], [-84.141153798, 36.41264516], [-84.140824562, 36.411028713], [-84.13925889, 36.410742164], [-84.138432146, 36.411851343], [-84.13742685, 36.411669044], [-84.136140992, 36.412319191], [-84.135206454, 36.413571564], [-84.133859576, 36.413884537], [-84.132806433, 36.415298008], [-84.129935119, 36.414693652], [-84.128341276, 36.413946548], [-84.126535978, 36.412486664], [-84.125069921, 36.412460801], [-84.123727527, 36.411603715], [-84.123227766, 36.410982422], [-84.12237118, 36.411053108], [-84.122016918, 36.410973516], [-84.121591276, 36.411780949], [-84.120974377, 36.412402722], [-84.119170988, 36.412005749], [-84.118647814, 36.412421754], [-84.118663935, 36.413091861], [-84.118542916, 36.413436189], [-84.116803629, 36.413808971], [-84.11568388, 36.414701127], [-84.115270144, 36.414896061], [-84.114449507, 36.416047897], [-84.112080183, 36.418297924], [-84.11213833, 36.420513789], [-84.112833116, 36.420743354], [-84.113807568, 36.420366044], [-84.115566243, 36.420828211], [-84.116213293, 36.421778432], [-84.117270843, 36.422554471], [-84.116187785, 36.425126811], [-84.118053636, 36.425920153], [-84.118398767, 36.426426929], [-84.117592059, 36.427272288], [-84.115684497, 36.427731642], [-84.114455538, 36.430099631], [-84.112526801, 36.430356493], [-84.111891582, 36.432132045], [-84.110652736, 36.433337059], [-84.110069962, 36.434613825], [-84.108933046, 36.435594912], [-84.108452229, 36.436647762], [-84.107959089, 36.436906462], [-84.106728056, 36.436703525], [-84.106271551, 36.437301178], [-84.103134767, 36.438951533], [-84.101638267, 36.440906817], [-84.100242188, 36.441642655], [-84.09775677, 36.442120009], [-84.097151674, 36.443200491], [-84.095909637, 36.444540035], [-84.095860573, 36.445368133], [-84.095677123, 36.446071045], [-84.094000191, 36.448640902], [-84.092526849, 36.450029026], [-84.091522713, 36.44936779], [-84.088400825, 36.448642623], [-84.086395695, 36.449325914], [-84.084054562, 36.449846956], [-84.081887324, 36.451515699], [-84.081080045, 36.453012455], [-84.078843179, 36.454733245], [-84.076603336, 36.454766588], [-84.07431395, 36.454877182], [-84.073121231, 36.454298152], [-84.073108564, 36.453324679], [-84.070342323, 36.448760533], [-84.069183267, 36.448956682], [-84.065610335, 36.451332291], [-84.064476784, 36.448578444], [-84.062882518, 36.446813939], [-84.061634447, 36.445982481], [-84.060593712, 36.444267029], [-84.059803258, 36.443051142], [-84.059669807, 36.441384354], [-84.058772918, 36.439634771], [-84.058267853, 36.439466079], [-84.05665317, 36.438766543], [-84.055549009, 36.438501966], [-84.054709464, 36.439497643], [-84.054509311, 36.439602018], [-84.051751758, 36.442685291], [-84.049391841, 36.444374266], [-84.046266595, 36.445123896], [-84.043499717, 36.446577942], [-84.041821584, 36.447776277], [-84.038277409, 36.449582496], [-84.036841964, 36.45097595], [-84.035615051, 36.451496094], [-84.034744565, 36.451533176], [-84.034125895, 36.452025763], [-84.032692101, 36.452525118], [-84.031638408, 36.452993014], [-84.029864701, 36.45337175], [-84.027963005, 36.45421847], [-84.026484667, 36.454213445], [-84.026442216, 36.454479139], [-84.024547476, 36.455098734], [-84.023078693, 36.455366695], [-84.021422294, 36.455493467], [-84.019599797, 36.455827089], [-84.019064402, 36.45589773], [-84.017805683, 36.456798363], [-84.013154868, 36.458496943], [-84.011741949, 36.457466985], [-84.008749156, 36.457448679], [-84.006824125, 36.457906787], [-84.006683297, 36.458071895], [-84.005874447, 36.458171921], [-84.004557075, 36.458872498], [-84.003802653, 36.459762569], [-84.001607478, 36.460478153], [-84.00061605, 36.460521812], [-83.999352615, 36.461084347], [-83.998480966, 36.461277136], [-83.995532797, 36.463669504], [-83.992436235, 36.465757925], [-83.991292371, 36.466752143], [-83.99008447, 36.467680848], [-83.988972999, 36.468787985], [-83.989400513, 36.471001326], [-83.988123637, 36.471596158], [-83.987761527, 36.472726032], [-83.986500077, 36.473290767], [-83.985957669, 36.473354241], [-83.985664617, 36.472974606], [-83.983234246, 36.472149744], [-83.980788414, 36.472964181], [-83.978604152, 36.47402218], [-83.976667131, 36.474451233], [-83.973555313, 36.475550626], [-83.972582393, 36.476985877], [-83.972150871, 36.477783917], [-83.969956733, 36.479465098], [-83.969234747, 36.479320565], [-83.968122385, 36.479535282], [-83.966824832, 36.47969334], [-83.963843515, 36.480723422], [-83.962590161, 36.480987138], [-83.962464557, 36.48082471], [-83.960955426, 36.480311726], [-83.959005808, 36.478714421], [-83.958572053, 36.4764623], [-83.95719916, 36.4754336], [-83.956194912, 36.475091744], [-83.955005526, 36.474362069], [-83.953095216, 36.474358954], [-83.952760014, 36.474325095], [-83.952717292, 36.474590759], [-83.948517472, 36.472474845], [-83.945833901, 36.47327513], [-83.944320359, 36.472790991], [-83.943460004, 36.472845338], [-83.94190514, 36.472799931], [-83.939901501, 36.472913721], [-83.938011448, 36.472834368], [-83.9379253, 36.472642149], [-83.93667206, 36.471979635], [-83.935793482, 36.471800063], [-83.934961548, 36.471876206], [-83.933739605, 36.471862262], [-83.933388656, 36.472141036], [-83.930466668, 36.472222915], [-83.927913134, 36.472082578], [-83.926367431, 36.472046332], [-83.924475707, 36.472274551], [-83.924197939, 36.472495322], [-83.92321379, 36.47283862], [-83.92195814, 36.473099572], [-83.92141568, 36.473162755], [-83.919366759, 36.473573251], [-83.917801631, 36.474119211], [-83.916852332, 36.474873091], [-83.915667138, 36.475010343], [-83.913698524, 36.475466855], [-83.91335668, 36.475738064], [-83.911795628, 36.475944764], [-83.911064604, 36.476895804], [-83.908287176, 36.4777786], [-83.905435656, 36.477240562], [-83.90449237, 36.4768517], [-83.900901242, 36.475949551], [-83.898568328, 36.475463949], [-83.896423286, 36.474145176], [-83.895766321, 36.473829591], [-83.894469006, 36.472881579], [-83.892412057, 36.472533543], [-83.891634384, 36.473129592], [-83.888231647, 36.473121559], [-83.88625025, 36.472717806], [-83.883486032, 36.472711212], [-83.881926302, 36.473238292], [-83.881073549, 36.473425862], [-83.880629809, 36.473766792], [-83.87976604, 36.473841434], [-83.877998113, 36.473368532], [-83.877699298, 36.472928928], [-83.877028976, 36.472860787], [-83.876942998, 36.473392062], [-83.876607836, 36.473357991], [-83.876716002, 36.474219089], [-83.876142547, 36.475048864], [-83.875447306, 36.476351426], [-83.874328879, 36.47783456], [-83.873655677, 36.479099277], [-83.872832411, 36.477986161], [-83.871853587, 36.478392892], [-83.871285878, 36.478841425], [-83.869698335, 36.47939085], [-83.868681466, 36.480196594], [-83.867401161, 36.48064013], [-83.865967824, 36.481338094], [-83.864711835, 36.481598446], [-83.86374147, 36.482461623], [-83.862734563, 36.483287324], [-83.862170505, 36.483548452], [-83.861516686, 36.485431058], [-83.856677359, 36.487613274], [-83.857326678, 36.488780523], [-83.856999799, 36.489696508], [-83.855846295, 36.491359468], [-83.854076039, 36.492638983], [-83.854108509, 36.493981806], [-83.85215933, 36.49488658], [-83.851779138, 36.496212695], [-83.85017955, 36.497669868], [-83.849056017, 36.497160958], [-83.847669912, 36.496334178], [-83.845998628, 36.497691182], [-83.845149167, 36.498085597], [-83.844296802, 36.498760274], [-83.84346472, 36.499145902], [-83.843040661, 36.500281898], [-83.84303673, 36.500863718], [-83.841991063, 36.502695785], [-83.839188431, 36.504049216], [-83.836946205, 36.50454209], [-83.836772965, 36.504674203], [-83.836102397, 36.504605835], [-83.835026784, 36.504145982], [-83.834220789, 36.504534216], [-83.833608895, 36.505661585], [-83.831280112, 36.50678472], [-83.829927727, 36.506946327], [-83.829331345, 36.507961349], [-83.827824045, 36.510058447], [-83.82855198, 36.511592502], [-83.824494253, 36.51427318], [-83.823602513, 36.514401572], [-83.822382722, 36.51599003], [-83.820771743, 36.516201103], [-83.820093903, 36.518239346], [-83.819606094, 36.51897852], [-83.818989929, 36.52031003], [-83.817060689, 36.521739535], [-83.816062264, 36.523504545], [-83.814736885, 36.524643382], [-83.813679666, 36.526016328], [-83.813144195, 36.526294954], [-83.810929742, 36.528361876], [-83.810355158, 36.529322103], [-83.808597134, 36.52958342], [-83.807164039, 36.531316633], [-83.805571624, 36.531738281], [-83.79850057, 36.536238884], [-83.796941138, 36.536653256], [-83.795693638, 36.538160629], [-83.793830587, 36.538655728], [-83.792479023, 36.540114461], [-83.790872763, 36.541256006], [-83.788470103, 36.542510141], [-83.785866605, 36.54435758], [-83.782982709, 36.545408376], [-83.782181275, 36.545976107], [-83.781179483, 36.54649801], [-83.780823486, 36.546752695], [-83.777198643, 36.548113579], [-83.774545443, 36.549609745], [-83.773356411, 36.551635572], [-83.771239434, 36.55226258], [-83.76991003, 36.552603167], [-83.768584976, 36.554237399], [-83.767148189, 36.554664001], [-83.763734583, 36.5548268], [-83.762595085, 36.555015896], [-83.760865144, 36.555100146], [-83.759228276, 36.55617913], [-83.758141762, 36.5565002], [-83.756071275, 36.556222463], [-83.754395943, 36.556900825], [-83.752865146, 36.557119316], [-83.752666544, 36.557225522], [-83.752123202, 36.557598046], [-83.751321838, 36.558032701], [-83.748520821, 36.557610259], [-83.748077106, 36.557585819], [-83.746384472, 36.558743316], [-83.74429312, 36.558836655], [-83.742769354, 36.559467139], [-83.740815987, 36.559840411], [-83.738952029, 36.561115248], [-83.736129761, 36.562333819], [-83.732740897, 36.564650251], [-83.73166426, 36.56448688], [-83.728465523, 36.565464072], [-83.724673565, 36.565426587], [-83.723643773, 36.566130851], [-83.72183911, 36.566375667], [-83.720493866, 36.567296419], [-83.718700181, 36.567668907], [-83.717021823, 36.568475189], [-83.713465817, 36.569693754], [-83.71085386, 36.569724531], [-83.708952059, 36.570640632], [-83.708083969, 36.571300244], [-83.706225846, 36.572193378], [-83.705129874, 36.571968709], [-83.702920982, 36.572741284], [-83.700132542, 36.574865591], [-83.697859609, 36.575378311], [-83.697318504, 36.57544282], [-83.695799747, 36.573461324], [-83.695660672, 36.572151555], [-83.695313696, 36.571506055], [-83.695543814, 36.570803987], [-83.695551248, 36.569705529], [-83.696366587, 36.5676333], [-83.697169702, 36.565975447], [-83.697377525, 36.565878711], [-83.69789156, 36.565475956], [-83.698722841, 36.565089008], [-83.699953545, 36.564120807], [-83.701051645, 36.563018675], [-83.702849815, 36.562813591], [-83.703279778, 36.562013949], [-83.702581475, 36.561349159], [-83.702339789, 36.560436026], [-83.702147134, 36.559597566], [-83.701595324, 36.558738984], [-83.701350361, 36.556905619], [-83.700938209, 36.556510813], [-83.69996729, 36.5554297], [-83.698077268, 36.553633563], [-83.697511846, 36.551950704], [-83.698214447, 36.551162297], [-83.697270715, 36.549592353], [-83.695938618, 36.548326269], [-83.694967877, 36.54724511], [-83.694633985, 36.546925855], [-83.694180374, 36.545811495], [-83.692241579, 36.54567488], [-83.691833753, 36.545286805], [-83.691379852, 36.544174508], [-83.690262304, 36.543759648], [-83.689421279, 36.542360553], [-83.686834064, 36.542359506], [-83.684439935, 36.543937544], [-83.683486454, 36.542461385], [-83.684665481, 36.540608184], [-83.684102092, 36.539222915], [-83.683387978, 36.538429739], [-83.681724637, 36.538595649], [-83.679182995, 36.538464093], [-83.678672344, 36.538814367], [-83.675607076, 36.540325057], [-83.67413528, 36.53914974], [-83.672399352, 36.538704584], [-83.671235864, 36.538035808], [-83.669512527, 36.539212348], [-83.667025257, 36.538702139], [-83.666611399, 36.537640259], [-83.66371004, 36.535310583], [-83.660837846, 36.532675774], [-83.659887292, 36.531573126], [-83.658933239, 36.531025033], [-83.656092565, 36.530866248], [-83.65591379, 36.530657855], [-83.655712843, 36.530761557], [-83.654427809, 36.532510735], [-83.656729115, 36.534550735], [-83.65772822, 36.536021346], [-83.656791709, 36.537789713], [-83.656665378, 36.539783244], [-83.6565126, 36.540354018], [-83.652824946, 36.541046535], [-83.651123897, 36.542683022], [-83.651387334, 36.545155765], [-83.649482562, 36.54578157], [-83.647463755, 36.546629756], [-83.646850779, 36.547420865], [-83.645789555, 36.548328045], [-83.646882689, 36.549293631], [-83.647013651, 36.549452775], [-83.646789296, 36.549843115], [-83.646038762, 36.550660075], [-83.645298129, 36.552659659], [-83.641533655, 36.554683803], [-83.640520801, 36.55431307], [-83.640009151, 36.553715706], [-83.639693906, 36.55342986], [-83.639250766, 36.55228887], [-83.635127648, 36.551547417], [-83.634792205, 36.551158181], [-83.633145227, 36.551947613], [-83.631913637, 36.552094306], [-83.629683158, 36.553059557], [-83.629040412, 36.554077507], [-83.630654691, 36.554630942], [-83.631668875, 36.555396478], [-83.632101039, 36.556635538], [-83.63042655, 36.557848324], [-83.630121099, 36.558776739], [-83.630895889, 36.559023718], [-83.631059567, 36.560129457], [-83.630179779, 36.561323305], [-83.629885699, 36.562263448], [-83.63167126, 36.562910558], [-83.633757595, 36.564576285], [-83.635970899, 36.564345551], [-83.637221889, 36.564534188], [-83.637681969, 36.565605187], [-83.635649731, 36.56757859], [-83.635018344, 36.56946285], [-83.635611116, 36.570005324], [-83.636543236, 36.571768759], [-83.638059825, 36.571609297], [-83.638444651, 36.571668132], [-83.638882773, 36.572791702], [-83.640134743, 36.573410833], [-83.638826033, 36.575199663], [-83.638348623, 36.576152483], [-83.639462702, 36.577848204], [-83.641465244, 36.579072501], [-83.643805888, 36.579202909], [-83.644692901, 36.579336895], [-83.646731459, 36.582797159], [-83.644825617, 36.584214106], [-83.644739638, 36.585186344], [-83.645156126, 36.586700079], [-83.645000404, 36.587335947], [-83.645791635, 36.58964803], [-83.644000551, 36.59209596], [-83.644806661, 36.592833445], [-83.644940659, 36.592990784], [-83.646741354, 36.593567397], [-83.647327169, 36.593927602], [-83.648158552, 36.594254123], [-83.649389405, 36.59384127], [-83.650351356, 36.593700211], [-83.652896431, 36.595792667], [-83.65327147, 36.596282963], [-83.653053847, 36.596680341], [-83.652598622, 36.597143882], [-83.652029216, 36.598589394], [-83.650905312, 36.599129384], [-83.649932499, 36.599868551], [-83.651540502, 36.601193157], [-83.651804436, 36.601952588], [-83.652478523, 36.60292532], [-83.653737273, 36.603506958], [-83.654270323, 36.604203468], [-83.653976389, 36.605095121], [-83.654296613, 36.605691565], [-83.654827194, 36.60721068], [-83.657710405, 36.609584759], [-83.658382038, 36.609894678], [-83.658757526, 36.610382879], [-83.659090872, 36.610657844], [-83.658244161, 36.611650636], [-83.658045281, 36.611756683], [-83.657339658, 36.612977146], [-83.655096743, 36.613072425], [-83.654164048, 36.613357932], [-83.651859286, 36.616265599], [-83.651261226, 36.616914821], [-83.649315677, 36.61706606], [-83.648282969, 36.621168574], [-83.648213542, 36.622767039], [-83.647996378, 36.622854303], [-83.647606466, 36.623195886], [-83.646473584, 36.622867765], [-83.645850363, 36.623442629], [-83.645470958, 36.624011054], [-83.644216187, 36.624484738], [-83.642803116, 36.623834327], [-83.641686106, 36.624813846], [-83.640854585, 36.624873421], [-83.640388583, 36.624658532], [-83.638323358, 36.62395115], [-83.637056917, 36.623946709], [-83.635361735, 36.62293786], [-83.635236601, 36.622775103], [-83.632092367, 36.62341391], [-83.631659728, 36.623755246], [-83.631125057, 36.623826493], [-83.628735331, 36.62433866], [-83.627131992, 36.625079919], [-83.626116981, 36.624926274], [-83.623133314, 36.625834689], [-83.61824646, 36.628455369], [-83.616438919, 36.631844485], [-83.615366468, 36.632423302], [-83.614815549, 36.633767237], [-83.61376899, 36.634865677], [-83.61340685, 36.635150968], [-83.612524704, 36.635160803], [-83.611436436, 36.634917161], [-83.609522947, 36.636946931], [-83.607328323, 36.637405107], [-83.606043458, 36.637847885], [-83.604042838, 36.637908342], [-83.604130932, 36.637377315], [-83.60245209, 36.63720315], [-83.601930216, 36.637598442], [-83.60043521, 36.637924409], [-83.599371679, 36.638383757], [-83.598244325, 36.638777392], [-83.594635763, 36.64050233], [-83.593688424, 36.640614988], [-83.592456972, 36.640590528], [-83.59104994, 36.641317993], [-83.589594357, 36.641373624], [-83.58886545, 36.642082867], [-83.587432125, 36.64230959], [-83.586915272, 36.643589465], [-83.586355352, 36.643634698], [-83.585855513, 36.643221954], [-83.584544241, 36.641509507], [-83.58321532, 36.641236388], [-83.582460789, 36.641489269], [-83.580022085, 36.641776016], [-83.578473069, 36.64173529], [-83.577445139, 36.641417428], [-83.576868518, 36.641948311], [-83.576499127, 36.642500736], [-83.575449853, 36.643322203], [-83.574691152, 36.644450297], [-83.572137153, 36.644450596], [-83.570206215, 36.645036844], [-83.568785215, 36.645749965], [-83.568232102, 36.645802154], [-83.567433087, 36.646626384], [-83.56514001, 36.647816365], [-83.562592137, 36.649686685], [-83.562495182, 36.651214878], [-83.561664259, 36.651476575], [-83.560925645, 36.651648699], [-83.559852565, 36.652098305], [-83.558979532, 36.652131928], [-83.55816345, 36.652224227], [-83.555944331, 36.653048264], [-83.554205136, 36.653154148], [-83.552016297, 36.654116323], [-83.549942825, 36.653649242], [-83.549134363, 36.653807691], [-83.547482674, 36.6539648], [-83.546097681, 36.654411338], [-83.545022603, 36.655352286], [-83.544078806, 36.655441737], [-83.543870538, 36.655538201], [-83.543013686, 36.656210674], [-83.541140605, 36.65707053], [-83.539856368, 36.658352591], [-83.537913783, 36.658732478], [-83.53703383, 36.658758898], [-83.536344428, 36.66052288], [-83.534747637, 36.661069612], [-83.534403929, 36.661337636], [-83.533342048, 36.661558189], [-83.532280797, 36.662046796], [-83.531605016, 36.66347244], [-83.532516927, 36.664198508], [-83.53205998, 36.665144751], [-83.530774544, 36.665584644], [-83.530187843, 36.666044662], [-83.529354621, 36.665518816], [-83.52780802, 36.666051714], [-83.526592117, 36.666043014], [-83.526093485, 36.666151358], [-83.524106008, 36.666190838], [-83.522937692, 36.666632326], [-83.522048532, 36.666649245], [-83.521876643, 36.666783239], [-83.519781406, 36.667723021], [-83.519431326, 36.667996676], [-83.518039483, 36.668129901], [-83.517138901, 36.66847057], [-83.516209691, 36.668040115], [-83.51535657, 36.667841285], [-83.514058704, 36.668370455], [-83.512803426, 36.669570902], [-83.511716147, 36.669526958], [-83.509197379, 36.668943036], [-83.508683128, 36.668920954], [-83.507885902, 36.668786998], [-83.507142182, 36.669019484], [-83.505395674, 36.669085957], [-83.503564139, 36.669660535], [-83.500315602, 36.669656429], [-83.499513054, 36.67068674], [-83.496179646, 36.670120753], [-83.492605068, 36.66997471], [-83.491625772, 36.668791761], [-83.48880115, 36.667787087], [-83.484905017, 36.666963493], [-83.482074462, 36.666154285], [-83.481305827, 36.666025249], [-83.479871599, 36.66647437], [-83.476787657, 36.665807318], [-83.475721443, 36.665765247], [-83.474525127, 36.665559697], [-83.472348137, 36.66550249], [-83.470524706, 36.664961041], [-83.467991376, 36.664990912], [-83.466970316, 36.66475934], [-83.46475148, 36.664824229], [-83.463064196, 36.664951163], [-83.460968265, 36.664967672], [-83.460124619, 36.665031115], [-83.459948072, 36.665160322], [-83.458239435, 36.665764014], [-83.456469645, 36.665014818], [-83.452678921, 36.664948281], [-83.452222313, 36.665282336], [-83.447544274, 36.665411617], [-83.443721502, 36.667234515], [-83.440313453, 36.667003083], [-83.440358096, 36.666737634], [-83.439686449, 36.666667057], [-83.436664051, 36.666349414], [-83.434404224, 36.666434768], [-83.431943328, 36.666699434], [-83.430597566, 36.66693781], [-83.429186859, 36.667038491], [-83.427821639, 36.66718615], [-83.425639607, 36.667268972], [-83.421994192, 36.668113736], [-83.419001028, 36.668668262], [-83.416462684, 36.669850997], [-83.413561078, 36.670526896], [-83.412867421, 36.670745108], [-83.412128278, 36.670916315], [-83.411054033, 36.671364587], [-83.409627161, 36.671877016], [-83.407001805, 36.673098955], [-83.403451403, 36.674168493], [-83.402411866, 36.674901061], [-83.400060761, 36.675588247], [-83.398448842, 36.676104269], [-83.398048951, 36.67641669], [-83.396147665, 36.677064694], [-83.395067772, 36.677909037], [-83.396018359, 36.679286171], [-83.39541286, 36.679977919], [-83.393347495, 36.681043371], [-83.392798249, 36.682002755], [-83.38902946, 36.683823487], [-83.389798461, 36.684978898], [-83.386274902, 36.68678533], [-83.38521404, 36.686740937], [-83.385012303, 36.686844176], [-83.38411297, 36.686586761], [-83.383064149, 36.687324547], [-83.381272243, 36.687654641], [-83.380466725, 36.688422309], [-83.379711158, 36.68829401], [-83.378131868, 36.68940422], [-83.376792791, 36.689883369], [-83.375801427, 36.690580735], [-83.375316286, 36.690559058], [-83.374230515, 36.690108811], [-83.373299151, 36.690324938], [-83.372605193, 36.690542915], [-83.37066969, 36.69089991], [-83.369502543, 36.691720077], [-83.364580218, 36.694241439], [-83.362576117, 36.694371559], [-83.361402345, 36.693951996], [-83.360308957, 36.693420611], [-83.358631389, 36.69348387], [-83.356254367, 36.695153247], [-83.353451848, 36.696621391], [-83.350402486, 36.697622231], [-83.348058826, 36.699896555], [-83.347538764, 36.700175018], [-83.346313702, 36.700467524], [-83.344411079, 36.700580661], [-83.341551277, 36.701170779], [-83.340022446, 36.701836326], [-83.337764847, 36.7022305], [-83.337084313, 36.702462379], [-83.335278208, 36.702777677], [-83.333336141, 36.703264292], [-83.332061381, 36.703817353], [-83.328830438, 36.704530401], [-83.327790327, 36.704865549], [-83.327174615, 36.705313213], [-83.326005885, 36.705461634], [-83.322479364, 36.706561129], [-83.32094614, 36.70666875], [-83.320060022, 36.706946289], [-83.319668958, 36.707219328], [-83.317869828, 36.707853851], [-83.314338223, 36.708321464], [-83.31117419, 36.709974146], [-83.309495342, 36.710733194], [-83.307212398, 36.711179029], [-83.303197399, 36.711109539], [-83.302209418, 36.71182786], [-83.299215746, 36.712366951], [-83.298919862, 36.712582494], [-83.298366071, 36.712633439], [-83.296625978, 36.713499807], [-83.295670306, 36.713588262], [-83.294066677, 36.712883846], [-83.292019903, 36.71293022], [-83.291482006, 36.712997599], [-83.290229068, 36.713387936], [-83.288393576, 36.713621352], [-83.287537911, 36.71422065], [-83.286798054, 36.714391082], [-83.286130182, 36.714860464], [-83.284197684, 36.715756877], [-83.280110467, 36.716046257], [-83.277520125, 36.716646737], [-83.274786663, 36.717913758], [-83.273530347, 36.718134706], [-83.27229584, 36.718290414], [-83.269443138, 36.718814262], [-83.267003689, 36.719688128], [-83.264414983, 36.720888028], [-83.263085002, 36.721054591], [-83.262390441, 36.721271928], [-83.260912743, 36.721614831], [-83.259521323, 36.722047124], [-83.257101398, 36.722038404], [-83.255196845, 36.722251321], [-83.255031249, 36.722704418], [-83.254082487, 36.723283039], [-83.253916882, 36.723736133], [-83.252714704, 36.72376422], [-83.252385444, 36.723689018], [-83.251477884, 36.723697831], [-83.248873426, 36.724283573], [-83.247833972, 36.725095245], [-83.246088818, 36.725453794], [-83.245308804, 36.726060905], [-83.241758946, 36.725859612], [-83.239905729, 36.726708967], [-83.236882697, 36.726755838], [-83.234848633, 36.727583713], [-83.2335218, 36.727902296], [-83.232059718, 36.728573746], [-83.230851922, 36.72857147], [-83.228461247, 36.729217626], [-83.228175158, 36.729545952], [-83.227219325, 36.72980487], [-83.226327047, 36.730129677], [-83.224195179, 36.73026297], [-83.223166659, 36.730602758], [-83.221808605, 36.730759559], [-83.21884287, 36.731781091], [-83.217041558, 36.733136002], [-83.215984801, 36.733468495], [-83.21406631, 36.733354209], [-83.21310811, 36.733610661], [-83.212533679, 36.733640027], [-83.211775812, 36.734209214], [-83.210306128, 36.734377182], [-83.208134948, 36.735097106], [-83.206909041, 36.735620435], [-83.205823691, 36.735745014], [-83.204756367, 36.736200842], [-83.202980485, 36.73681308], [-83.200943703, 36.737044824], [-83.197916575, 36.738171214], [-83.195672371, 36.738878899], [-83.194748358, 36.739573768], [-83.191185896, 36.739316911], [-83.190490958, 36.739533831], [-83.185725256, 36.739340069], [-83.183773994, 36.739679921], [-83.182174673, 36.739402998], [-83.179311813, 36.739446644], [-83.177886261, 36.739200953], [-83.176285161, 36.739696447], [-83.1750107, 36.73916291], [-83.172268435, 36.740013124], [-83.171772372, 36.739928258], [-83.170064892, 36.74004703], [-83.168172642, 36.740633645], [-83.166863838, 36.740066776], [-83.166312896, 36.739399641], [-83.163286682, 36.739444381], [-83.162950665, 36.73940832], [-83.161473506, 36.739602358], [-83.160781664, 36.739971456], [-83.159735257, 36.740676178], [-83.158035216, 36.741186159], [-83.157299336, 36.741360502], [-83.156075406, 36.741729453], [-83.154863431, 36.741656316], [-83.154280389, 36.741564148], [-83.153465993, 36.741759595], [-83.152825706, 36.74255855], [-83.150167164, 36.742144207], [-83.14310478, 36.741792807], [-83.139446135, 36.742619829], [-83.137108343, 36.743012407], [-83.135017732, 36.7426229], [-83.134760244, 36.743294045], [-83.134282794, 36.743736737], [-83.133813567, 36.744813702], [-83.133103428, 36.746031545], [-83.133899688, 36.746623899], [-83.134077306, 36.748895752], [-83.13420948, 36.749292111], [-83.133637841, 36.749769011], [-83.131170875, 36.749885805], [-83.130085351, 36.749388993], [-83.129585159, 36.749808113], [-83.128204887, 36.750383786], [-83.127762018, 36.751400233], [-83.129092804, 36.753017106], [-83.128568681, 36.754225387], [-83.12867051, 36.755587575], [-83.128244201, 36.756569914], [-83.129079301, 36.758006764], [-83.128195983, 36.758832262], [-83.128251559, 36.759579307], [-83.127412686, 36.759930318], [-83.12687057, 36.760963533], [-83.125626001, 36.761340557], [-83.125580188, 36.761605874], [-83.12738293, 36.762070084], [-83.130538119, 36.763608705], [-83.131149391, 36.763972141], [-83.132431854, 36.764599881], [-83.132379179, 36.765850427], [-83.131296879, 36.766185848], [-83.131321243, 36.767919718], [-83.129939874, 36.768949248], [-83.129293504, 36.769842472], [-83.130113556, 36.770840634], [-83.1327756, 36.771798289], [-83.131994632, 36.772959963], [-83.131543767, 36.773743321], [-83.130084253, 36.774078293], [-83.130046005, 36.774625223], [-83.129110951, 36.775609856], [-83.129060895, 36.776318084], [-83.131013281, 36.778799773], [-83.131216613, 36.779822378], [-83.133035255, 36.782568318], [-83.133253243, 36.784591113], [-83.1303821, 36.785802531], [-83.129130743, 36.785627858], [-83.128421227, 36.785832357], [-83.127693915, 36.786015936], [-83.12632835, 36.786409551], [-83.123221062, 36.786539776], [-83.122711992, 36.787101502], [-83.1222687, 36.787638635], [-83.121715554, 36.787944372], [-83.121186759, 36.788155609], [-83.120598385, 36.789021266], [-83.118543679, 36.789841024], [-83.118185228, 36.790537177], [-83.117907008, 36.791187072], [-83.116996173, 36.792431826], [-83.116110369, 36.793903068], [-83.115234357, 36.794868649], [-83.114302631, 36.796419392], [-83.112150657, 36.798666394], [-83.110634129, 36.800534193], [-83.10845799, 36.801604658], [-83.106051973, 36.802348413], [-83.105849541, 36.802451178], [-83.105499036, 36.803131274], [-83.104210893, 36.804126302], [-83.103663115, 36.805188407], [-83.103426025, 36.807470542], [-83.10347122, 36.809358708], [-83.10253227, 36.811381551], [-83.099051714, 36.812501386], [-83.098448151, 36.813544799], [-83.098532468, 36.813969816], [-83.099121905, 36.815156554], [-83.099096795, 36.818624865], [-83.099281355, 36.821948966], [-83.099032887, 36.822842732], [-83.098383991, 36.823807368], [-83.100660042, 36.825534705], [-83.101895793, 36.826514444], [-83.102159615, 36.8277273], [-83.101881118, 36.828377145], [-83.100242704, 36.830742687], [-83.099045873, 36.831779209], [-83.09777296, 36.83225014], [-83.096680915, 36.832681429], [-83.091705207, 36.834157336], [-83.089597232, 36.835522065], [-83.087885966, 36.837949309], [-83.086066667, 36.838620924], [-83.082514812, 36.839293581], [-83.080268921, 36.840370938], [-83.078637344, 36.840777668], [-83.075333442, 36.840915255], [-83.074796532, 36.8412627], [-83.074953427, 36.841824365], [-83.07390289, 36.845593811], [-83.07490702, 36.847615064], [-83.075267985, 36.849423335], [-83.075922718, 36.850572881], [-83.075699029, 36.850966796], [-83.074202697, 36.852937824], [-83.073130945, 36.854036212], [-83.072830547, 36.854563308], [-83.072330909, 36.854386932], [-83.070776458, 36.853653328], [-83.068767758, 36.853191596], [-83.067083014, 36.851928694], [-83.063441472, 36.851786747], [-83.060597609, 36.854004834], [-83.057265171, 36.853239447], [-83.053396586, 36.852107749], [-83.049300112, 36.851994326], [-83.047977301, 36.851608491], [-83.047389689, 36.851661085], [-83.045006372, 36.852583657], [-83.044508109, 36.853015405], [-83.044071049, 36.853187727], [-83.042267234, 36.854781028], [-83.038301351, 36.855116334], [-83.037409804, 36.854853058], [-83.036761956, 36.854989879], [-83.036034437, 36.854030663], [-83.033346058, 36.854335132], [-83.030593484, 36.855238592], [-83.027943647, 36.855536563], [-83.026727011, 36.855525166], [-83.02611124, 36.855031954], [-83.025853439, 36.853544981], [-83.02465163, 36.851681257], [-83.023840491, 36.851310448], [-83.022342306, 36.849995251], [-83.019816073, 36.850015028], [-83.015497743, 36.848793174], [-83.014211272, 36.847800644], [-83.012789077, 36.846987644], [-83.011014186, 36.847812955], [-83.007940286, 36.847272641], [-83.007609712, 36.847555631], [-83.006502011, 36.847657187], [-83.005758644, 36.849077875], [-83.004057105, 36.850755685], [-83.003319254, 36.852573939], [-83.001436484, 36.853985005], [-83.000656378, 36.854740762], [-82.999047234, 36.855887983], [-82.99844261, 36.85651285], [-82.998106147, 36.856476332], [-82.997932888, 36.856609561], [-82.996799609, 36.856841299], [-82.995775124, 36.857186193], [-82.994683131, 36.857304144], [-82.993617327, 36.857762786], [-82.99185239, 36.857807646], [-82.991480831, 36.858094598], [-82.990020924, 36.858723687], [-82.988372792, 36.859203509], [-82.987518908, 36.859000956], [-82.986597916, 36.858569386], [-82.985290729, 36.858845479], [-82.984032394, 36.858474372], [-82.982671837, 36.85897903], [-82.980995606, 36.859052379], [-82.980112056, 36.859387128], [-82.9786376, 36.859746332], [-82.977371397, 36.859374298], [-82.975637233, 36.859487733], [-82.974169914, 36.859055788], [-82.973432814, 36.859104448], [-82.972170106, 36.858192149], [-82.971839737, 36.85767687], [-82.970830373, 36.85756709], [-82.970060472, 36.85765017], [-82.969182143, 36.858046649], [-82.967949602, 36.859257707], [-82.966757928, 36.859286437], [-82.966098626, 36.859854544], [-82.964469329, 36.860500819], [-82.963648247, 36.861380736], [-82.962756664, 36.861393517], [-82.961581464, 36.862429159], [-82.96022348, 36.862519974], [-82.960004826, 36.862605982], [-82.959449699, 36.862655363], [-82.958275013, 36.863091312], [-82.956282048, 36.863121402], [-82.954468142, 36.864055767], [-82.953311374, 36.864419714], [-82.952123869, 36.865692567], [-82.951475728, 36.866272386], [-82.951057082, 36.86604729], [-82.949839812, 36.865823893], [-82.949087591, 36.866386028], [-82.946563619, 36.865853414], [-82.944670711, 36.866656562], [-82.94275361, 36.866253351], [-82.942587688, 36.866114897], [-82.942143428, 36.866921734], [-82.94088227, 36.867162271], [-82.938495656, 36.867220969], [-82.936974271, 36.867906131], [-82.936385556, 36.869199804], [-82.934556918, 36.869986592], [-82.93362773, 36.870273822], [-82.932908183, 36.870465652], [-82.931846066, 36.870136515], [-82.930018521, 36.870794541], [-82.928150727, 36.870216978], [-82.9275919, 36.870698735], [-82.925657451, 36.871309136], [-82.924673693, 36.872745502], [-82.922311564, 36.873959618], [-82.920721927, 36.873460876], [-82.920032087, 36.873605195], [-82.918107655, 36.873730864], [-82.917310314, 36.873358705], [-82.916867935, 36.873665185], [-82.915690835, 36.873868198], [-82.91427556, 36.873962825], [-82.912587325, 36.874253587], [-82.909964045, 36.87417819], [-82.909263081, 36.874781618], [-82.907805098, 36.874753242], [-82.90731773, 36.87543702], [-82.907890593, 36.877313696], [-82.907731642, 36.879070278], [-82.90606984, 36.879849576], [-82.904326133, 36.880043367], [-82.902103029, 36.880738038], [-82.900200971, 36.881678958], [-82.898489361, 36.881994445], [-82.896599261, 36.881908141], [-82.895398915, 36.882226698], [-82.894823222, 36.882254545], [-82.894256645, 36.883341441], [-82.892688241, 36.883482445], [-82.891686271, 36.883693844], [-82.89079441, 36.883706093], [-82.888628443, 36.885215647], [-82.888401402, 36.885606848], [-82.887957186, 36.886713449], [-82.885415229, 36.887831242], [-82.884301868, 36.888689312], [-82.881224679, 36.889087416], [-82.879402847, 36.889099146], [-82.878856527, 36.889157595], [-82.87854417, 36.889773865], [-82.877911991, 36.892568411], [-82.878555673, 36.893690628], [-82.877946745, 36.895091739], [-82.875918103, 36.896548576], [-82.871002478, 36.897611012], [-82.870104398, 36.897930788], [-82.869879486, 36.898324312], [-82.867919057, 36.899727265], [-82.868486151, 36.901267763], [-82.869605638, 36.901546699], [-82.870987965, 36.902614712], [-82.872123658, 36.903136156], [-82.873286326, 36.904112495], [-82.874057689, 36.905544379], [-82.875024304, 36.906811786], [-82.876854535, 36.907438792], [-82.877601982, 36.907943006], [-82.876554436, 36.909990914], [-82.874213013, 36.911622595], [-82.87301629, 36.913132506], [-82.87147506, 36.913677546], [-82.870313361, 36.91609729], [-82.869050575, 36.91661367], [-82.867023692, 36.917327218], [-82.867288851, 36.91884729], [-82.866212952, 36.919747372], [-82.864863978, 36.92144963], [-82.863910724, 36.922246979], [-82.863025777, 36.92352277], [-82.860951927, 36.925016737], [-82.859867502, 36.925569485], [-82.858567273, 36.927798689], [-82.858025589, 36.928360227], [-82.857798257, 36.928751362], [-82.857872347, 36.929181873], [-82.858218207, 36.929819577], [-82.858327902, 36.932689062], [-82.85986844, 36.933926542], [-82.860300201, 36.935262138], [-82.860550981, 36.93807737], [-82.861574363, 36.939555922], [-82.861769466, 36.940151742], [-82.862194227, 36.940935341], [-82.862471381, 36.941157891], [-82.861703306, 36.942332448], [-82.861399302, 36.944751084], [-82.860757975, 36.94596698], [-82.86010968, 36.94763195], [-82.859931438, 36.949065424], [-82.856182285, 36.952551101], [-82.855702479, 36.954202846], [-82.856249292, 36.954144504], [-82.857270428, 36.953952287], [-82.858442993, 36.953844236], [-82.858955243, 36.955423058], [-82.860946093, 36.956103675], [-82.861511577, 36.957153995], [-82.86308221, 36.957875127], [-82.864516439, 36.957865363], [-82.865919053, 36.95856594], [-82.865479761, 36.960004611], [-82.865455037, 36.960341919], [-82.866918824, 36.961653177], [-82.867424645, 36.964211142], [-82.86994146, 36.964953379], [-82.870065497, 36.965116898], [-82.870046146, 36.966107362], [-82.870986621, 36.967891346], [-82.871170302, 36.968583023], [-82.868890837, 36.969503513], [-82.868873439, 36.970513196], [-82.868421947, 36.971838607], [-82.86988369, 36.973056646], [-82.869597363, 36.973386438], [-82.869215063, 36.974244252], [-82.868498088, 36.975067547], [-82.868535148, 36.976467549], [-82.86686604, 36.978077832], [-82.865133072, 36.978667406], [-82.863835577, 36.979631979], [-82.862796689, 36.980120117], [-82.861694112, 36.979845218], [-82.860724971, 36.97851208], [-82.858957338, 36.97852334], [-82.858173585, 36.978342458], [-82.856825399, 36.978925493], [-82.857026073, 36.979657076], [-82.85600946, 36.982567842], [-82.854924153, 36.98369708], [-82.85353828, 36.985448071], [-82.852326023, 36.98503436], [-82.851236012, 36.984384826], [-82.850579014, 36.98406362], [-82.849503727, 36.983422016], [-82.847398608, 36.984065611], [-82.844912434, 36.983632546], [-82.842594818, 36.985976108], [-82.83988202, 36.98729213], [-82.838137995, 36.986986792], [-82.837183068, 36.987044661], [-82.836955449, 36.987435747], [-82.836023958, 36.988664091], [-82.835053618, 36.991626312], [-82.832489615, 36.992206666], [-82.832266486, 36.992602463], [-82.830132988, 36.994190959], [-82.83010816, 36.995436409], [-82.829022261, 36.997367956], [-82.829390325, 36.999425282], [-82.829944568, 36.999887381], [-82.830068575, 37.00005094], [-82.830485597, 37.000424058], [-82.830413585, 37.001981121], [-82.829932296, 37.003848081], [-82.829050184, 37.004644639], [-82.828548536, 37.005793407], [-82.827082834, 37.006050715], [-82.825623555, 37.006589604], [-82.824338667, 37.005660789], [-82.823782648, 37.004497294], [-82.823427425, 37.004063354], [-82.82225904, 37.004294108], [-82.820352541, 37.006082703], [-82.81893076, 37.00651581], [-82.817676538, 37.005989451], [-82.816861219, 37.006045625], [-82.817066096, 37.006872801], [-82.816767155, 37.007241245], [-82.815825595, 37.007418715], [-82.81524995, 37.00695631], [-82.814678311, 37.005896644], [-82.813125318, 37.005208576], [-82.810843194, 37.006964223], [-82.809179744, 37.007155239], [-82.80795683, 37.006543508], [-82.807092386, 37.007118002], [-82.804133632, 37.007225695], [-82.799232643, 37.008382715], [-82.798013995, 37.009378623], [-82.797812845, 37.00948322], [-82.796889836, 37.008815655], [-82.795408403, 37.006426559], [-82.79431202, 37.005632175], [-82.794091156, 37.005288949], [-82.792811808, 37.005840929], [-82.791279242, 37.006352356], [-82.788706501, 37.008576224], [-82.787147953, 37.008584182], [-82.785167344, 37.008127453], [-82.784135586, 37.008132122], [-82.783075489, 37.007888657], [-82.782261599, 37.008041917], [-82.78164714, 37.008658567], [-82.781238794, 37.00887127], [-82.781462139, 37.009713255], [-82.778426451, 37.012891325], [-82.778296685, 37.014163308], [-82.777091002, 37.015853245], [-82.774298711, 37.015385082], [-82.771940529, 37.015826442], [-82.771567872, 37.0164866], [-82.770249695, 37.017555796], [-82.769033324, 37.019711281], [-82.767032747, 37.021083304], [-82.766396635, 37.022935228], [-82.765164635, 37.02385125], [-82.764941056, 37.024246917], [-82.762576065, 37.024664146], [-82.761399623, 37.026141761], [-82.758668924, 37.02746484], [-82.753802548, 37.026668172], [-82.751971066, 37.02576482], [-82.751498479, 37.025343031], [-82.750996219, 37.024455396], [-82.750304032, 37.023443296], [-82.749758893, 37.023503518], [-82.747809613, 37.02446483], [-82.747996721, 37.026215376], [-82.747615432, 37.027328656], [-82.746189468, 37.028742706], [-82.745448047, 37.030052788], [-82.745405866, 37.032109638], [-82.745841087, 37.033583422], [-82.745074592, 37.034341565], [-82.743778655, 37.03663596], [-82.743780296, 37.039876254], [-82.743714826, 37.041100437], [-82.742995828, 37.041922961], [-82.74270909, 37.042881922], [-82.740783404, 37.042760111], [-82.739763258, 37.043283227], [-82.737607133, 37.043849845], [-82.736115963, 37.04386678], [-82.73346887, 37.044564969], [-82.732714804, 37.04334316], [-82.731163315, 37.043442082], [-82.729835013, 37.042532767], [-82.728039061, 37.042646873], [-82.727057163, 37.041963802], [-82.724170226, 37.042726102], [-82.723579482, 37.04200387], [-82.723110534, 37.041922444], [-82.721805391, 37.041860493], [-82.720521265, 37.041095354], [-82.718912177, 37.040615319], [-82.71897857, 37.039718609], [-82.719170845, 37.039049164], [-82.718099093, 37.036121273], [-82.717012563, 37.034792838], [-82.716160946, 37.034643691], [-82.715109112, 37.034592782], [-82.713905421, 37.033874472], [-82.713248579, 37.033552527], [-82.712362159, 37.032892546], [-82.711230667, 37.032146285], [-82.710706537, 37.031503156], [-82.709396707, 37.032023529], [-82.706688863, 37.033166426], [-82.705317507, 37.032589988], [-82.70262078, 37.032500432], [-82.702648196, 37.034432028], [-82.701962715, 37.035274964], [-82.701064584, 37.036225307], [-82.698889227, 37.039866793], [-82.69449846, 37.042798054], [-82.692776742, 37.04330643], [-82.692091103, 37.044164098], [-82.69149594, 37.045745768], [-82.690893975, 37.047005604], [-82.690298765, 37.048587266], [-82.688557264, 37.050853003], [-82.685298121, 37.052382228], [-82.684806071, 37.053238099], [-82.683654488, 37.053606807], [-82.682266633, 37.054992816], [-82.680606726, 37.05656199], [-82.679814574, 37.05905968], [-82.676364265, 37.061351211], [-82.674987918, 37.060860522], [-82.672258457, 37.059271186], [-82.669648366, 37.05912724], [-82.669479516, 37.058990202], [-82.668794649, 37.058045973], [-82.66743075, 37.058069885], [-82.666635118, 37.057592862], [-82.665108896, 37.05641154], [-82.66316407, 37.055855455], [-82.663043342, 37.055689951], [-82.659717607, 37.056433789], [-82.657873815, 37.055764204], [-82.656405537, 37.054889159], [-82.654525196, 37.054557673], [-82.651887892, 37.055880576], [-82.65079855, 37.05582708], [-82.649580448, 37.055100166], [-82.646031302, 37.055307578], [-82.643670183, 37.053900002], [-82.642332029, 37.054199], [-82.641514546, 37.05491926], [-82.641095779, 37.05469311], [-82.63819049, 37.054279016], [-82.637115046, 37.053730498], [-82.634854728, 37.053107127], [-82.634577055, 37.053336061], [-82.633779214, 37.05296206], [-82.632333482, 37.053052509], [-82.630401906, 37.052334669], [-82.628908734, 37.052643724], [-82.627881503, 37.052320186], [-82.627566975, 37.051321835], [-82.626987828, 37.050479913], [-82.626625559, 37.049746646], [-82.625542217, 37.047826076], [-82.62617736, 37.047387698], [-82.627442872, 37.047104032], [-82.629540279, 37.044931425], [-82.629298341, 37.043425695], [-82.629422941, 37.042987485], [-82.62836427, 37.041690771], [-82.626459778, 37.0407498], [-82.626547229, 37.039608194], [-82.626417588, 37.039447985], [-82.624811032, 37.038717624], [-82.624595958, 37.0362135], [-82.623499145, 37.035725813], [-82.622150474, 37.035338914], [-82.621153529, 37.034699662], [-82.618826346, 37.033899447], [-82.618271608, 37.033132001], [-82.618859563, 37.032358843], [-82.617526732, 37.031392683], [-82.61739598, 37.030121108], [-82.618101085, 37.029487771], [-82.61840971, 37.028550381], [-82.616360587, 37.027117733], [-82.61450985, 37.026611364], [-82.613281831, 37.025720204], [-82.614304351, 37.024801173], [-82.614884556, 37.023594083], [-82.614129123, 37.02255493], [-82.613779141, 37.021814506], [-82.609926613, 37.021536868], [-82.608200086, 37.020968183], [-82.605213764, 37.020727883], [-82.605016833, 37.020836888], [-82.604327577, 37.020280387], [-82.603955739, 37.019095938], [-82.602142573, 37.019930854], [-82.600642958, 37.018090205], [-82.599531479, 37.017894272], [-82.597864697, 37.017813782], [-82.597091146, 37.016444998], [-82.595142968, 37.015528106], [-82.593827599, 37.015926245], [-82.592993519, 37.015562642], [-82.592338366, 37.014758455], [-82.589411006, 37.013761631], [-82.58659841, 37.015118443], [-82.5856448, 37.014762551], [-82.584568718, 37.014118305], [-82.583926225, 37.013883798], [-82.582941451, 37.012719448], [-82.580602828, 37.011348763], [-82.579145125, 37.011523778], [-82.577542995, 37.013017877], [-82.575480553, 37.013150562], [-82.570230823, 37.014809028], [-82.569402438, 37.015379728], [-82.568091909, 37.015898572], [-82.567669483, 37.015189992], [-82.567552084, 37.013478181], [-82.568258563, 37.012289595], [-82.568617941, 37.011089622], [-82.568826189, 37.010992503], [-82.570754838, 37.011020323], [-82.572355755, 37.010276198], [-82.574348885, 37.009605517], [-82.575218822, 37.008462659], [-82.575277173, 37.005747957], [-82.575094523, 37.003980269], [-82.575702761, 37.003378576], [-82.57614618, 37.002619], [-82.575808106, 37.00068603], [-82.575828381, 36.999726991], [-82.575631983, 36.999550785], [-82.574271858, 36.997805566], [-82.573659225, 36.9961144], [-82.572313521, 36.996369445], [-82.572441497, 36.999018399], [-82.570907977, 37.000074285], [-82.569875864, 36.999455916], [-82.568546162, 36.999057755], [-82.567950382, 36.998699491], [-82.56678021, 36.998443822], [-82.5637051, 36.9976748], [-82.562856941, 36.996500165], [-82.562688428, 36.996362974], [-82.562351758, 36.996650638], [-82.560812215, 36.997234576], [-82.559697717, 36.996953378], [-82.559227285, 36.9954872], [-82.55824415, 36.994124147], [-82.557038946, 36.994225741], [-82.555824505, 36.994630535], [-82.554049174, 36.993654046], [-82.553928788, 36.993488428], [-82.553041747, 36.993820023], [-82.551089955, 36.993981544], [-82.548644741, 36.992063595], [-82.546740368, 36.992259939], [-82.545459422, 36.9928093], [-82.545471737, 36.993512152], [-82.54622414, 36.994783962], [-82.545141997, 36.996207103], [-82.544418585, 36.995990745], [-82.542489952, 36.996972414], [-82.540361826, 36.996298422], [-82.539041644, 36.996782052], [-82.538606927, 36.997610121], [-82.537906401, 36.998452733], [-82.536542418, 36.998466591], [-82.535169075, 36.99722855], [-82.534424447, 36.996314606], [-82.532355686, 36.996720481], [-82.52983039, 36.998503391], [-82.528994976, 36.998356767], [-82.527944929, 36.998416342], [-82.527761398, 36.998051327], [-82.526774787, 36.997450333], [-82.526305453, 36.996514422], [-82.527225978, 36.9954071], [-82.526890071, 36.994224172], [-82.5253986, 36.993372067], [-82.523745942, 36.992979355], [-82.52157873, 36.993498646], [-82.521207336, 36.993873167], [-82.520522358, 36.993622941], [-82.52035608, 36.992008983], [-82.520068455, 36.991418845], [-82.520284184, 36.990659184], [-82.520357048, 36.989739788], [-82.521772829, 36.986406175], [-82.523777606, 36.987254742], [-82.525532308, 36.987099004], [-82.525922081, 36.986830073], [-82.52385859, 36.985461503], [-82.524381987, 36.983641901], [-82.522364907, 36.98290605], [-82.522417842, 36.982244306], [-82.522641034, 36.981458014], [-82.522686084, 36.980913709], [-82.523911696, 36.979988608], [-82.524732669, 36.977667865], [-82.52633169, 36.97601559], [-82.526642027, 36.975281343], [-82.526133824, 36.974871388], [-82.525527472, 36.974025701], [-82.523873321, 36.973288361], [-82.52200392, 36.973293808], [-82.519344368, 36.970744577], [-82.516954142, 36.970794927], [-82.516268647, 36.971022124], [-82.515721448, 36.971078925], [-82.51526858, 36.97074909], [-82.515028055, 36.969027431], [-82.513925424, 36.968698476], [-82.513027605, 36.968882759], [-82.513599633, 36.966796067], [-82.513699238, 36.965847971], [-82.513938635, 36.964928275], [-82.514002904, 36.964293153], [-82.514889019, 36.962974991], [-82.515412475, 36.960963127], [-82.514434721, 36.960242511], [-82.51273438, 36.959791366], [-82.512222233, 36.959182264], [-82.512065921, 36.9590379], [-82.511990786, 36.95860896], [-82.511362604, 36.956790837], [-82.513724974, 36.955693692], [-82.51471583, 36.95304345], [-82.516138348, 36.952584333], [-82.5182815, 36.952221028], [-82.5192873, 36.951750939], [-82.51903965, 36.950896914], [-82.518193117, 36.950134019], [-82.517770778, 36.949266683], [-82.518847143, 36.948170639], [-82.51841129, 36.94748139], [-82.517512583, 36.946828831], [-82.517500538, 36.946125961], [-82.51531247, 36.945761534], [-82.514183133, 36.945256269], [-82.513163491, 36.945595859], [-82.512407613, 36.944984679], [-82.511848283, 36.943231333], [-82.510277948, 36.942864462], [-82.503739563, 36.942990637], [-82.502334807, 36.943455824], [-82.501720854, 36.943925522], [-82.500843967, 36.944099365], [-82.499773915, 36.944553615], [-82.49867988, 36.944667067], [-82.498151499, 36.945374598], [-82.496748588, 36.945651873], [-82.49675214, 36.946489047], [-82.496262884, 36.946862889], [-82.495284441, 36.947299956], [-82.494186336, 36.948365909], [-82.493695597, 36.948585321], [-82.493831564, 36.950052319], [-82.489652874, 36.949919576], [-82.489910822, 36.951541908], [-82.489402963, 36.952283422], [-82.489173633, 36.952673856], [-82.490273279, 36.953032325], [-82.490537859, 36.95398344], [-82.490137798, 36.954811061], [-82.490245655, 36.955886092], [-82.489505333, 36.956178799], [-82.488654759, 36.956900711], [-82.486066797, 36.957302136], [-82.483929678, 36.957792368], [-82.483592197, 36.958806645], [-82.48420248, 36.958697941], [-82.48502946, 36.95887357], [-82.485346975, 36.959828553], [-82.484495059, 36.961797015], [-82.484471734, 36.962781198], [-82.48582711, 36.96391866], [-82.487639524, 36.963945414], [-82.488618752, 36.964155072], [-82.48857065, 36.966279628], [-82.489553294, 36.96759268], [-82.487950052, 36.968777082], [-82.487119601, 36.970538783], [-82.485128665, 36.97200911], [-82.483549673, 36.972336178], [-82.482767128, 36.97336157], [-82.481902154, 36.973762759], [-82.482037983, 36.974270418], [-82.480741808, 36.977336199], [-82.479645554, 36.977886693], [-82.479190921, 36.97834892], [-82.479945673, 36.979896262], [-82.479433384, 36.98064571], [-82.479397462, 36.981093861], [-82.480397433, 36.981589053], [-82.481392953, 36.982816971], [-82.482756123, 36.984046163], [-82.481116237, 36.984617821], [-82.479849617, 36.985130106], [-82.478747147, 36.987395727], [-82.476431841, 36.989051277], [-82.474925749, 36.989388607], [-82.472829917, 36.99023629], [-82.471649275, 36.990024955], [-82.471030645, 36.99107724], [-82.470065752, 36.990905016], [-82.46848521, 36.989955443], [-82.465907029, 36.989013729], [-82.464909647, 36.989697835], [-82.46291952, 36.98972894], [-82.462383768, 36.989294451], [-82.461835665, 36.988264773], [-82.459906451, 36.987814564], [-82.458886027, 36.988595342], [-82.456567007, 36.987661535], [-82.456516325, 36.985656769], [-82.456396168, 36.985491054], [-82.456271127, 36.985322674], [-82.453525218, 36.985316869], [-82.453316892, 36.98541379], [-82.452692757, 36.985140431], [-82.451289562, 36.985119287], [-82.450677298, 36.984604243], [-82.450307847, 36.984112399], [-82.449907442, 36.983775546], [-82.449365711, 36.982152701], [-82.448779074, 36.98202725], [-82.44773189, 36.982012472], [-82.447284935, 36.981636535], [-82.447038658, 36.981308632], [-82.445794615, 36.980386162], [-82.444469593, 36.979274899], [-82.443594553, 36.979302783], [-82.442213232, 36.979706634], [-82.441323695, 36.979563807], [-82.440304788, 36.979497213], [-82.439728681, 36.97940249], [-82.438330266, 36.980326331], [-82.437505974, 36.978884882], [-82.436856825, 36.978557882], [-82.436243424, 36.978196883], [-82.433959721, 36.979219192], [-82.433796425, 36.980760285], [-82.433450061, 36.981274772], [-82.430584888, 36.980834402], [-82.42909122, 36.979809527], [-82.428560106, 36.979821276], [-82.427828885, 36.979634977], [-82.426226201, 36.979941754], [-82.424975176, 36.979117569], [-82.424080347, 36.979341719], [-82.423896757, 36.979787968], [-82.423938542, 36.980969786], [-82.422813155, 36.983424797], [-82.420753214, 36.982897836], [-82.419800583, 36.98330561], [-82.419812168, 36.983653499], [-82.419652673, 36.984041188], [-82.419690021, 36.985114733], [-82.418020402, 36.985904118], [-82.416247624, 36.985935812], [-82.415738529, 36.986032422], [-82.415286012, 36.985702214], [-82.415080867, 36.984225036], [-82.41378921, 36.984298505], [-82.412900163, 36.984622562], [-82.411076607, 36.983346631], [-82.41018756, 36.983670668], [-82.409631181, 36.983717514], [-82.409315195, 36.984152974], [-82.409316778, 36.984628648], [-82.408702515, 36.986253912], [-82.408758356, 36.988487664], [-82.406518134, 36.98834368], [-82.405200921, 36.988614934], [-82.404132739, 36.989520928], [-82.401653261, 36.988732643], [-82.401058549, 36.989237927], [-82.400671873, 36.988900332], [-82.400704819, 36.988251049], [-82.401307281, 36.986353961], [-82.398494361, 36.98421963], [-82.396793132, 36.983713905], [-82.395880616, 36.982919333], [-82.395611593, 36.982144916], [-82.393332987, 36.982621863], [-82.391609804, 36.981796561], [-82.390395317, 36.981360759], [-82.389291126, 36.979942061], [-82.387422133, 36.980264611], [-82.383882267, 36.980648928], [-82.382839657, 36.980828535], [-82.380642601, 36.980245125], [-82.379466888, 36.980447628], [-82.378989156, 36.980241202], [-82.380135509, 36.978602481], [-82.38129417, 36.977408966], [-82.380310988, 36.975917251], [-82.379336173, 36.974599772], [-82.378791096, 36.974658321], [-82.377760949, 36.974843519], [-82.375309967, 36.975103985], [-82.373883114, 36.975182787], [-82.372005237, 36.976051462], [-82.371184332, 36.974905674], [-82.370905557, 36.973293136], [-82.368943696, 36.972717188], [-82.367734015, 36.971700471], [-82.367369381, 36.970600175], [-82.366228797, 36.970582504], [-82.36568208, 36.970342808], [-82.365659417, 36.969647016], [-82.365514792, 36.96829909], [-82.365627746, 36.968005482], [-82.365125448, 36.966426668], [-82.364059804, 36.964874658], [-82.365513944, 36.96458775], [-82.36537166, 36.963578239], [-82.364924298, 36.962168402], [-82.363998765, 36.961418529], [-82.363513225, 36.96050946], [-82.363441951, 36.960078657], [-82.363364657, 36.959651397], [-82.36218014, 36.958045673], [-82.363676612, 36.955903753], [-82.361300256, 36.955599605], [-82.360170607, 36.956401016], [-82.359025281, 36.956059348], [-82.358805666, 36.95614426], [-82.358195954, 36.957695931], [-82.357330102, 36.957747459], [-82.355805266, 36.956694705], [-82.354186684, 36.956971221], [-82.353133554, 36.957443124], [-82.352192067, 36.957716378], [-82.352710725, 36.958356639], [-82.353702671, 36.959255782], [-82.353659194, 36.961816632], [-82.354385176, 36.962176133], [-82.355021561, 36.962965041], [-82.35504622, 36.965491366], [-82.355279469, 36.96695509], [-82.354557838, 36.967697228], [-82.349606272, 36.969365467], [-82.348903217, 36.971014279], [-82.34806546, 36.97187632], [-82.348542921, 36.973661648], [-82.346100906, 36.974748934], [-82.346056098, 36.975284893], [-82.345802691, 36.975655493], [-82.345483436, 36.976223606], [-82.344435848, 36.976429793], [-82.343364385, 36.97688265], [-82.341862122, 36.977034921], [-82.340649474, 36.978708092], [-82.339654814, 36.980845702], [-82.338131685, 36.981519717], [-82.337487198, 36.982410066], [-82.337490897, 36.983543344], [-82.3366165, 36.984208825], [-82.334734331, 36.984556571], [-82.333850191, 36.98457418], [-82.332920192, 36.982739311], [-82.332306644, 36.982629228], [-82.328230037, 36.984349965], [-82.327647668, 36.984245527], [-82.326786222, 36.985700786], [-82.324470087, 36.986085559], [-82.323510477, 36.985914834], [-82.320694266, 36.987352141], [-82.319986843, 36.987051635], [-82.319735898, 36.987422478], [-82.319693108, 36.987829748], [-82.319417466, 36.988874123], [-82.317669652, 36.989088999], [-82.317524767, 36.990429398], [-82.316000165, 36.991225597], [-82.315297916, 36.992077569], [-82.314597835, 36.992815651], [-82.314543451, 36.993329392], [-82.314464077, 36.993628921], [-82.313030484, 36.993959915], [-82.312298692, 36.994316033], [-82.313749711, 36.995056519], [-82.315325664, 36.998296828], [-82.315923834, 36.998855426], [-82.315994141, 37.000266872], [-82.316257351, 37.00082107], [-82.316400647, 37.001792759], [-82.315373904, 37.002757787], [-82.314536132, 37.004329832], [-82.31371321, 37.00512154], [-82.312918494, 37.006182775], [-82.311649093, 37.006743873], [-82.310608023, 37.007538149], [-82.308715584, 37.006990338], [-82.307515273, 37.006215026], [-82.306207456, 37.006649096], [-82.303786621, 37.006693991], [-82.303791475, 37.008036697], [-82.303038484, 37.008113472], [-82.302006194, 37.007767329], [-82.301151339, 37.006386736], [-82.300797152, 37.006122242], [-82.300265495, 37.005072343], [-82.299494505, 37.004489695], [-82.29923135, 37.00226145], [-82.300902075, 37.000733882], [-82.300745484, 36.998437492], [-82.299109068, 36.996954912], [-82.298595257, 36.996784194], [-82.297615585, 36.995469608], [-82.296678125, 36.99413024], [-82.295554599, 36.993435404], [-82.294262341, 36.991835645], [-82.293435251, 36.991470573], [-82.289805227, 36.995113922], [-82.289193021, 36.99541806], [-82.288298291, 36.9960302], [-82.287007757, 36.997229074], [-82.285983399, 36.998048318], [-82.285438078, 36.998106445], [-82.284675628, 36.998351111], [-82.282616741, 36.997906402], [-82.280896124, 36.99869882], [-82.279468722, 36.998776506], [-82.278937, 36.999168014], [-82.276849206, 37.000129749], [-82.275709546, 37.000510871], [-82.274310626, 37.001538708], [-82.273578955, 37.001078735], [-82.273077228, 37.000900834], [-82.272954439, 37.000736707], [-82.272026817, 36.99995626], [-82.27152244, 36.998979055], [-82.271005706, 36.997414927], [-82.269269487, 36.996286125], [-82.268991731, 36.994664788], [-82.267971031, 36.994213952], [-82.266630984, 36.993819543], [-82.266048748, 36.993452716], [-82.265045433, 36.993096848], [-82.26418614, 36.991947893], [-82.262459907, 36.990490359], [-82.262431473, 36.989671185], [-82.261604563, 36.989305895], [-82.260189826, 36.990346556], [-82.259089256, 36.989979487], [-82.257923236, 36.989080687], [-82.254539069, 36.990210551], [-82.253417862, 36.991667388], [-82.252058091, 36.992105495], [-82.251307456, 36.99218432], [-82.24894384, 36.993807305], [-82.248526607, 36.99357979], [-82.247982796, 36.993426539], [-82.247016219, 36.993438301], [-82.247095612, 36.994677649], [-82.246638189, 36.995696901], [-82.243864625, 36.994920105], [-82.242801348, 36.996497663], [-82.243235868, 36.997864421], [-82.243248358, 36.998565531], [-82.242168377, 36.999551413], [-82.2421442, 37.000406855], [-82.240816068, 37.001383289], [-82.240313632, 37.002441756], [-82.237582193, 37.001813413], [-82.235884126, 37.003060205], [-82.234423253, 37.00350557], [-82.234721037, 37.004507889], [-82.231790625, 37.005082623], [-82.231794754, 37.006175962], [-82.231427371, 37.006679167], [-82.234087062, 37.007622818], [-82.234468992, 37.009852367], [-82.234467814, 37.011568674], [-82.234921002, 37.011950438], [-82.235233134, 37.012948052], [-82.236089209, 37.01409897], [-82.236196896, 37.015170358], [-82.234459581, 37.01526484], [-82.232859182, 37.015548347], [-82.232352942, 37.014873005], [-82.231676717, 37.014302868], [-82.227510165, 37.013325713], [-82.225640249, 37.013294921], [-82.224753937, 37.014841967], [-82.225359606, 37.016139674], [-82.225996976, 37.01712182], [-82.228622278, 37.018875439], [-82.229398959, 37.0203238], [-82.226630118, 37.022225506], [-82.227354707, 37.023722859], [-82.228134637, 37.024429634], [-82.226718769, 37.025469887], [-82.225625178, 37.026511191], [-82.223343045, 37.026976339], [-82.221209825, 37.028014497], [-82.220573965, 37.029123128], [-82.219929989, 37.029710813], [-82.218506072, 37.028839121], [-82.217348521, 37.030788332], [-82.216939993, 37.030990843], [-82.2164382, 37.030812709], [-82.215201056, 37.030266832], [-82.213984466, 37.031158635], [-82.211231616, 37.030134154], [-82.209878419, 37.030111812], [-82.208478237, 37.029807132], [-82.207375503, 37.032718068], [-82.206177197, 37.032339331], [-82.205484288, 37.03190242], [-82.203738281, 37.032084295], [-82.202795039, 37.031880709], [-82.201289314, 37.031897811], [-82.200153066, 37.031619159], [-82.196578466, 37.03088032], [-82.196307997, 37.030094524], [-82.195507661, 37.028674881], [-82.195529806, 37.027717693], [-82.193070982, 37.027238163], [-82.191135655, 37.027816627], [-82.189836484, 37.027749537], [-82.188202829, 37.026764513], [-82.187438053, 37.026627847], [-82.184232796, 37.026563205], [-82.184028499, 37.026664404], [-82.183596064, 37.027153675], [-82.18382822, 37.02772582], [-82.183106218, 37.028543237], [-82.182861674, 37.029235948], [-82.183838669, 37.029950944], [-82.182832179, 37.031386712], [-82.181471264, 37.032415936], [-82.180895822, 37.033499677], [-82.180357069, 37.034198666], [-82.179902241, 37.035053187], [-82.179104405, 37.035728674], [-82.178884352, 37.035813255], [-82.177589915, 37.035835383], [-82.176454755, 37.036734135], [-82.175543854, 37.037612207], [-82.173696519, 37.039014469], [-82.172241572, 37.038671352], [-82.171107984, 37.039532193], [-82.169650753, 37.040009025], [-82.168648295, 37.040973751], [-82.167930592, 37.041045348], [-82.166621528, 37.040150304], [-82.165847366, 37.040149844], [-82.164820514, 37.039486032], [-82.164072861, 37.039689451], [-82.162933128, 37.040553748], [-82.161964426, 37.039131327], [-82.161352927, 37.037191978], [-82.159965089, 37.037310965], [-82.156740707, 37.039809922], [-82.155801043, 37.0401201], [-82.154743306, 37.039795109], [-82.154256437, 37.040127923], [-82.153429482, 37.040309445], [-82.151365484, 37.041299541], [-82.150817498, 37.041354686], [-82.150121579, 37.041583023], [-82.149614321, 37.041463166], [-82.149082027, 37.041463034], [-82.147932704, 37.040562946], [-82.146745749, 37.04028216], [-82.145869606, 37.040669365], [-82.144529293, 37.041958546], [-82.142308726, 37.040215901], [-82.141309091, 37.039867898], [-82.140942283, 37.040176477], [-82.139276258, 37.04069016], [-82.138775348, 37.041630167], [-82.13828563, 37.042064074], [-82.137652151, 37.04325303], [-82.135662699, 37.043655315], [-82.1347783, 37.043280406], [-82.134593806, 37.041908152], [-82.133560283, 37.041568853], [-82.132903549, 37.041112413], [-82.132041758, 37.041839449], [-82.130418791, 37.041935166], [-82.129540922, 37.041324182], [-82.128380876, 37.040942726], [-82.127156685, 37.038934388], [-82.125743838, 37.039071242], [-82.123911245, 37.040992532], [-82.123149068, 37.041287057], [-82.12249796, 37.041418946], [-82.121518446, 37.041121724], [-82.11956248, 37.04151705], [-82.119336286, 37.040685377], [-82.118985465, 37.04008876], [-82.118887469, 37.039060496], [-82.11878005, 37.03888739], [-82.117611155, 37.038984718], [-82.116776602, 37.039306771], [-82.115562674, 37.040578598], [-82.114956877, 37.040396445], [-82.114062852, 37.040720057], [-82.113223084, 37.040466419], [-82.112441366, 37.040750163], [-82.111219938, 37.040955521], [-82.109987587, 37.041994722], [-82.109400171, 37.04203032], [-82.108654426, 37.041504229], [-82.106847402, 37.04147684], [-82.105927406, 37.044336586], [-82.107414003, 37.046980238], [-82.107351908, 37.048087246], [-82.106017419, 37.048235079], [-82.105670267, 37.047805867], [-82.104080852, 37.049774117], [-82.101793248, 37.050688948], [-82.100551722, 37.049938368], [-82.099877097, 37.050625586], [-82.099446358, 37.051159225], [-82.098769817, 37.051038573], [-82.097679701, 37.051474683], [-82.096751808, 37.051762552], [-82.096642728, 37.051354548], [-82.096692189, 37.049038823], [-82.09396097, 37.047212767], [-82.093138062, 37.047170259], [-82.092305602, 37.047020923], [-82.090686887, 37.04693479], [-82.090017469, 37.045901538], [-82.090463626, 37.044382343], [-82.089205382, 37.043435167], [-82.088297957, 37.042983221], [-82.088065413, 37.041742655], [-82.087323646, 37.041468477], [-82.086936468, 37.041023981], [-82.085918635, 37.04087424], [-82.084260509, 37.041514984], [-82.082376227, 37.040408425], [-82.081490561, 37.039396534], [-82.078145078, 37.0396871], [-82.076428989, 37.038788124], [-82.075545774, 37.038207786], [-82.074973597, 37.038276698], [-82.074152196, 37.039272365], [-82.072538392, 37.040421315], [-82.071297253, 37.04164734], [-82.06929679, 37.043022008], [-82.06694715, 37.044709204], [-82.065292484, 37.045358575], [-82.062445793, 37.044609307], [-82.05837293, 37.047280246], [-82.05579202, 37.048092524], [-82.054379533, 37.047266569], [-82.052421066, 37.045611716], [-82.049977826, 37.046063508], [-82.049568762, 37.046265452], [-82.048741716, 37.046831108], [-82.047047019, 37.046991395], [-82.044726041, 37.046535414], [-82.044235668, 37.048055749], [-82.041545427, 37.048518832], [-82.040422832, 37.04928265], [-82.039850296, 37.049567041], [-82.039068637, 37.05137699], [-82.035882165, 37.051460833], [-82.035632879, 37.052785076], [-82.036265067, 37.053884152], [-82.035483014, 37.056438331], [-82.034960674, 37.057155667], [-82.034460212, 37.058213861], [-82.033887981, 37.05919604], [-82.03338749, 37.060254229], [-82.032807796, 37.061047349], [-82.032808464, 37.063100565], [-82.03198613, 37.0648677], [-82.031604595, 37.065036856], [-82.030382524, 37.065013031], [-82.028703017, 37.065718298], [-82.028085815, 37.065439232], [-82.027903624, 37.065563921], [-82.026330527, 37.066103931], [-82.025323211, 37.066324965], [-82.022608408, 37.067256384], [-82.021879581, 37.068154743], [-82.021343989, 37.067485508], [-82.020508235, 37.067138658], [-82.017746918, 37.068373277], [-82.018629705, 37.069740584], [-82.017878289, 37.072099527], [-82.018424631, 37.072340786], [-82.019821041, 37.072368108], [-82.021283532, 37.073500528], [-82.02112051, 37.073965759], [-82.021106655, 37.074467393], [-82.019841096, 37.075700764], [-82.019028329, 37.076073404], [-82.018536398, 37.076927453], [-82.017394253, 37.077306124], [-82.016683236, 37.077823817], [-82.015517068, 37.078358262], [-82.015054262, 37.078957726], [-82.013897734, 37.079341038], [-82.014627965, 37.081802813], [-82.015945358, 37.083091765], [-82.018935058, 37.083146073], [-82.021204749, 37.083765614], [-82.021432215, 37.085113647], [-82.021723955, 37.086135074], [-82.019958743, 37.087363148], [-82.020947796, 37.088696251], [-82.021108198, 37.089201256], [-82.020159782, 37.091277191], [-82.017484146, 37.091382168], [-82.01641588, 37.091881525], [-82.017092526, 37.093772442], [-82.016860795, 37.096513309], [-82.014275485, 37.098220964], [-82.013079053, 37.097887069], [-82.012596044, 37.098279076], [-82.01295267, 37.09854264], [-82.013602279, 37.099578287], [-82.015004165, 37.100606393], [-82.016668887, 37.101068803], [-82.016835488, 37.10211161], [-82.015409527, 37.103379166], [-82.015878655, 37.104615791], [-82.015603556, 37.105103916], [-82.01441343, 37.106675928], [-82.012313253, 37.107122756], [-82.010919755, 37.106791275], [-82.00998108, 37.107686308], [-82.010044644, 37.109032186], [-82.011030963, 37.10983852], [-82.011674036, 37.112021567], [-82.010532698, 37.112920491], [-82.009596515, 37.114158366], [-82.007535981, 37.115163752], [-82.006600219, 37.115443794], [-82.007776775, 37.117409907], [-82.007793141, 37.118991338], [-82.007873005, 37.119651904], [-82.007440577, 37.119946189], [-82.005300366, 37.12001824], [-82.001800268, 37.117798231], [-81.999911535, 37.118106713], [-81.997931514, 37.120066538], [-81.99686211, 37.120597365], [-81.996401731, 37.121167474], [-81.995210007, 37.121576187], [-81.995100562, 37.122853288], [-81.994193066, 37.123595399], [-81.993374268, 37.125249695], [-81.991856811, 37.126797139], [-81.991760953, 37.12832957], [-81.990587528, 37.128740387], [-81.990239804, 37.128272695], [-81.989360372, 37.127527302], [-81.989184735, 37.126477033], [-81.987801767, 37.125817735], [-81.987192395, 37.123530596], [-81.983970469, 37.123470794], [-81.983221831, 37.122461481], [-81.982256733, 37.122710442], [-81.981239288, 37.123221837], [-81.979987127, 37.123166611], [-81.979367433, 37.122642812], [-81.978297021, 37.120645391], [-81.977881334, 37.120637039], [-81.976692075, 37.120377657], [-81.974428593, 37.12077311], [-81.973882137, 37.120829827], [-81.973565709, 37.121050855], [-81.970178268, 37.121239898], [-81.967263663, 37.122628104], [-81.9662935, 37.125504827], [-81.965054517, 37.126417372], [-81.964164709, 37.127931087], [-81.96329834, 37.127899629], [-81.961477611, 37.127107436], [-81.960390987, 37.126561732], [-81.958809027, 37.128203865], [-81.956225814, 37.127570924], [-81.953803397, 37.125919485], [-81.95331087, 37.125733949], [-81.95228025, 37.12651215], [-81.950173425, 37.126718268], [-81.948587261, 37.128040486], [-81.9479526, 37.128320448], [-81.947110535, 37.128955728], [-81.94628808, 37.130055356], [-81.945443841, 37.12983604], [-81.943189479, 37.12903088], [-81.94202985, 37.128515578], [-81.939768181, 37.128472899], [-81.938914887, 37.127748115], [-81.937834333, 37.12629146], [-81.936228042, 37.126952449], [-81.935020781, 37.126688431], [-81.933917826, 37.127491864], [-81.932644193, 37.126683966], [-81.931468164, 37.126425683], [-81.930455684, 37.127333792], [-81.930611428, 37.128101709], [-81.931030739, 37.12844583], [-81.930696477, 37.129312841], [-81.930696409, 37.129922934], [-81.929920163, 37.131557634], [-81.926950559, 37.133086587], [-81.925677106, 37.133326499], [-81.925330596, 37.132896784], [-81.924578583, 37.13275897], [-81.92362598, 37.133932055], [-81.922189462, 37.134165513], [-81.921408861, 37.134022215], [-81.920273171, 37.133962062], [-81.917812113, 37.132105463], [-81.916526145, 37.131461949], [-81.91563541, 37.130920806], [-81.914128281, 37.130619302], [-81.914267267, 37.131998581], [-81.91346352, 37.13309601], [-81.913011174, 37.133888878], [-81.912487115, 37.134605661], [-81.911657306, 37.136590354], [-81.910871363, 37.137664484], [-81.910368602, 37.138722128], [-81.909894846, 37.139174111], [-81.909129993, 37.140590134], [-81.907493049, 37.141083311], [-81.904645811, 37.140605461], [-81.904427183, 37.14069295], [-81.903605179, 37.142196354], [-81.901714144, 37.142269462], [-81.90070186, 37.142465768], [-81.899808837, 37.142474098], [-81.900729997, 37.14405836], [-81.900831238, 37.145167834], [-81.898429363, 37.147103324], [-81.898592091, 37.150775785], [-81.897837351, 37.151839779], [-81.897606558, 37.152231426], [-81.896752535, 37.152020153], [-81.896108073, 37.151571235], [-81.895021605, 37.151632969], [-81.893801855, 37.151050938], [-81.892560341, 37.150031736], [-81.89069823, 37.149414421], [-81.889258661, 37.14872827], [-81.888804014, 37.149573684], [-81.888066202, 37.15010985], [-81.886525768, 37.15041955], [-81.882802991, 37.152117138], [-81.881554703, 37.152066684], [-81.880069938, 37.152423035], [-81.879294245, 37.151801034], [-81.878756298, 37.151641581], [-81.87746101, 37.152176672], [-81.876039225, 37.152259097], [-81.874359256, 37.153977695], [-81.87311438, 37.154403412], [-81.87247109, 37.154838523], [-81.871723716, 37.155000202], [-81.871036924, 37.155846829], [-81.86795818, 37.1573702], [-81.86686003, 37.15811344], [-81.866449659, 37.158315788], [-81.866424138, 37.159409374], [-81.869003028, 37.160365142], [-81.870312097, 37.161354474], [-81.87207131, 37.163542991], [-81.87252174, 37.164444023], [-81.871550007, 37.166120039], [-81.870845675, 37.166803879], [-81.870616935, 37.16719785], [-81.869314399, 37.16772675], [-81.867906145, 37.167821281], [-81.866568808, 37.16901226], [-81.86495038, 37.168076396], [-81.863563989, 37.168945397], [-81.86283029, 37.169119222], [-81.859880514, 37.170400671], [-81.859145928, 37.172215563], [-81.857143349, 37.174546391], [-81.856256855, 37.174560501], [-81.855357532, 37.174853326], [-81.852930597, 37.174848952], [-81.851913968, 37.174049315], [-81.850165236, 37.173598096], [-81.848644212, 37.172886026], [-81.848525106, 37.172719723], [-81.847286562, 37.172996865], [-81.844314627, 37.173447356], [-81.843574004, 37.174150063], [-81.843120667, 37.174942657], [-81.842258337, 37.175619389], [-81.841722106, 37.17632396], [-81.840466286, 37.176564109], [-81.838530086, 37.178022688], [-81.83722366, 37.177710116], [-81.836706406, 37.177709438], [-81.836046808, 37.177551333], [-81.835614827, 37.178119063], [-81.834752392, 37.178795741], [-81.834161697, 37.179573182], [-81.832973726, 37.180091982], [-81.832161483, 37.179830207], [-81.831287098, 37.179893158], [-81.830460435, 37.180607869], [-81.82818791, 37.180513359], [-81.827064805, 37.180326989], [-81.826357666, 37.18027638], [-81.823679697, 37.179442347], [-81.82200257, 37.178448191], [-81.818047629, 37.180482624], [-81.817302899, 37.180965811], [-81.816696007, 37.181278078], [-81.816178141, 37.182124329], [-81.814342644, 37.183067821], [-81.813636099, 37.183914004], [-81.812293246, 37.185127127], [-81.810598103, 37.184845586], [-81.809520433, 37.185153006], [-81.807501915, 37.18520867], [-81.807006131, 37.185025335], [-81.80539439, 37.183606122], [-81.803585598, 37.184873063], [-81.803514275, 37.185652518], [-81.801731542, 37.185940047], [-81.800246833, 37.185039162], [-81.799723009, 37.185226859], [-81.798918371, 37.18596515], [-81.797587923, 37.186114639], [-81.796373372, 37.187809168], [-81.795323571, 37.18851847], [-81.794913037, 37.188719539], [-81.794214973, 37.18957616], [-81.791995504, 37.189933563], [-81.790590658, 37.18908007], [-81.789590298, 37.189756045], [-81.788482618, 37.190302991], [-81.786164686, 37.192225508], [-81.784866618, 37.192865191], [-81.783983202, 37.193675525], [-81.783777906, 37.19377604], [-81.783927744, 37.194160743], [-81.783743479, 37.196383146], [-81.78457322, 37.197438384], [-81.783976459, 37.198131388], [-81.782399255, 37.198679879], [-81.781374946, 37.198455084], [-81.780169963, 37.198833942], [-81.778063386, 37.199176986], [-81.776261467, 37.201034563], [-81.775097415, 37.203037402], [-81.774673515, 37.203223086], [-81.773728478, 37.203931953], [-81.770632699, 37.202758615], [-81.768043129, 37.202752432], [-81.765177965, 37.200478824], [-81.764167117, 37.200660541], [-81.76285822, 37.201032224], [-81.761322759, 37.202315167], [-81.761454625, 37.203759629], [-81.759938329, 37.205096657], [-81.758166188, 37.205633413], [-81.757597331, 37.206109641], [-81.756944532, 37.206979934], [-81.757441476, 37.208628417], [-81.756936747, 37.209821907], [-81.756965859, 37.210889325], [-81.756190736, 37.211918578], [-81.75621528, 37.212785565], [-81.755444814, 37.213706432], [-81.755737936, 37.21474696], [-81.755783051, 37.216333452], [-81.756030183, 37.217837055], [-81.755410349, 37.218143312], [-81.755300938, 37.219369885], [-81.753336757, 37.220691887], [-81.752016201, 37.22044975], [-81.749835138, 37.220923169], [-81.74881292, 37.221960129], [-81.747616572, 37.223424881], [-81.744516594, 37.22395006], [-81.743044649, 37.224941072], [-81.741033174, 37.225806751], [-81.740692931, 37.228355519], [-81.741263424, 37.229201589], [-81.74158969, 37.230251379], [-81.743229377, 37.232267031], [-81.742474676, 37.232978193], [-81.742471319, 37.234157062], [-81.740515714, 37.235683006], [-81.740509484, 37.237044509], [-81.740087047, 37.23787861], [-81.73878787, 37.238419437], [-81.737297455, 37.238091457], [-81.735806663, 37.238702605], [-81.734569245, 37.237915962], [-81.733296043, 37.238098098], [-81.73135913, 37.239916999], [-81.72937069, 37.240031167], [-81.728309852, 37.23979741], [-81.727609449, 37.239918425], [-81.72615382, 37.240528351], [-81.723293449, 37.240519901], [-81.722393089, 37.240111587], [-81.7221693, 37.238881391], [-81.721596351, 37.238775296], [-81.719559677, 37.238692135], [-81.719538819, 37.237766308], [-81.718737342, 37.236580673], [-81.718264204, 37.235678346], [-81.71742168, 37.23545983], [-81.717302767, 37.235293402], [-81.715938572, 37.234200618], [-81.715871426, 37.233375054], [-81.716342782, 37.231800092], [-81.715984196, 37.231352407], [-81.71542918, 37.230846484], [-81.7154855, 37.23021962], [-81.715948347, 37.228786436], [-81.712873128, 37.228300532], [-81.711526269, 37.22745406], [-81.711031787, 37.226690878], [-81.710505323, 37.226288798], [-81.710172764, 37.225776488], [-81.708373028, 37.225264326], [-81.707998204, 37.223937843], [-81.706995809, 37.224045043], [-81.706082401, 37.224361662], [-81.705080215, 37.223546553], [-81.704103761, 37.222933341], [-81.703911056, 37.22153012], [-81.703112028, 37.22092001], [-81.703002078, 37.220749338], [-81.701127204, 37.22071043], [-81.700642088, 37.220053014], [-81.699055145, 37.219738403], [-81.699017603, 37.218035243], [-81.697221328, 37.217506371], [-81.696308809, 37.217093189], [-81.695803978, 37.216914664], [-81.696356371, 37.215577841], [-81.695589719, 37.214452174], [-81.69515547, 37.214131844], [-81.694835627, 37.212940865], [-81.693242849, 37.213256927], [-81.692048578, 37.212892678], [-81.690492456, 37.213200374], [-81.690140895, 37.213094008], [-81.688611733, 37.213638651], [-81.687205826, 37.213183578], [-81.686870856, 37.212907822], [-81.685731381, 37.21129872], [-81.684278251, 37.211770914], [-81.683413153, 37.211378073], [-81.684085195, 37.21046911], [-81.68393902, 37.209663682], [-81.683655491, 37.209122198], [-81.683352959, 37.208121503], [-81.683245914, 37.207713156], [-81.683300346, 37.205689818], [-81.682173523, 37.20428102], [-81.680435996, 37.202753972], [-81.67847809, 37.202226659], [-81.678509812, 37.201045748], [-81.679059314, 37.200992749], [-81.680739093, 37.20029589], [-81.681606678, 37.199644004], [-81.683253705, 37.199715374], [-81.68493275, 37.197655996], [-81.686392588, 37.196673731], [-81.687006457, 37.196371332], [-81.686927446, 37.195678619], [-81.687857135, 37.194481951], [-81.687513895, 37.193022639], [-81.686410229, 37.191592289], [-81.687155376, 37.189188971], [-81.687427821, 37.18883957], [-81.688826082, 37.188871747], [-81.689781439, 37.188155175], [-81.690880236, 37.188049071], [-81.691918438, 37.187712559], [-81.692786736, 37.186888292], [-81.694139076, 37.185832877], [-81.693858688, 37.184870804], [-81.694507083, 37.183594082], [-81.694506917, 37.183232315], [-81.69240413, 37.182243675], [-81.692194408, 37.181250869], [-81.693097806, 37.180397996], [-81.692745051, 37.179182959], [-81.693169018, 37.178997559], [-81.693698181, 37.178602556], [-81.694847984, 37.178231724], [-81.696138327, 37.177691449], [-81.69624062, 37.177162063], [-81.696445988, 37.177061695], [-81.696988568, 37.176694722], [-81.697951946, 37.175516834], [-81.697247551, 37.174419678], [-81.697753873, 37.172733619], [-81.697105257, 37.171724543], [-81.696903646, 37.169559675], [-81.698015923, 37.16797325], [-81.697413248, 37.166712607], [-81.698702888, 37.165407498], [-81.69848588, 37.164577783], [-81.698332423, 37.163726016], [-81.698115424, 37.1628963], [-81.698939783, 37.162060446], [-81.699478115, 37.161226504], [-81.698552847, 37.159836493], [-81.697451847, 37.159426176], [-81.697546769, 37.158362807], [-81.697822138, 37.157439389], [-81.697506179, 37.157150029], [-81.697505493, 37.155493517], [-81.69550141, 37.15373279], [-81.69410441, 37.153474402], [-81.693946246, 37.153330751], [-81.693790688, 37.152950473], [-81.693836648, 37.15151317], [-81.692616466, 37.150102766], [-81.692302345, 37.149343959], [-81.69124705, 37.14883746], [-81.690112558, 37.149242826], [-81.689554308, 37.149287384], [-81.689319501, 37.148717834], [-81.687103252, 37.147387538], [-81.68665408, 37.146379906], [-81.686323349, 37.14551226], [-81.685274405, 37.14381646], [-81.685319758, 37.143498187], [-81.686005878, 37.142248224], [-81.685055729, 37.141309919], [-81.684217799, 37.139108244], [-81.683830861, 37.138726805], [-81.683523437, 37.137920097], [-81.681660885, 37.137200895], [-81.680903274, 37.135880366], [-81.679787839, 37.134780548], [-81.679538104, 37.13353643], [-81.677763318, 37.130009662], [-81.676446552, 37.12997954], [-81.674305319, 37.131621801], [-81.673646605, 37.131684962], [-81.672656694, 37.130340871], [-81.671308859, 37.129510462], [-81.670583632, 37.129694721], [-81.670446995, 37.129537728], [-81.667239522, 37.126457516], [-81.666178168, 37.124258569], [-81.664970392, 37.123067145], [-81.665104838, 37.121578983], [-81.66470461, 37.1207939], [-81.665777211, 37.119315136], [-81.664900718, 37.118124112], [-81.663430704, 37.117467278], [-81.66011761, 37.118846644], [-81.658502265, 37.119010189], [-81.657859656, 37.119630537], [-81.657243324, 37.120421159], [-81.656287711, 37.120209679], [-81.655295943, 37.120407484], [-81.653321775, 37.121213572], [-81.652343949, 37.12140879], [-81.651650004, 37.121626289], [-81.650512701, 37.121852153], [-81.649780118, 37.122185619], [-81.649065728, 37.122703204], [-81.646750792, 37.123751973], [-81.645647913, 37.123507996], [-81.644862048, 37.123643596], [-81.644593127, 37.124113922], [-81.643822236, 37.124450182], [-81.643030103, 37.12520175], [-81.641293746, 37.12527974], [-81.640100116, 37.126865531], [-81.638238739, 37.127435246], [-81.637872954, 37.127682406], [-81.637368818, 37.127267722], [-81.636932205, 37.125851912], [-81.635363998, 37.124826482], [-81.634079139, 37.124909722], [-81.633389571, 37.125131881], [-81.630841053, 37.125605511], [-81.627638608, 37.12633934], [-81.62708962, 37.126392107], [-81.626911074, 37.126520953], [-81.624863048, 37.126927432], [-81.625115419, 37.128472532], [-81.625418422, 37.129562454], [-81.62364345, 37.129741371], [-81.62310777, 37.130127893], [-81.621533396, 37.130286368], [-81.620460713, 37.131135404], [-81.620000806, 37.131922407], [-81.617774139, 37.132651209], [-81.617063425, 37.133869407], [-81.615035361, 37.134504529], [-81.612968795, 37.132744157], [-81.612097134, 37.133140105], [-81.612043695, 37.134677179], [-81.611158391, 37.134657849], [-81.610600504, 37.133605034], [-81.608400592, 37.131949189], [-81.608244261, 37.129966975], [-81.607967981, 37.128976452], [-81.607421189, 37.129031514], [-81.605607381, 37.12965936], [-81.605253542, 37.129580972], [-81.603907237, 37.12981311], [-81.601813229, 37.131327701], [-81.600108542, 37.132723916], [-81.597732704, 37.133650303], [-81.594078553, 37.133710253], [-81.591728007, 37.13623705], [-81.592123566, 37.136613528], [-81.592511799, 37.138177184], [-81.592342799, 37.13961368], [-81.589483715, 37.141512392], [-81.588103214, 37.142610964], [-81.586454973, 37.143077539], [-81.585429655, 37.142904754], [-81.584409323, 37.142830946], [-81.583143992, 37.142617691], [-81.581967729, 37.143220214], [-81.581255288, 37.144069905], [-81.580600436, 37.143959542], [-81.578041563, 37.14526883], [-81.576268198, 37.146418506], [-81.575784544, 37.146383694], [-81.575283623, 37.146299197], [-81.574773438, 37.146262251], [-81.574082117, 37.146145358], [-81.571004146, 37.147019761], [-81.570805107, 37.147446541], [-81.569339299, 37.149077431], [-81.568882351, 37.150827417], [-81.568661071, 37.150911916], [-81.567959881, 37.151896209], [-81.567226177, 37.152176217], [-81.566618391, 37.151989977], [-81.565690504, 37.152325989], [-81.565817902, 37.153787546], [-81.565021382, 37.154486357], [-81.565168626, 37.15616401], [-81.565515356, 37.156763229], [-81.565576199, 37.157888814], [-81.564365203, 37.158791731], [-81.563317234, 37.159908899], [-81.562717024, 37.160955037], [-81.561482696, 37.161465795], [-81.560312812, 37.161576967], [-81.558854639, 37.163483774], [-81.556810662, 37.163847429], [-81.555646122, 37.163861869], [-81.554571714, 37.164850962], [-81.554506739, 37.165404939], [-81.557325057, 37.168892361], [-81.557769726, 37.171241631], [-81.5593614, 37.172561822], [-81.560065192, 37.172104733], [-81.560896271, 37.171948592], [-81.562036051, 37.172628312], [-81.563644117, 37.17274538], [-81.564606989, 37.170586452], [-81.566559758, 37.172294819], [-81.568993892, 37.171921773], [-81.570462368, 37.174580117], [-81.569421041, 37.175386047], [-81.569192914, 37.175781829], [-81.568126022, 37.176580449], [-81.566362508, 37.176914512], [-81.563967673, 37.178107937], [-81.562629502, 37.178361869], [-81.561010685, 37.179031697], [-81.557965103, 37.179510975], [-81.556857341, 37.179868718], [-81.555855191, 37.180058233], [-81.554702847, 37.180920544], [-81.554728231, 37.18271052], [-81.553483973, 37.182979887], [-81.55030662, 37.182848566], [-81.549033224, 37.183736481], [-81.546341812, 37.184291948], [-81.544194737, 37.183854855], [-81.543474218, 37.184755278], [-81.541306502, 37.185610642], [-81.541754174, 37.187280072], [-81.539066156, 37.187720486], [-81.537258152, 37.188528092], [-81.536837039, 37.189496266], [-81.535854202, 37.189047867], [-81.534301613, 37.188672644], [-81.53294651, 37.189259634], [-81.532034086, 37.190119977], [-81.531016304, 37.191450084], [-81.529508793, 37.19089931], [-81.528667329, 37.190679479], [-81.528128216, 37.190912914], [-81.527320369, 37.191968862], [-81.526368539, 37.192382174], [-81.524824073, 37.193536657], [-81.524570545, 37.193977996], [-81.521157663, 37.19536443], [-81.518031193, 37.197312198], [-81.516556639, 37.197887815], [-81.516155968, 37.19717931], [-81.515731187, 37.195794985], [-81.514042904, 37.194404361], [-81.512983463, 37.192901187], [-81.512145351, 37.192209753], [-81.511655039, 37.192551637], [-81.509617703, 37.192765172], [-81.508696773, 37.193199014], [-81.50790523, 37.194183828], [-81.504000582, 37.194058852], [-81.502133893, 37.194942505], [-81.50158877, 37.194999472], [-81.501002456, 37.194564757], [-81.500320226, 37.193380993], [-81.500317525, 37.192679169], [-81.498427859, 37.192579163], [-81.4969417, 37.193227214], [-81.496197186, 37.193393408], [-81.49325841, 37.194407817], [-81.490724064, 37.194899631], [-81.490015995, 37.195099818], [-81.488343707, 37.195293604], [-81.486901357, 37.196226174], [-81.48296173, 37.19794162], [-81.482004151, 37.19805237], [-81.480008493, 37.198477857], [-81.478526108, 37.199132519], [-81.477388283, 37.199515607], [-81.475905854, 37.200170236], [-81.474767999, 37.200553299], [-81.471720277, 37.202077849], [-81.469464623, 37.202521482], [-81.46820272, 37.20153087], [-81.467661776, 37.201593489], [-81.466564377, 37.20201735], [-81.46440059, 37.202761928], [-81.462805705, 37.204399571], [-81.461105759, 37.205102861], [-81.459352353, 37.205185946], [-81.458267818, 37.205626114], [-81.457120876, 37.205999467], [-81.453700709, 37.207782248], [-81.452149834, 37.208384962], [-81.450270031, 37.209233537], [-81.449029245, 37.210467377], [-81.447155615, 37.211023554], [-81.445681605, 37.211687355], [-81.444246413, 37.212153735], [-81.443220293, 37.213461145], [-81.442462834, 37.214006415], [-81.442252567, 37.214101577], [-81.440587425, 37.212007892], [-81.438188715, 37.209804129], [-81.436695882, 37.207685738], [-81.435587981, 37.206667907], [-81.4347494, 37.204967377], [-81.433854017, 37.204144585], [-81.432764721, 37.203539543], [-81.432401862, 37.203628888], [-81.431934911, 37.203370171], [-81.431963867, 37.20241497], [-81.431777853, 37.201140593], [-81.432178189, 37.199819841], [-81.431605042, 37.199100634], [-81.430424235, 37.198015688], [-81.430473709, 37.197504235], [-81.430706195, 37.196734552], [-81.429215129, 37.193582365], [-81.431413261, 37.19208914], [-81.433061878, 37.191441417], [-81.435167668, 37.190731636], [-81.436146007, 37.189940193], [-81.436669195, 37.188898872], [-81.437184839, 37.188169856], [-81.437420386, 37.187781484], [-81.436735451, 37.186767268], [-81.435567091, 37.184153733], [-81.435400239, 37.184014989], [-81.43450445, 37.1840175], [-81.43347234, 37.184219345], [-81.432150164, 37.183812474], [-81.430861313, 37.184277342], [-81.430459635, 37.183893185], [-81.430112214, 37.181891283], [-81.430342081, 37.1788885], [-81.428568041, 37.177969631], [-81.427012182, 37.175984079], [-81.426257548, 37.173900996], [-81.424315699, 37.172137341], [-81.422549387, 37.171221407], [-81.421666343, 37.17055762], [-81.420426955, 37.169704539], [-81.416796714, 37.166316704], [-81.417345698, 37.165309265], [-81.418625281, 37.164753492], [-81.419183806, 37.164710185], [-81.422296083, 37.162350371], [-81.426425729, 37.160299142], [-81.428970316, 37.159273492], [-81.43038699, 37.157814673], [-81.430832794, 37.156371401], [-81.428813328, 37.156469253], [-81.426991328, 37.154071441], [-81.427024748, 37.152929457], [-81.42652451, 37.151992554], [-81.424728741, 37.147915304], [-81.424644677, 37.147493454], [-81.426436535, 37.146195577], [-81.42616486, 37.144727667], [-81.425425925, 37.142456996], [-81.425711634, 37.141594309], [-81.424759724, 37.140857587], [-81.424101483, 37.140532174], [-81.423231352, 37.139859333], [-81.422448947, 37.139370683], [-81.421928647, 37.139453546], [-81.419917809, 37.13967394], [-81.417187088, 37.14047038], [-81.415158001, 37.137964587], [-81.414020728, 37.134393504], [-81.417361389, 37.132756929], [-81.417687118, 37.132019751], [-81.417739221, 37.131755172], [-81.417402337, 37.131714251], [-81.416647196, 37.130034111], [-81.415444466, 37.128122857], [-81.413821333, 37.126731952], [-81.411951315, 37.124173399], [-81.411727909, 37.122776877], [-81.411711054, 37.122082734], [-81.414804411, 37.121234249], [-81.421007898, 37.119560268], [-81.42283979, 37.118959449], [-81.424310864, 37.118617444], [-81.426898513, 37.117913627], [-81.428889769, 37.117159584], [-81.431461852, 37.116561729], [-81.433440594, 37.115911923], [-81.435289283, 37.11533414], [-81.439065989, 37.113815635], [-81.440905218, 37.113024989], [-81.442028156, 37.11262998], [-81.446535941, 37.110789367], [-81.448617527, 37.110656573], [-81.451219606, 37.10967045], [-81.453571952, 37.108844485], [-81.453414016, 37.108180909], [-81.450745121, 37.108629877], [-81.44834642, 37.109417367], [-81.44398031, 37.109948235], [-81.43562882, 37.111853615], [-81.433210441, 37.111862775], [-81.431033748, 37.112368958], [-81.429960641, 37.112660924], [-81.425985756, 37.112912738], [-81.422879299, 37.113556683], [-81.42096946, 37.113678163], [-81.413023589, 37.114515975], [-81.410918157, 37.114823064], [-81.405287284, 37.115505761], [-81.401400238, 37.116239465], [-81.400934278, 37.110142179], [-81.399818161, 37.108177706], [-81.397986394, 37.106044652], [-81.397686601, 37.105747837], [-81.401006669, 37.102338807], [-81.405257212, 37.099455617], [-81.407459855, 37.097326521], [-81.410035165, 37.094644792], [-81.411705653, 37.093110236], [-81.411819433, 37.092696532], [-81.411239853, 37.090838659], [-81.413116245, 37.089297381], [-81.415391232, 37.086373773], [-81.416050046, 37.086036904], [-81.416577067, 37.084768621], [-81.416585271, 37.084070111], [-81.416838258, 37.083427811], [-81.416560418, 37.082458539], [-81.416546564, 37.081762637], [-81.416342496, 37.081472208], [-81.414165907, 37.081461581], [-81.412881618, 37.080351933], [-81.411306052, 37.07938146], [-81.409501601, 37.077946056], [-81.408050344, 37.078409793], [-81.406209225, 37.079171086], [-81.402938665, 37.078329751], [-81.402435476, 37.078149994], [-81.401299487, 37.075591455], [-81.402769481, 37.073679171], [-81.400639059, 37.072191227], [-81.398860878, 37.070118545], [-81.398113067, 37.069376661], [-81.397707836, 37.068905068], [-81.398527493, 37.068503219], [-81.399821686, 37.066375905], [-81.401982145, 37.065318124], [-81.404468457, 37.063056479], [-81.403259006, 37.060488982], [-81.401164912, 37.058873129], [-81.399223865, 37.057710821], [-81.398155639, 37.057229408], [-81.397289334, 37.057035029], [-81.395742977, 37.056999124], [-81.393270486, 37.05644401], [-81.393188425, 37.056245636], [-81.3925202, 37.055879558], [-81.391974285, 37.056013082], [-81.390940644, 37.055438444], [-81.39006164, 37.055240344], [-81.388171868, 37.055922372], [-81.385746735, 37.054990808], [-81.3849095, 37.055154415], [-81.384617722, 37.055364386], [-81.382503467, 37.054890795], [-81.380810528, 37.055652798], [-81.379541765, 37.055192263], [-81.377607592, 37.053396448], [-81.375967787, 37.053929913], [-81.374731864, 37.055117989], [-81.374165431, 37.056433219], [-81.371681322, 37.056414923], [-81.36790024, 37.057715795], [-81.366807349, 37.057823749], [-81.364948493, 37.057420169], [-81.358877934, 37.058097387], [-81.355662485, 37.059313503], [-81.349871106, 37.060906022], [-81.347918408, 37.061644355], [-81.344108993, 37.062103913], [-81.342217346, 37.062818932], [-81.339226458, 37.06370014], [-81.33605845, 37.065176675], [-81.335147668, 37.065479147], [-81.334404068, 37.065644355], [-81.332582472, 37.066249268], [-81.331838858, 37.06641446], [-81.330164995, 37.066884998], [-81.328618679, 37.067119215], [-81.326527127, 37.067359738], [-81.322056779, 37.069576275], [-81.318588812, 37.070769097], [-81.316053791, 37.071547894], [-81.314601011, 37.072287691], [-81.312451776, 37.073796353], [-81.31157401, 37.074583247], [-81.311046909, 37.074851048], [-81.310692625, 37.074111204], [-81.309078887, 37.071899334], [-81.306397601, 37.069706946], [-81.30709973, 37.067714162], [-81.308051216, 37.066799792], [-81.307902991, 37.064817145], [-81.306008587, 37.063560463], [-81.304710811, 37.062540916], [-81.30371398, 37.062516139], [-81.302338166, 37.060627524], [-81.30148014, 37.059889396], [-81.301501424, 37.059320432], [-81.301866884, 37.058319462], [-81.300735115, 37.05651788], [-81.299649434, 37.055841793], [-81.297686833, 37.056437369], [-81.297031726, 37.056875699], [-81.296775279, 37.057245417], [-81.296531726, 37.059246769], [-81.295963353, 37.059614228], [-81.294726344, 37.059402208], [-81.292641576, 37.059717058], [-81.291873638, 37.059366718], [-81.290783894, 37.058711219], [-81.287257526, 37.060984112], [-81.285306823, 37.061654011], [-81.281579512, 37.0640556], [-81.279424711, 37.064884549], [-81.278027353, 37.065194636], [-81.27452454, 37.06699274], [-81.270535185, 37.068798752], [-81.26988918, 37.068200736], [-81.268957589, 37.066302704], [-81.267606786, 37.064170033], [-81.269288389, 37.062646983], [-81.271793969, 37.061422006], [-81.271229716, 37.060900715], [-81.27064567, 37.059828676], [-81.268741423, 37.058529882], [-81.268600435, 37.057721844], [-81.264677992, 37.055888146], [-81.265341879, 37.055217113], [-81.267480535, 37.054536754], [-81.268332706, 37.053392393], [-81.268095677, 37.05083233], [-81.268619659, 37.049713275], [-81.269096716, 37.049263795], [-81.269740589, 37.048151], [-81.271695942, 37.046318628], [-81.27285232, 37.043601607], [-81.273667785, 37.042627376], [-81.271441211, 37.041787539], [-81.270977142, 37.041358981], [-81.270933928, 37.039977584], [-81.26696542, 37.039220004], [-81.264972403, 37.037449691], [-81.263211863, 37.036785511], [-81.261653101, 37.033467984], [-81.261148082, 37.032000136], [-81.260991009, 37.031855913], [-81.263377153, 37.030252378], [-81.264413102, 37.029441866], [-81.266751255, 37.027144329], [-81.267769461, 37.02662589], [-81.269967425, 37.024829763], [-81.270524784, 37.024788172], [-81.272473138, 37.0240855], [-81.273362097, 37.023350021], [-81.275459311, 37.022398849], [-81.278371892, 37.02094656], [-81.282426877, 37.020273854], [-81.283673052, 37.019785416], [-81.284991012, 37.019504782], [-81.286182179, 37.01915776], [-81.287821194, 37.01805912], [-81.288232148, 37.017859759], [-81.289627602, 37.016794712], [-81.292048129, 37.015228827], [-81.292277232, 37.014833543], [-81.293379932, 37.014416329], [-81.294220966, 37.013717191], [-81.294773031, 37.013348832], [-81.296439147, 37.012532872], [-81.298448852, 37.01056718], [-81.299925285, 37.009268527], [-81.300128505, 37.009166437], [-81.301140515, 37.008513642], [-81.302211509, 37.007237215], [-81.304799186, 37.00553075], [-81.308296645, 37.002803218], [-81.309652138, 37.002059115], [-81.312585063, 37.000115412], [-81.315362121, 36.998292271], [-81.315606573, 36.99791366], [-81.316224089, 36.997294982], [-81.317263444, 36.996488783], [-81.318199902, 36.995250816], [-81.318639479, 36.995082402], [-81.319462128, 36.993576451], [-81.321013933, 36.992504896], [-81.322063378, 36.991388716], [-81.323094155, 36.990380324], [-81.325223968, 36.989337198], [-81.325455034, 36.988944234], [-81.325926927, 36.988489741], [-81.326336719, 36.987968367], [-81.327974112, 36.986843721], [-81.328772376, 36.986098953], [-81.330736078, 36.984684003], [-81.331312522, 36.983700371], [-81.332571446, 36.982489117], [-81.332949184, 36.981612399], [-81.333778391, 36.980901033], [-81.336452718, 36.978529392], [-81.338033369, 36.977213534], [-81.338488758, 36.975385247], [-81.338678527, 36.97526876], [-81.339632648, 36.975163267], [-81.341550044, 36.974320434], [-81.343367506, 36.9721042], [-81.345307026, 36.970535826], [-81.347398647, 36.968632523], [-81.347876171, 36.96784843], [-81.350140374, 36.966268916], [-81.350851986, 36.965919885], [-81.351188087, 36.965960994], [-81.351240309, 36.965696424], [-81.352248608, 36.965819743], [-81.352425025, 36.965688906], [-81.353573239, 36.965321283], [-81.355221967, 36.964570317], [-81.357782534, 36.965194559], [-81.362640159, 36.965161744], [-81.363922886, 36.966184276], [-81.366015674, 36.966808319], [-81.367258425, 36.967379278], [-81.368150064, 36.96722149], [-81.370632764, 36.966045126], [-81.370998844, 36.965797724], [-81.371204067, 36.9656979], [-81.37140376, 36.965271416], [-81.372429887, 36.964130908], [-81.372629569, 36.963704422], [-81.371753445, 36.962924281], [-81.370816394, 36.960993624], [-81.369627461, 36.959931819], [-81.36987026, 36.955412492], [-81.368765773, 36.953677253], [-81.3669473, 36.952536363], [-81.365442715, 36.950485467], [-81.364372484, 36.949954586], [-81.362922168, 36.947315445], [-81.363111191, 36.946752191], [-81.36275332, 36.944763078], [-81.362710518, 36.943248545], [-81.360674712, 36.941970868], [-81.360179439, 36.941319711], [-81.358764168, 36.941830394], [-81.357334943, 36.94178474], [-81.357223993, 36.941379553], [-81.356970012, 36.939777786], [-81.356283353, 36.939333937], [-81.355296022, 36.939310547], [-81.354919917, 36.936938109], [-81.353071499, 36.936265325], [-81.351973221, 36.935768967], [-81.34932645, 36.936308786], [-81.347657203, 36.935232342], [-81.346388955, 36.93544757], [-81.343491671, 36.935213567], [-81.343612827, 36.93340151], [-81.341544042, 36.93234802], [-81.341356379, 36.931283518], [-81.341034266, 36.930600531], [-81.341564987, 36.929287406], [-81.341407975, 36.929143281], [-81.341350778, 36.927377116], [-81.339735851, 36.926353744], [-81.34097435, 36.924219141], [-81.341182305, 36.923533321], [-81.340362339, 36.92224107], [-81.33948914, 36.920633216], [-81.340898493, 36.919525088], [-81.340654172, 36.918938412], [-81.339617952, 36.917979538], [-81.33796227, 36.915884177], [-81.336230539, 36.914283298], [-81.339282002, 36.913065191], [-81.338473556, 36.911837822], [-81.337641856, 36.911613146], [-81.336040614, 36.910604047], [-81.335400299, 36.910771154], [-81.332778939, 36.912056692], [-81.3314729, 36.912451268], [-81.330366263, 36.911754628], [-81.328218009, 36.911664874], [-81.327770394, 36.910312286], [-81.326908867, 36.909177801], [-81.325416327, 36.909115459], [-81.324185654, 36.908503037], [-81.324631306, 36.907825207], [-81.325371797, 36.907096736], [-81.324542346, 36.906004263], [-81.321376137, 36.905872086], [-81.320962549, 36.905503801], [-81.320691713, 36.904685166], [-81.317588144, 36.903950862], [-81.316966166, 36.904052375], [-81.316845639, 36.903887277], [-81.316183887, 36.903564733], [-81.315040849, 36.901993346], [-81.315373683, 36.901070941], [-81.315132557, 36.900183948], [-81.315116648, 36.899489724], [-81.314584608, 36.8995578], [-81.312702315, 36.899904722], [-81.311518806, 36.897845628], [-81.310266489, 36.897126631], [-81.308183137, 36.897417037], [-81.308245681, 36.896774777], [-81.308491431, 36.895668088], [-81.306553675, 36.894244573], [-81.305186305, 36.894053352], [-81.303396901, 36.893863201], [-81.302084486, 36.893339959], [-81.30356374, 36.89174332], [-81.301558942, 36.890645964], [-81.30142028, 36.890491317], [-81.299682219, 36.890150741], [-81.299050142, 36.889122493], [-81.29813642, 36.888838724], [-81.297094067, 36.888892697], [-81.295902071, 36.888521782], [-81.295250859, 36.888649218], [-81.292240631, 36.88866873], [-81.291070965, 36.888035867], [-81.290938876, 36.887848139], [-81.290989206, 36.886399854], [-81.290390553, 36.886275434], [-81.287027884, 36.886135025], [-81.285508353, 36.885139376], [-81.285627889, 36.883369315], [-81.286689093, 36.883260605], [-81.287974185, 36.883120141], [-81.288054457, 36.882253513], [-81.290874483, 36.881131007], [-81.292725858, 36.881942974], [-81.294699177, 36.880618896], [-81.296893056, 36.880501141], [-81.299412915, 36.880975975], [-81.301091298, 36.882391091], [-81.302423749, 36.881942966], [-81.303137823, 36.881429442], [-81.304521546, 36.88080341], [-81.304444562, 36.879481352], [-81.302236607, 36.878013915], [-81.304490705, 36.877346634], [-81.304688028, 36.876797143], [-81.304461608, 36.876081268], [-81.303241232, 36.875270792], [-81.303108011, 36.873459116], [-81.302685749, 36.872877953], [-81.300656577, 36.872829721], [-81.300563082, 36.872229672], [-81.300801218, 36.872057812], [-81.303132134, 36.871109972], [-81.304495592, 36.870843495], [-81.304511447, 36.870396617], [-81.305606937, 36.870289861], [-81.306643476, 36.870114458], [-81.307538442, 36.870315435], [-81.308477408, 36.870022176], [-81.309357092, 36.870449908], [-81.310264648, 36.871035603], [-81.312324657, 36.871498179], [-81.314459726, 36.870534558], [-81.316116361, 36.870075309], [-81.316672543, 36.870033502], [-81.317767258, 36.869644975], [-81.31839163, 36.868999701], [-81.31867947, 36.866958198], [-81.318526412, 36.866577392], [-81.316493561, 36.866018741], [-81.316192794, 36.862579679], [-81.31577543, 36.861361925], [-81.316329088, 36.860652939], [-81.316228402, 36.859463482], [-81.317822519, 36.857592943], [-81.318319501, 36.856599658], [-81.318027959, 36.855492624], [-81.317369793, 36.854338456], [-81.317238197, 36.853251056], [-81.316920978, 36.852695537], [-81.317771989, 36.851948965], [-81.318316767, 36.850944613], [-81.320622478, 36.848297663], [-81.320842066, 36.847892738], [-81.323720326, 36.847077436], [-81.325720432, 36.846738611], [-81.326964349, 36.846476323], [-81.328893946, 36.845991188], [-81.329469864, 36.845970819], [-81.329788714, 36.845715671], [-81.331766446, 36.845340135], [-81.334482598, 36.845249908], [-81.33600594, 36.846660383], [-81.336516502, 36.846835199], [-81.336677169, 36.846687657], [-81.337839551, 36.846525348], [-81.339017849, 36.845683303], [-81.339827166, 36.844465754], [-81.341008672, 36.84430153], [-81.34240776, 36.843660123], [-81.343474081, 36.843998304], [-81.344568929, 36.845008941], [-81.345091616, 36.845176738], [-81.345267761, 36.845045904], [-81.34676932, 36.844906032], [-81.348088966, 36.843918227], [-81.348520787, 36.844138383], [-81.350129797, 36.844543], [-81.35227624, 36.844264025], [-81.353509965, 36.844311424], [-81.355541887, 36.842460285], [-81.35702474, 36.841365372], [-81.357442369, 36.840853409], [-81.360667165, 36.841123396], [-81.364093699, 36.840327769], [-81.364808017, 36.840135773], [-81.367888859, 36.840250347], [-81.369860109, 36.839809925], [-81.370600392, 36.839144769], [-81.370633877, 36.838278816], [-81.371111812, 36.836954953], [-81.370615012, 36.835386923], [-81.370067435, 36.83429533], [-81.369760848, 36.832361053], [-81.36979651, 36.831402218], [-81.37164932, 36.82997987], [-81.372896996, 36.829613892], [-81.373319978, 36.829428551], [-81.374478085, 36.828562593], [-81.374490356, 36.827435783], [-81.372450481, 36.824379164], [-81.373295819, 36.822346633], [-81.37551079, 36.822397485], [-81.378115861, 36.82158363], [-81.379079557, 36.820886503], [-81.381762102, 36.820251408], [-81.38518184, 36.820275835], [-81.386100926, 36.820119362], [-81.386412167, 36.817634096], [-81.383888062, 36.8152107], [-81.383580565, 36.814535913], [-81.383373347, 36.813951712], [-81.382893834, 36.812896013], [-81.383276961, 36.812585113], [-81.384236564, 36.812372229], [-81.386573518, 36.81165035], [-81.389163712, 36.810595286], [-81.391014476, 36.810025582], [-81.392418195, 36.805446905], [-81.391122341, 36.805582751], [-81.389835913, 36.806189683], [-81.388937318, 36.806816501], [-81.385503847, 36.805130781], [-81.383026032, 36.805259592], [-81.381812858, 36.805233983], [-81.381083728, 36.804124443], [-81.381575625, 36.802495321], [-81.381663301, 36.80155767], [-81.381794781, 36.801120734], [-81.381216713, 36.799447515], [-81.378375766, 36.797247622], [-81.377646516, 36.79590728], [-81.375681168, 36.79579166], [-81.374142748, 36.793395391], [-81.373422458, 36.792951574], [-81.372102877, 36.792540233], [-81.371461777, 36.791502763], [-81.37163775, 36.791371887], [-81.373404523, 36.790804908], [-81.374508557, 36.78997896], [-81.373866489, 36.788782613], [-81.374356672, 36.786998754], [-81.374012427, 36.786238965], [-81.374363333, 36.784958826], [-81.373387325, 36.784792768], [-81.372239663, 36.784967685], [-81.371891896, 36.78490817], [-81.369536575, 36.785576633], [-81.36986199, 36.784644793], [-81.370424687, 36.783911367], [-81.367720712, 36.781933214], [-81.367484892, 36.780145118], [-81.365104392, 36.779455524], [-81.364929492, 36.779321897], [-81.365399248, 36.77802457], [-81.365432813, 36.777131077], [-81.366581817, 36.776935231], [-81.367126216, 36.776881249], [-81.367022322, 36.776468412], [-81.367359928, 36.775351774], [-81.366463556, 36.773935786], [-81.36679163, 36.772853969], [-81.366642747, 36.770924084], [-81.36816713, 36.768750376], [-81.368849318, 36.766494664], [-81.369160436, 36.762101905], [-81.369033972, 36.76194034], [-81.368275351, 36.762088742], [-81.367587906, 36.761602292], [-81.364885794, 36.761051041], [-81.364004864, 36.760621302], [-81.360914408, 36.759590489], [-81.359760158, 36.759705161], [-81.356270835, 36.760797407], [-81.355805412, 36.761131992], [-81.354602164, 36.76114111], [-81.353550724, 36.76088303], [-81.352225567, 36.7611164], [-81.35167906, 36.761167927], [-81.35051986, 36.76089872], [-81.349925786, 36.760537927], [-81.348846061, 36.760123905], [-81.348663217, 36.758191876], [-81.347226633, 36.755136396], [-81.346662475, 36.754446868], [-81.344999468, 36.753808792], [-81.344293877, 36.752530276], [-81.343626276, 36.751508349], [-81.3430931, 36.751574168], [-81.342044434, 36.751724907], [-81.34064294, 36.751815387], [-81.337065359, 36.752184883], [-81.33418956, 36.750489465], [-81.333167015, 36.750670857], [-81.331886247, 36.751019534], [-81.33081988, 36.751151065], [-81.330100679, 36.751344292], [-81.329625285, 36.75114404], [-81.329572252, 36.750705626], [-81.328977814, 36.749857717], [-81.329239026, 36.749335117], [-81.329158168, 36.748357645], [-81.329685111, 36.74735746], [-81.333154296, 36.746435022], [-81.334567335, 36.745414518], [-81.336175716, 36.742667125], [-81.336288161, 36.739755056], [-81.338768062, 36.739265685], [-81.339938938, 36.738861125], [-81.342151421, 36.738912593], [-81.343236942, 36.738573741], [-81.34670719, 36.738051241], [-81.348026521, 36.73864928], [-81.349016802, 36.739012153], [-81.350512091, 36.737449035], [-81.350748882, 36.73706314], [-81.353326139, 36.735355412], [-81.353975413, 36.735284751], [-81.356216093, 36.734401568], [-81.357528768, 36.734120104], [-81.358769703, 36.733630824], [-81.360454489, 36.733270059], [-81.362665797, 36.732290019], [-81.363745107, 36.732172533], [-81.365012262, 36.731972213], [-81.367586799, 36.731830511], [-81.368286806, 36.731624155], [-81.370301913, 36.731191543], [-81.369820453, 36.729303429], [-81.370963069, 36.728740599], [-81.37169512, 36.728248121], [-81.372531549, 36.727838292], [-81.375223642, 36.727888678], [-81.376310606, 36.72745871], [-81.379946334, 36.726348031], [-81.383553148, 36.725657113], [-81.385815375, 36.724892524], [-81.386623646, 36.724803061], [-81.387242689, 36.726087632], [-81.387416873, 36.726811789], [-81.386387452, 36.72775485], [-81.387126322, 36.728770412], [-81.389203484, 36.729782521], [-81.38949676, 36.730186764], [-81.390099718, 36.730201279], [-81.391561132, 36.730731528], [-81.392286538, 36.730750429], [-81.393334307, 36.732186901], [-81.395285499, 36.733869357], [-81.396071353, 36.734359235], [-81.398887302, 36.734134192], [-81.401761487, 36.732053319], [-81.403447586, 36.731738713], [-81.40411411, 36.731661433], [-81.405865049, 36.731166318], [-81.408940533, 36.729971492], [-81.410258412, 36.729469965], [-81.41245568, 36.728474685], [-81.414552595, 36.728059837], [-81.416001667, 36.727011195], [-81.418772791, 36.725753571], [-81.42090495, 36.723966971], [-81.421113872, 36.723871824], [-81.426194668, 36.720698813], [-81.427024, 36.720596843], [-81.431233623, 36.719148372], [-81.433327054, 36.718351785], [-81.435106474, 36.718132848], [-81.436352302, 36.717874188], [-81.439198741, 36.717063538], [-81.442822826, 36.717058909], [-81.445245507, 36.716249369], [-81.446843942, 36.716160608], [-81.450764082, 36.717040662], [-81.451680042, 36.717454995], [-81.454124305, 36.718345553], [-81.454961968, 36.718365068], [-81.455900314, 36.718788442], [-81.458386618, 36.718242525], [-81.458930526, 36.718188127], [-81.460073856, 36.717300777], [-81.460081706, 36.716395771], [-81.460524638, 36.716062359], [-81.463839327, 36.716214156], [-81.465889826, 36.716019323], [-81.466762005, 36.715738154], [-81.467519155, 36.715593263], [-81.469365474, 36.714700404], [-81.471594382, 36.714277428], [-81.471366247, 36.712905558], [-81.472324427, 36.711606108], [-81.471827971, 36.709975092], [-81.470877019, 36.708682454], [-81.47106924, 36.708191493], [-81.470621104, 36.706725098], [-81.470455249, 36.706586373], [-81.471478633, 36.705845215], [-81.472652381, 36.705871665], [-81.473640653, 36.706093551], [-81.475328768, 36.705433265], [-81.476289668, 36.704737387], [-81.479072905, 36.704258996], [-81.482238349, 36.704280005], [-81.482619297, 36.704002491], [-81.482954296, 36.704043238], [-81.483602631, 36.70352096], [-81.48477877, 36.703479853], [-81.486727536, 36.70403857], [-81.488291434, 36.70398743], [-81.490348534, 36.7050355], [-81.49126358, 36.704670491], [-81.492064871, 36.704022836], [-81.49660595, 36.703706915], [-81.499265506, 36.7044682], [-81.501909305, 36.704291966], [-81.502126928, 36.704206221], [-81.502988194, 36.704158438], [-81.504803207, 36.704565136], [-81.505891495, 36.705264543], [-81.507358754, 36.707279903], [-81.508237575, 36.707265959], [-81.509273368, 36.70694088], [-81.510909123, 36.706616659], [-81.513684497, 36.707389537], [-81.516255659, 36.707132201], [-81.520012258, 36.707460982], [-81.521687438, 36.707664186], [-81.524948164, 36.707911494], [-81.526226494, 36.70710984], [-81.528894411, 36.70678143], [-81.530139727, 36.706521797], [-81.530793725, 36.705458165], [-81.53218605, 36.704551754], [-81.534433219, 36.704112972], [-81.537193807, 36.703789276], [-81.538483425, 36.703342334], [-81.54021755, 36.702578849], [-81.544439099, 36.701752592], [-81.544933484, 36.700502377], [-81.544097628, 36.697838104], [-81.54318614, 36.69728959], [-81.540468221, 36.696539157], [-81.538643118, 36.695757155], [-81.538067366, 36.695714903], [-81.537237512, 36.695574128], [-81.535560793, 36.695449236], [-81.533619708, 36.694837227], [-81.531722145, 36.693849485], [-81.533339933, 36.692636008], [-81.533232934, 36.690538273], [-81.532913219, 36.68964656], [-81.532650036, 36.689070709], [-81.531422414, 36.68514388], [-81.532493356, 36.681214234], [-81.532934568, 36.67976923], [-81.532859351, 36.679108219], [-81.533113471, 36.677081766], [-81.533398297, 36.676428429], [-81.534347134, 36.675210058], [-81.535019489, 36.673374002], [-81.537326693, 36.670205892], [-81.538515783, 36.66785889], [-81.53953334, 36.664504791], [-81.541886736, 36.662849193], [-81.543074474, 36.66188832], [-81.543278638, 36.661788188], [-81.543476547, 36.661361355], [-81.544204981, 36.660545881], [-81.544846634, 36.659956936], [-81.547108418, 36.657170531], [-81.547653474, 36.656900047], [-81.548931333, 36.656688711], [-81.552286856, 36.657374556], [-81.554422415, 36.658139032], [-81.560944205, 36.659051389], [-81.563951699, 36.658714842], [-81.568489242, 36.65629664], [-81.570186397, 36.655564378], [-81.571092434, 36.654645395], [-81.573175058, 36.653013685], [-81.5736334, 36.651917789], [-81.573841927, 36.651822373], [-81.574451276, 36.65103892], [-81.575291934, 36.650222063], [-81.57736736, 36.649539701], [-81.578710611, 36.648988889], [-81.579368774, 36.647855765], [-81.580412713, 36.647025364], [-81.58310234, 36.64614204], [-81.58640231, 36.64628268], [-81.587789484, 36.646043964], [-81.588834559, 36.645567075], [-81.591314222, 36.643760875], [-81.591468101, 36.643906447], [-81.593673563, 36.644280798], [-81.596145371, 36.643317993], [-81.599188257, 36.642959535], [-81.60220402, 36.642367048], [-81.602465813, 36.642009246], [-81.602997254, 36.640892486], [-81.604146035, 36.639378303], [-81.60585953, 36.638626427], [-81.606034736, 36.638495198], [-81.605856722, 36.638363664], [-81.605671778, 36.636826052], [-81.60534179, 36.633516491], [-81.606176524, 36.627638604], [-81.607899238, 36.625076261], [-81.608379155, 36.621701492], [-81.609036428, 36.620305738], [-81.609327026, 36.619659352], [-81.609533203, 36.61956149], [-81.611024828, 36.617682322], [-81.612443357, 36.615280053], [-81.618038842, 36.614442004], [-81.618941053, 36.615007958], [-81.620839531, 36.615846436], [-81.621339607, 36.615000971], [-81.623015744, 36.613647627], [-81.624400749, 36.613499309], [-81.625429187, 36.613327032], [-81.6278495, 36.613373336], [-81.628029041, 36.61324684], [-81.627363758, 36.611048239], [-81.626428645, 36.609625518], [-81.626508785, 36.607307261], [-81.627468924, 36.606544762], [-81.627129742, 36.60587533], [-81.627432634, 36.605025122], [-81.625385561, 36.60326514], [-81.625409347, 36.602614072], [-81.62733086, 36.601734713], [-81.627824121, 36.600882063], [-81.628291747, 36.600426301], [-81.628571025, 36.599767944], [-81.62864545, 36.598784375], [-81.628491369, 36.598403912], [-81.629255989, 36.596989297], [-81.629728014, 36.596538295], [-81.630563723, 36.595434877], [-81.631910652, 36.595760204], [-81.632894126, 36.595764473], [-81.633803355, 36.596487785], [-81.634804391, 36.596845456], [-81.637967536, 36.598310155], [-81.640172387, 36.598319726], [-81.641527849, 36.597725392], [-81.642804951, 36.596759728], [-81.643440562, 36.597126211], [-81.644019606, 36.597953568], [-81.645244101, 36.5985264], [-81.646662195, 36.598593472], [-81.647019042, 36.59819838], [-81.648494587, 36.597855451], [-81.649749687, 36.598241459], [-81.65140146, 36.598150379], [-81.652878314, 36.59919156], [-81.654380694, 36.599084572], [-81.655036475, 36.598511701], [-81.655639047, 36.597881635], [-81.655965707, 36.597309361], [-81.65812711, 36.596403413], [-81.659582311, 36.596263181], [-81.661170624, 36.5955972], [-81.663295384, 36.595605186], [-81.664898774, 36.596015992], [-81.666340947, 36.595901624], [-81.667658996, 36.595319455], [-81.668817865, 36.594159468], [-81.669037196, 36.594075798], [-81.669276334, 36.593694013], [-81.672775572, 36.592643946], [-81.673920625, 36.589799922], [-81.676031962, 36.588817849], [-81.677381217, 36.588336687], [-81.680235446, 36.5856705], [-81.679271962, 36.58435065], [-81.678192027, 36.582007392], [-81.677317251, 36.581256838], [-81.677543005, 36.58086074], [-81.679132786, 36.578707099], [-81.679032143, 36.577670789], [-81.678947091, 36.577250035], [-81.677968989, 36.575407821], [-81.677833222, 36.574136623], [-81.677164522, 36.572145357], [-81.677319314, 36.571505836], [-81.677448718, 36.570594511], [-81.680090088, 36.56858843], [-81.683112179, 36.568750549], [-81.686548753, 36.568005887], [-81.689667182, 36.568585711], [-81.691010853, 36.568368289], [-81.692123098, 36.566512699], [-81.692053035, 36.566083178], [-81.690884086, 36.564482677], [-81.691224998, 36.563526923], [-81.69037132, 36.562359987], [-81.689242282, 36.561388508], [-81.690106607, 36.560184552], [-81.690121601, 36.559771591], [-81.690543089, 36.558590625], [-81.690236379, 36.557485138], [-81.691269285, 36.555694097], [-81.691224723, 36.554336534], [-81.690180724, 36.551652721], [-81.690515156, 36.551692893], [-81.690565897, 36.551428122], [-81.692113943, 36.551495557], [-81.693197554, 36.551141104], [-81.694014271, 36.54918019], [-81.694018863, 36.548040145], [-81.695839776, 36.545831612], [-81.697461005, 36.544553459], [-81.698360701, 36.542883937], [-81.69877687, 36.541897003], [-81.700192046, 36.539447147], [-81.699880628, 36.537528522], [-81.699911943, 36.536569443], [-81.700806462, 36.536573149], [-81.702509474, 36.536345905], [-81.703744186, 36.536819997], [-81.70662703, 36.536124866], [-81.707855917, 36.536168645], [-81.708043178, 36.534072897], [-81.708565498, 36.53191578], [-81.708079745, 36.530628031], [-81.707351336, 36.528974694], [-81.707491459, 36.525561288], [-81.708153484, 36.524656747], [-81.708514731, 36.523788056], [-81.708279195, 36.523455068], [-81.705711933, 36.522782957], [-81.703093322, 36.521541729], [-81.702602456, 36.519946477], [-81.701927467, 36.518936443], [-81.701673264, 36.517430966], [-81.701580965, 36.516154426], [-81.70058462, 36.515330099], [-81.70017035, 36.514535461], [-81.700531254, 36.513599024], [-81.699477267, 36.512168885], [-81.698977602, 36.510536561], [-81.69838696, 36.509407531], [-81.697905702, 36.507735082], [-81.698361119, 36.506556063], [-81.697070146, 36.505945997], [-81.697049718, 36.50507591], [-81.697325825, 36.504414976], [-81.698054615, 36.503719545], [-81.697607247, 36.502163313], [-81.697773115, 36.502022411], [-81.6987104, 36.501660989], [-81.699801414, 36.500691639], [-81.700169964, 36.499491601], [-81.700028478, 36.499002698], [-81.700319344, 36.498250421], [-81.699353684, 36.497615954], [-81.698148672, 36.497185501], [-81.697286624, 36.496470349], [-81.697227238, 36.493892044], [-81.696771958, 36.493242688], [-81.696606156, 36.493104257], [-81.696548162, 36.492667701], [-81.695819787, 36.491617303], [-81.697187792, 36.490372307], [-81.698029755, 36.48852658], [-81.697779025, 36.487715575], [-81.697764375, 36.486312892], [-81.697283306, 36.484947271], [-81.697427999, 36.483451574], [-81.696878222, 36.48250093], [-81.696620979, 36.481570626], [-81.696096142, 36.480629321], [-81.696008463, 36.47907818], [-81.696615735, 36.478067667], [-81.696333039, 36.47714488], [-81.69662455, 36.476500612], [-81.696282482, 36.47588812], [-81.696115855, 36.475279783], [-81.694706044, 36.474456405], [-81.69467834, 36.472578099], [-81.695488768, 36.471147607], [-81.696436452, 36.470241506], [-81.696120514, 36.469632148], [-81.695953039, 36.468553902], [-81.695355325, 36.467491654], [-81.696383301, 36.466681974], [-81.696787686, 36.466159203], [-81.697638771, 36.465478503], [-81.69824572, 36.464692271], [-81.699229327, 36.463974587], [-81.701075354, 36.464386906], [-81.701497148, 36.464079954], [-81.704593467, 36.463063769], [-81.705665866, 36.462621235], [-81.708010688, 36.462505068], [-81.708764443, 36.461452861], [-81.709756685, 36.459390245], [-81.711152278, 36.458946281], [-81.712276705, 36.458831606], [-81.714057932, 36.458241348], [-81.714715914, 36.457759565], [-81.715672047, 36.45774316], [-81.715897229, 36.45734696], [-81.71692706, 36.456539481], [-81.716673668, 36.456217029], [-81.715346277, 36.454991108], [-81.715604026, 36.45149015], [-81.714156246, 36.450503688], [-81.713945853, 36.447930528], [-81.713920355, 36.447239703], [-81.71417057, 36.44669838], [-81.716424095, 36.445464379], [-81.717436989, 36.445359565], [-81.71776594, 36.444992754], [-81.717367087, 36.443713245], [-81.714334719, 36.441647687], [-81.714772936, 36.440163955], [-81.714819388, 36.439655297], [-81.715699245, 36.438751536], [-81.715408273, 36.438248912], [-81.71486614, 36.437747866], [-81.714840637, 36.437057036], [-81.718022745, 36.434969572], [-81.719759777, 36.434761249], [-81.72127596, 36.433766679], [-81.717990159, 36.43050048], [-81.718128463, 36.428783918], [-81.718707456, 36.426534089], [-81.719329543, 36.425288281], [-81.719880777, 36.423966244], [-81.720351175, 36.423514841], [-81.721397401, 36.422129498], [-81.723709878, 36.422021988], [-81.724187585, 36.420301735], [-81.725407953, 36.420338192], [-81.725977483, 36.419856348], [-81.726895005, 36.419704073], [-81.7275, 36.418183201], [-81.728986375, 36.417608234], [-81.729602805, 36.415915202], [-81.731265287, 36.414794212], [-81.733414984, 36.4147834], [-81.734413449, 36.413940336], [-81.73429692, 36.412620679], [-81.73554718, 36.412135825], [-81.737260611, 36.413363472], [-81.738106012, 36.413574915], [-81.738820409, 36.413032102], [-81.739575079, 36.413033734], [-81.740574608, 36.413276341], [-81.741747294, 36.412386403], [-81.741560328, 36.412247595], [-81.741979456, 36.411392144], [-81.741538543, 36.410626131], [-81.741182987, 36.409286292], [-81.740029079, 36.408426297], [-81.739969147, 36.407760984], [-81.740872315, 36.406955125], [-81.740799407, 36.405881954], [-81.740482116, 36.404887397], [-81.741427425, 36.404042151], [-81.741351571, 36.40292842], [-81.740664741, 36.401815474], [-81.738346818, 36.401283497], [-81.738260876, 36.40032091], [-81.738947866, 36.398913537], [-81.738852465, 36.397818612], [-81.738975945, 36.397562555], [-81.738902608, 36.396715752], [-81.739484815, 36.395592073], [-81.73829033, 36.394638278], [-81.736600804, 36.394602748], [-81.734697503, 36.394177555], [-81.732899193, 36.39492249], [-81.731643021, 36.394530473], [-81.729246215, 36.392469375], [-81.728692462, 36.391317275], [-81.729018014, 36.390533152], [-81.730599724, 36.389021604], [-81.730406932, 36.386368004], [-81.729453393, 36.38557845], [-81.730424915, 36.38424548], [-81.730975654, 36.382923359], [-81.732327377, 36.382785128], [-81.734034787, 36.381536242], [-81.734635167, 36.379841269], [-81.734736106, 36.379311634], [-81.733493833, 36.378862017], [-81.732745075, 36.378215568], [-81.731917834, 36.376581994], [-81.731559147, 36.37528824], [-81.731338765, 36.37392644], [-81.730343664, 36.373705378], [-81.729217497, 36.373682308], [-81.728909518, 36.373073939], [-81.728923854, 36.371054651], [-81.72807129, 36.370505733], [-81.726926883, 36.369949267], [-81.725888983, 36.368372848], [-81.726770757, 36.366586834], [-81.727098796, 36.36566334], [-81.726373674, 36.364628155], [-81.723301039, 36.362132162], [-81.722649494, 36.360879341], [-81.722659392, 36.358269042], [-81.724281297, 36.357956023], [-81.724185039, 36.356363598], [-81.723511723, 36.355057366], [-81.722664961, 36.353905934], [-81.722530883, 36.353043306], [-81.722132766, 36.352335179], [-81.721328757, 36.351057657], [-81.718043973, 36.348000496], [-81.714855999, 36.346910331], [-81.708931959, 36.346413665], [-81.707654296, 36.345957312], [-81.706500509, 36.344307412], [-81.706001033, 36.343893879], [-81.705937099, 36.343460797], [-81.705650667, 36.342922636], [-81.705472256, 36.342321284], [-81.705112726, 36.341649458], [-81.705393139, 36.340976339], [-81.70535178, 36.33937774], [-81.706719189, 36.337324348], [-81.706931099, 36.337233449], [-81.707389617, 36.335794473], [-81.7073354, 36.335114945], [-81.707181461, 36.334734523], [-81.707277202, 36.333031788], [-81.707123268, 36.332651365], [-81.707889423, 36.330493865], [-81.707679134, 36.329738412], [-81.7076512, 36.329284264], [-81.707264882, 36.328334081], [-81.707864265, 36.326226351], [-81.708789463, 36.32486893], [-81.710169529, 36.320861518], [-81.710984817, 36.319143777], [-81.711522633, 36.314438184], [-81.712857413, 36.313223155], [-81.714214675, 36.312518748], [-81.714397776, 36.312396865], [-81.715949781, 36.312473531], [-81.716781971, 36.312412797], [-81.717611251, 36.311710451], [-81.718701315, 36.311289198], [-81.71923952, 36.310170888], [-81.71940439, 36.308313509], [-81.720088235, 36.307087849], [-81.721115771, 36.304953278], [-81.721397566, 36.304299353], [-81.721827583, 36.302797663], [-81.722784364, 36.30100589], [-81.723911304, 36.29999858], [-81.724457261, 36.298978543], [-81.724111931, 36.296848171], [-81.724779789, 36.29549571], [-81.727991772, 36.292980402], [-81.728613853, 36.291364229], [-81.728505479, 36.290254929], [-81.728194574, 36.289495871], [-81.727270533, 36.288390077], [-81.727164026, 36.287746595], [-81.726959649, 36.287631016], [-81.727348825, 36.286454556], [-81.728386049, 36.283986732], [-81.727484031, 36.281311115], [-81.726430535, 36.276886064], [-81.726694566, 36.276492427], [-81.727431572, 36.275950383], [-81.73057352, 36.275966302], [-81.732803523, 36.274939197], [-81.734056211, 36.271407324], [-81.733761799, 36.270351844], [-81.735865989, 36.269481003], [-81.73792059, 36.26944436], [-81.737549865, 36.268201949], [-81.736873991, 36.267233961], [-81.736209481, 36.266682138], [-81.736092053, 36.266515645], [-81.733708768, 36.264320171], [-81.729790877, 36.264103026], [-81.727983705, 36.262560814], [-81.727740257, 36.261056404], [-81.727771103, 36.260097154], [-81.727592475, 36.259161383], [-81.726062453, 36.255800599], [-81.725962968, 36.255274343], [-81.725809098, 36.254893924], [-81.725932334, 36.253645253], [-81.725960204, 36.252687754], [-81.725247687, 36.251228471], [-81.725293671, 36.25049749], [-81.72696559, 36.24834308], [-81.726635343, 36.247350958], [-81.72545667, 36.246299075], [-81.725597323, 36.244665188], [-81.723923764, 36.243318803], [-81.72167632, 36.242610202], [-81.719941869, 36.242604595], [-81.717908329, 36.241877221], [-81.716557061, 36.241257362], [-81.713895001, 36.240699736], [-81.712916275, 36.240052737], [-81.712213237, 36.23980297], [-81.708936007, 36.238269496], [-81.706966584, 36.236787692], [-81.705925645, 36.235252657], [-81.700698487, 36.23483212], [-81.699466889, 36.233390431], [-81.699895671, 36.231937278], [-81.701397581, 36.229322424], [-81.701575475, 36.223893799], [-81.702084018, 36.22245449], [-81.701859116, 36.221637905], [-81.701890275, 36.220678636], [-81.702097451, 36.220582973], [-81.702977336, 36.21810265], [-81.703014801, 36.216970585], [-81.703659335, 36.216339255], [-81.703453943, 36.215057265], [-81.703358823, 36.213866881], [-81.702757924, 36.213347836], [-81.701444118, 36.210412491], [-81.702815856, 36.209064573], [-81.703567256, 36.207760371], [-81.703599805, 36.206807614], [-81.702465155, 36.204552113], [-81.700647807, 36.203170936], [-81.700560548, 36.202637619], [-81.699405683, 36.20237344], [-81.698527651, 36.201829391], [-81.696880891, 36.200991514], [-81.695300607, 36.198898024], [-81.695224876, 36.198471917], [-81.696053364, 36.198089304], [-81.697271624, 36.19719705], [-81.697339101, 36.195154216], [-81.699086749, 36.193870757], [-81.701789584, 36.194624353], [-81.70301738, 36.194114187], [-81.703557339, 36.194058665], [-81.703539068, 36.192953727], [-81.705098935, 36.191719512], [-81.704814655, 36.190027952], [-81.70488286, 36.188105861], [-81.704463091, 36.187293266], [-81.704187058, 36.186396409], [-81.703907222, 36.185854677], [-81.703444748, 36.1843448], [-81.702462738, 36.18293734], [-81.702297606, 36.18279889], [-81.702579108, 36.182144956], [-81.703555931, 36.180395956], [-81.703837373, 36.1772148], [-81.704528585, 36.176741515], [-81.705866366, 36.176280601], [-81.706321909, 36.175969375], [-81.706372342, 36.175704534], [-81.707504395, 36.172427011], [-81.708272664, 36.17200957], [-81.709143746, 36.169655146], [-81.711378341, 36.166423782], [-81.711767135, 36.165247278], [-81.711003031, 36.164511694], [-81.709609408, 36.162277829], [-81.709276686, 36.162237701], [-81.709140815, 36.161484736], [-81.708128523, 36.159622788], [-81.705988062, 36.157639536], [-81.70611111, 36.155624545], [-81.706246019, 36.154133788], [-81.706016707, 36.153327204], [-81.705883174, 36.152464443], [-81.705321199, 36.151617718], [-81.704956309, 36.150420126], [-81.703182122, 36.148944512], [-81.702700509, 36.147508454], [-81.702734619, 36.146547382], [-81.702915132, 36.14642312], [-81.704926505, 36.145982181], [-81.705900869, 36.145179021], [-81.707186304, 36.143579435], [-81.70958038, 36.141783398], [-81.710414848, 36.139200183], [-81.712382249, 36.13780136], [-81.712536018, 36.135218575], [-81.711776343, 36.133008187], [-81.712035855, 36.132650033], [-81.712734276, 36.130962664], [-81.713227551, 36.130744889], [-81.713552528, 36.129818906], [-81.713912773, 36.128931042], [-81.71593864, 36.128299112], [-81.715822706, 36.126854289], [-81.71679753, 36.125585471], [-81.716888366, 36.124548695], [-81.717155409, 36.123647469], [-81.718414374, 36.122351529], [-81.718444961, 36.122022908], [-81.718799677, 36.12112167], [-81.719809827, 36.120616965], [-81.721438022, 36.119503108], [-81.722509768, 36.118967712], [-81.724113831, 36.119266931], [-81.725375355, 36.120236016], [-81.725013152, 36.121470785], [-81.725265911, 36.122462192], [-81.726345805, 36.123464394], [-81.729374586, 36.121958342], [-81.730670504, 36.122201279], [-81.731848603, 36.122267028], [-81.732854877, 36.122453876], [-81.734397108, 36.122309479], [-81.73520581, 36.122809041], [-81.73770504, 36.123670942], [-81.738353623, 36.123082334], [-81.738356509, 36.122801179], [-81.738453561, 36.122541947], [-81.738455696, 36.122152757], [-81.73947972, 36.120790249], [-81.741510525, 36.120759628], [-81.74396545, 36.12060859], [-81.745231204, 36.121444599], [-81.747348964, 36.121305818], [-81.748362709, 36.12050078], [-81.749573368, 36.11932999], [-81.750450471, 36.119245047], [-81.7505055, 36.119683439], [-81.751296438, 36.120809352], [-81.752629468, 36.120324196], [-81.75491847, 36.121075771], [-81.75606797, 36.120843648], [-81.75849908, 36.120915914], [-81.759877559, 36.120414983], [-81.760989713, 36.120758241], [-81.762022555, 36.121491967], [-81.763044333, 36.120461326], [-81.764407086, 36.119930942], [-81.76546813, 36.120445797], [-81.766518523, 36.120385797], [-81.767379697, 36.11965541], [-81.768797851, 36.11915492], [-81.77167878, 36.119166689], [-81.774000565, 36.117458278], [-81.775771748, 36.117099596], [-81.780781564, 36.114342471], [-81.783240547, 36.114125537], [-81.785466093, 36.113414922], [-81.787149151, 36.113240219], [-81.788166005, 36.113061732], [-81.790320398, 36.11302186], [-81.790901399, 36.113152952], [-81.791591675, 36.112931016], [-81.792337755, 36.112779265], [-81.793293759, 36.112472801], [-81.795043458, 36.111186419], [-81.79749418, 36.110688855], [-81.79980098, 36.109729547], [-81.801063385, 36.108799465], [-81.80206099, 36.108919086], [-81.803590697, 36.10966756], [-81.805039441, 36.110732224], [-81.810739435, 36.111584673], [-81.81140454, 36.111664366], [-81.811837135, 36.111174418], [-81.812780335, 36.111075792], [-81.814490865, 36.11052942], [-81.815872321, 36.110248359], [-81.818149019, 36.110755955], [-81.820190238, 36.112511436], [-81.822873741, 36.11315864], [-81.823779617, 36.113567599], [-81.825745705, 36.114088638], [-81.827327399, 36.115450358], [-81.831628162, 36.114045528], [-81.834144633, 36.114606873], [-81.835166292, 36.114627498], [-81.836750014, 36.115119538], [-81.837910003, 36.115378887], [-81.838263402, 36.116041204], [-81.83947885, 36.116542069], [-81.839732096, 36.117228379], [-81.837984319, 36.119283758], [-81.837626432, 36.120491654], [-81.83769392, 36.12092297], [-81.837979336, 36.121917866], [-81.840592189, 36.124041745], [-81.839764877, 36.126090797], [-81.838373708, 36.127352919], [-81.839006341, 36.127591505], [-81.840759076, 36.128668685], [-81.845442205, 36.129552181], [-81.846204656, 36.128142911], [-81.846659209, 36.127676644], [-81.847489465, 36.12573796], [-81.850434456, 36.124534415], [-81.851346712, 36.123909078], [-81.852663698, 36.123617763], [-81.854359786, 36.122766488], [-81.854330216, 36.121258358], [-81.853936596, 36.119736372], [-81.854620026, 36.117771658], [-81.855456937, 36.117080165], [-81.856484145, 36.11612571], [-81.85780159, 36.115464081], [-81.857981774, 36.115339582], [-81.859332759, 36.115092479], [-81.86107483, 36.115167155], [-81.862609684, 36.115227649], [-81.865299517, 36.114670513], [-81.865880686, 36.114928212], [-81.866090556, 36.116453603], [-81.866635281, 36.118148035], [-81.868658815, 36.12082304], [-81.869291489, 36.12210683], [-81.869411975, 36.122271449], [-81.871788808, 36.122842781], [-81.874170525, 36.124377469], [-81.875595498, 36.124754779], [-81.875840948, 36.12438199], [-81.876636343, 36.123090793], [-81.878441979, 36.12164072], [-81.879835559, 36.120884251], [-81.881152237, 36.11958958], [-81.881975668, 36.118883624], [-81.882781406, 36.118158627], [-81.884430401, 36.116749066], [-81.885274812, 36.115747228], [-81.888419452, 36.113601721], [-81.888488311, 36.113093605], [-81.889993943, 36.108725568], [-81.890705053, 36.107017983], [-81.890353634, 36.104984886], [-81.890533281, 36.104240271], [-81.890194159, 36.102834993], [-81.889995032, 36.101349053], [-81.890268247, 36.100205067], [-81.890267692, 36.099146959], [-81.890238748, 36.098692783], [-81.889929995, 36.097932289], [-81.890000531, 36.096948249], [-81.889786429, 36.096603205], [-81.888769901, 36.096259869], [-81.888640455, 36.096100547], [-81.88785909, 36.095353545], [-81.88527309, 36.092194889], [-81.884760695, 36.091274659], [-81.883236901, 36.090479301], [-81.883629471, 36.090085957], [-81.885058061, 36.088885042], [-81.886452091, 36.086382816], [-81.887663397, 36.084584625], [-81.88806406, 36.083072811], [-81.887744541, 36.080842421], [-81.887863798, 36.079358424], [-81.889382889, 36.079173427], [-81.891188229, 36.07836865], [-81.894118541, 36.074794616], [-81.894433869, 36.071981793], [-81.895308595, 36.071055488], [-81.896510032, 36.069363988], [-81.897376362, 36.067547906], [-81.896894415, 36.06649379], [-81.896784675, 36.065380335], [-81.896495487, 36.063369421], [-81.897610871, 36.062787088], [-81.897793073, 36.062664903], [-81.898419798, 36.062946961], [-81.899649906, 36.062729555], [-81.901620047, 36.063704903], [-81.904560782, 36.062760131], [-81.905223528, 36.062906778], [-81.905731421, 36.062916478], [-81.906906427, 36.063177022], [-81.907814367, 36.063587735], [-81.908018416, 36.063703023], [-81.908330195, 36.064461729], [-81.91084955, 36.064617778], [-81.911243379, 36.064683705], [-81.911978946, 36.065575369], [-81.912060658, 36.067392212], [-81.914577716, 36.068085373], [-81.915713528, 36.067634391], [-81.916380332, 36.067745478], [-81.917160827, 36.067802375], [-81.919056067, 36.067251278], [-81.919716206, 36.06717111], [-81.919918654, 36.067068232], [-81.920014237, 36.065962336], [-81.923566691, 36.064173646], [-81.92365013, 36.063189037], [-81.924730982, 36.062293429], [-81.927325135, 36.061992506], [-81.928231041, 36.061719339], [-81.928930098, 36.060537078], [-81.929181706, 36.060171298], [-81.930483566, 36.060165258], [-81.931902554, 36.060427047], [-81.933325732, 36.0599995], [-81.935790045, 36.061513306], [-81.938240983, 36.062602263], [-81.940663026, 36.061389782], [-81.941731859, 36.061267063], [-81.942958505, 36.060995918], [-81.942919241, 36.059459293], [-81.942055606, 36.058228895], [-81.941060847, 36.057401873], [-81.940943293, 36.057235558], [-81.940329392, 36.057353064], [-81.939445495, 36.056941233], [-81.937985942, 36.055917183], [-81.935859119, 36.055296258], [-81.935001737, 36.053706809], [-81.935736102, 36.052107634], [-81.936718486, 36.051183315], [-81.936565663, 36.048977203], [-81.936165651, 36.047638896], [-81.936955035, 36.046894776], [-81.937373786, 36.04543583], [-81.938990767, 36.044622892], [-81.939943881, 36.043428462], [-81.941506354, 36.041813404], [-81.943218754, 36.040588559], [-81.944441145, 36.039358384], [-81.945456228, 36.038541585], [-81.946530119, 36.039085998], [-81.947899383, 36.039498317], [-81.951005714, 36.036947162], [-81.952512251, 36.03531689], [-81.952788835, 36.034659922], [-81.954377264, 36.033187475], [-81.954944986, 36.032207469], [-81.955568096, 36.031314445], [-81.95563902, 36.030053282], [-81.956461446, 36.028149206], [-81.95662752, 36.025255225], [-81.958215532, 36.023954093], [-81.958669615, 36.023170069], [-81.959376257, 36.022155758], [-81.959209013, 36.020265385], [-81.95977381, 36.019257512], [-81.959802292, 36.018763639], [-81.960353241, 36.017972065], [-81.960369048, 36.017688285], [-81.961183327, 36.016864486], [-81.961509574, 36.015840989], [-81.960406464, 36.014857316], [-81.960893099, 36.013670883], [-81.963626775, 36.013223006], [-81.963625175, 36.012932928], [-81.964600978, 36.010958151], [-81.963833916, 36.007803185], [-81.963267566, 36.006800703], [-81.962396961, 36.006817978], [-81.960071692, 36.007566091], [-81.958065649, 36.006574628], [-81.955416025, 36.006018768], [-81.954645758, 36.004560344], [-81.953366054, 36.003458256], [-81.95336526, 36.002012919], [-81.95536124, 36.000925364], [-81.953237678, 35.998902019], [-81.951823782, 35.998150029], [-81.951915901, 35.997485958], [-81.953117332, 35.995667123], [-81.950837375, 35.994198571], [-81.951398741, 35.991844516], [-81.951436927, 35.989252664], [-81.950580418, 35.988399691], [-81.952498504, 35.986818378], [-81.955226788, 35.986323601], [-81.955781427, 35.985056381], [-81.956449284, 35.984077694], [-81.95556728, 35.98326193], [-81.955869833, 35.982222921], [-81.95593771, 35.981418423], [-81.956014242, 35.981150312], [-81.955187943, 35.978572137], [-81.955272918, 35.977562294], [-81.956900864, 35.97639719], [-81.957617835, 35.975183106], [-81.958835478, 35.974980713], [-81.960223052, 35.974819651], [-81.960661832, 35.973447667], [-81.959587523, 35.972668326], [-81.958306403, 35.971519489], [-81.956661605, 35.972320754], [-81.955780357, 35.97232609], [-81.955609582, 35.971393777], [-81.953310413, 35.968354871], [-81.953762837, 35.967606643], [-81.955712537, 35.965781502], [-81.954168416, 35.963613133], [-81.954091466, 35.96318712], [-81.955148233, 35.962197529], [-81.955221723, 35.961334438], [-81.955994395, 35.961100379], [-81.95900312, 35.960816692], [-81.959542919, 35.95895943], [-81.95964594, 35.957752813], [-81.960138217, 35.956050724], [-81.960320764, 35.953905552], [-81.960853257, 35.952072809], [-81.960976238, 35.950616746], [-81.962398463, 35.948589216], [-81.963659652, 35.947283172], [-81.963441414, 35.945581316], [-81.96239461, 35.944130177], [-81.962062713, 35.944090747], [-81.96248939, 35.943180735], [-81.963440633, 35.939569432], [-81.963382243, 35.938830329], [-81.963159274, 35.938547792], [-81.961744675, 35.93767718], [-81.961030365, 35.937315096], [-81.959885477, 35.935864949], [-81.958321764, 35.935069672], [-81.957440277, 35.933955516], [-81.954657475, 35.93225135], [-81.954760167, 35.930492358], [-81.954473684, 35.929783252], [-81.955035636, 35.929128462], [-81.954570397, 35.928482748], [-81.954561272, 35.927309324], [-81.954406921, 35.926929113], [-81.95559338, 35.926378199], [-81.957704328, 35.924350077], [-81.960506347, 35.921314262], [-81.963147338, 35.92107582], [-81.964161202, 35.920895808], [-81.964699024, 35.920839095], [-81.965142168, 35.919270806], [-81.967894451, 35.919159762], [-81.968775482, 35.917914348], [-81.969635628, 35.917250492], [-81.969949942, 35.916316536], [-81.971000691, 35.915994845], [-81.971775289, 35.915420273], [-81.972636839, 35.915018964], [-81.974359254, 35.915401259], [-81.975734742, 35.915427039], [-81.978163093, 35.914564195], [-81.97913, 35.912514231], [-81.982131051, 35.911505581], [-81.982413795, 35.91129579], [-81.982261037, 35.91114858], [-81.982333377, 35.910873612], [-81.981833483, 35.909288592], [-81.981548978, 35.907798962], [-81.980912123, 35.906409281], [-81.980432523, 35.90468699], [-81.979197849, 35.901328183], [-81.980069765, 35.898007857], [-81.979706718, 35.897211422], [-81.980257294, 35.892215071], [-81.981007202, 35.889364835], [-81.980702684, 35.887783917], [-81.980293414, 35.886139769], [-81.980229019, 35.884762994], [-81.981646095, 35.884590564], [-81.985239098, 35.882200584], [-81.986508227, 35.881028668], [-81.987650169, 35.88131022], [-81.988078209, 35.881016098], [-81.990005129, 35.880222705], [-81.991284173, 35.876631113], [-81.992240281, 35.875974307], [-81.994756984, 35.875411658], [-81.996803849, 35.873999698], [-81.99777415, 35.874292544], [-81.99990798, 35.874408079], [-82.002217133, 35.875219388], [-82.00348612, 35.875771899], [-82.003116354, 35.877050595], [-82.003041368, 35.877953724], [-82.004373369, 35.880049941], [-82.005543747, 35.880848885], [-82.007468923, 35.88256041], [-82.010125007, 35.883558642], [-82.011041052, 35.883959193], [-82.012461031, 35.884398277], [-82.013546835, 35.885068605], [-82.014328462, 35.885465899], [-82.016987393, 35.885607312], [-82.020930143, 35.885151611], [-82.022522949, 35.885173019], [-82.023985497, 35.88356873], [-82.025086216, 35.882687583], [-82.025969589, 35.8805217], [-82.027756376, 35.879681534], [-82.028676827, 35.879401124], [-82.028435936, 35.879072149], [-82.027422141, 35.878198884], [-82.027453358, 35.877144591], [-82.028954179, 35.875017914], [-82.028481271, 35.873326297], [-82.029213676, 35.872031242], [-82.029585002, 35.870841571], [-82.029683207, 35.870311502], [-82.029879614, 35.869251364], [-82.029548009, 35.86921212], [-82.029535883, 35.86774854], [-82.03314848, 35.864824333], [-82.034086197, 35.862019469], [-82.034538003, 35.861552395], [-82.034945663, 35.861037778], [-82.035778103, 35.860344891], [-82.036234821, 35.85956523], [-82.037295582, 35.858482499], [-82.039444953, 35.858597094], [-82.041381067, 35.857160821], [-82.042615588, 35.856583158], [-82.043529647, 35.855906228], [-82.045199826, 35.855234058], [-82.04656546, 35.85416192], [-82.047809776, 35.853301833], [-82.048979127, 35.85294705], [-82.050756958, 35.852636669], [-82.053173057, 35.851794418], [-82.055407447, 35.85257896], [-82.058420845, 35.851354375], [-82.059665758, 35.851105753], [-82.060921545, 35.851514335], [-82.061812393, 35.851462971], [-82.062269121, 35.851684066], [-82.062883237, 35.852027424], [-82.063062459, 35.851902591], [-82.064757289, 35.851525079], [-82.067485488, 35.850281422], [-82.071290075, 35.850417352], [-82.0729891, 35.849242543], [-82.074194549, 35.848633656], [-82.074552941, 35.848383955], [-82.074754214, 35.848282868], [-82.076588876, 35.848609358], [-82.078370984, 35.849191983], [-82.080222573, 35.848767166], [-82.080770837, 35.848721807], [-82.080960436, 35.849042502], [-82.082337156, 35.849556093], [-82.084571195, 35.849267292], [-82.085903073, 35.849923659], [-82.086211526, 35.850446664], [-82.08927481, 35.850985487], [-82.090508752, 35.85049406], [-82.091279043, 35.849545977], [-82.092326938, 35.849144746], [-82.095244151, 35.851925875], [-82.096954601, 35.852381268], [-82.099571567, 35.851479281], [-82.099706226, 35.849470338], [-82.100300376, 35.846648038], [-82.100802948, 35.842958053], [-82.101183231, 35.84172702], [-82.102078003, 35.840518495], [-82.102542514, 35.840065411], [-82.102763846, 35.839668319], [-82.104686908, 35.839513936], [-82.106002935, 35.838919906], [-82.107290372, 35.836957821], [-82.108734166, 35.83592815], [-82.109326919, 35.835295492], [-82.110578028, 35.835053461], [-82.111254481, 35.834828412], [-82.112664598, 35.834757412], [-82.11513982, 35.83348515], [-82.117132174, 35.83328373], [-82.117780596, 35.831686458], [-82.118674675, 35.82947278], [-82.119811824, 35.827203062], [-82.120276819, 35.825480531], [-82.121251517, 35.824467494], [-82.123976982, 35.82396081], [-82.125694123, 35.823959641], [-82.127756467, 35.824714153], [-82.12980147, 35.82524655], [-82.132117666, 35.824562511], [-82.132979515, 35.824536867], [-82.13343839, 35.823896844], [-82.133438562, 35.822830543], [-82.133688816, 35.822159654], [-82.133661457, 35.820825652], [-82.13501364, 35.82021868], [-82.136615347, 35.818555657], [-82.137043486, 35.817160935], [-82.137482565, 35.816988265], [-82.139245692, 35.815439391], [-82.139470256, 35.815008783], [-82.140941994, 35.81436926], [-82.141655882, 35.81354972], [-82.142040547, 35.812693618], [-82.142276979, 35.812630417], [-82.144886054, 35.812120222], [-82.147113826, 35.811395941], [-82.149557045, 35.810189156], [-82.150183979, 35.809107601], [-82.148018384, 35.807245391], [-82.14777846, 35.805814509], [-82.147551453, 35.805005042], [-82.147479518, 35.804575569], [-82.148298011, 35.80374713], [-82.150656534, 35.803865401], [-82.151783228, 35.804355237], [-82.154091411, 35.803234085], [-82.155522038, 35.801432315], [-82.158932418, 35.801337496], [-82.159966293, 35.798886162], [-82.162424939, 35.797014547], [-82.161476479, 35.795523849], [-82.162840967, 35.793792537], [-82.162905658, 35.79300675], [-82.165628553, 35.791625194], [-82.165671524, 35.791130938], [-82.167275852, 35.789907979], [-82.167820994, 35.789631299], [-82.16792638, 35.787699367], [-82.16689025, 35.784753415], [-82.166268391, 35.784179051], [-82.166141863, 35.784018226], [-82.165053696, 35.783723426], [-82.161603088, 35.781979303], [-82.161415288, 35.782109594], [-82.158577297, 35.780399176], [-82.158326722, 35.779400768], [-82.159012403, 35.77762155], [-82.159652879, 35.776088794], [-82.160028321, 35.774905752], [-82.160233703, 35.774809264], [-82.160729487, 35.774152349], [-82.162132903, 35.773678125], [-82.164240742, 35.77269204], [-82.164295743, 35.770631454], [-82.165726973, 35.769961586], [-82.166580075, 35.767670946], [-82.167419126, 35.766986586], [-82.168158579, 35.765186142], [-82.169714215, 35.764456785], [-82.170454752, 35.762317947], [-82.1696553, 35.761140921], [-82.172727614, 35.759085204], [-82.176425016, 35.758219812], [-82.177222686, 35.755983982], [-82.179015825, 35.75534162], [-82.182366805, 35.7535511], [-82.184269861, 35.753376422], [-82.184627139, 35.752174285], [-82.185605844, 35.750247374], [-82.185231343, 35.749968642], [-82.185555569, 35.749048244], [-82.187309215, 35.747218494], [-82.187374434, 35.746413721], [-82.187889999, 35.745530552], [-82.188820816, 35.744298298], [-82.188625182, 35.743012318], [-82.189623903, 35.74231905], [-82.19042505, 35.741911513], [-82.190675104, 35.741540952], [-82.190812715, 35.739790494], [-82.193066527, 35.737462872], [-82.193719949, 35.734985815], [-82.19391357, 35.73483713], [-82.195856622, 35.735409605], [-82.197843395, 35.736321437], [-82.198570306, 35.735336051], [-82.200788689, 35.733619821], [-82.203418018, 35.733182975], [-82.205407203, 35.731056911], [-82.206042506, 35.730471202], [-82.206753083, 35.730283577], [-82.206801478, 35.730018441], [-82.207463656, 35.730095948], [-82.208594864, 35.728457565], [-82.209325841, 35.727694749], [-82.209796492, 35.726577772], [-82.213125823, 35.725082344], [-82.213590955, 35.72431379], [-82.214416304, 35.724249568], [-82.216287864, 35.724358506], [-82.216958483, 35.723781113], [-82.219870605, 35.72265984], [-82.221130573, 35.721370696], [-82.223779299, 35.720360284], [-82.224067592, 35.719401777], [-82.224351992, 35.719073263], [-82.225531613, 35.718659007], [-82.227797292, 35.718517672], [-82.231131531, 35.71749839], [-82.233812941, 35.714972622], [-82.237259285, 35.713756851], [-82.237525342, 35.713572144], [-82.239545908, 35.713194646], [-82.240552919, 35.713654977], [-82.240731524, 35.713529863], [-82.242931024, 35.712618934], [-82.243905282, 35.709514949], [-82.246427465, 35.70823758], [-82.247338407, 35.70794832], [-82.248436066, 35.707213316], [-82.250408457, 35.706808878], [-82.252259373, 35.706578516], [-82.253063069, 35.70522317], [-82.255912136, 35.702175005], [-82.256627025, 35.700494068], [-82.25739744, 35.699103087], [-82.257869406, 35.698976214], [-82.258155794, 35.698649986], [-82.259304936, 35.698908856], [-82.260220067, 35.699307543], [-82.264080835, 35.700498231], [-82.266028325, 35.700171047], [-82.26692417, 35.700719743], [-82.268742571, 35.703167785], [-82.270609516, 35.704345809], [-82.271665931, 35.704286994], [-82.274945338, 35.704449107], [-82.275638074, 35.70474982], [-82.275854732, 35.704603709], [-82.278803825, 35.703079301], [-82.281257931, 35.702288361], [-82.2820482, 35.700669001], [-82.283512326, 35.698857328], [-82.286941835, 35.697200421], [-82.288822523, 35.69641029], [-82.289003218, 35.696287474], [-82.289074848, 35.695062519], [-82.289105015, 35.693862352], [-82.289863158, 35.692899232], [-82.290805287, 35.690935772], [-82.292143638, 35.689669973], [-82.294919836, 35.684884301], [-82.29505569, 35.684411447], [-82.295234137, 35.684286247], [-82.294903202, 35.684247738], [-82.294951261, 35.683982556], [-82.293909569, 35.683146315], [-82.29237833, 35.682447704], [-82.290795727, 35.681886941], [-82.2897527, 35.680403171], [-82.287380581, 35.678751939], [-82.285661791, 35.677938302], [-82.283813173, 35.676457946], [-82.283913491, 35.674565702], [-82.281841771, 35.671667319], [-82.281023635, 35.669949418], [-82.280731862, 35.668371109], [-82.28034102, 35.667659186], [-82.280548169, 35.667564855], [-82.281094688, 35.667141968], [-82.281842048, 35.665786274], [-82.28549576, 35.661443592], [-82.285489801, 35.659744153], [-82.286848023, 35.657856678], [-82.285668985, 35.656906984], [-82.286064869, 35.656062474], [-82.286156165, 35.654932852], [-82.286733618, 35.652897306], [-82.286426168, 35.651725462], [-82.286244447, 35.650748082], [-82.285434888, 35.647818973], [-82.283334053, 35.647428217], [-82.2832763, 35.646989919], [-82.282971917, 35.646049002], [-82.282825891, 35.644525725], [-82.283328738, 35.643469438], [-82.282770554, 35.64232758], [-82.282182263, 35.641497424], [-82.282162931, 35.64009045], [-82.281799581, 35.639125723], [-82.28123578, 35.638990195], [-82.280805884, 35.638538131], [-82.279678295, 35.638267063], [-82.279628716, 35.638060305], [-82.278604982, 35.638118666], [-82.275834637, 35.637493129], [-82.27532562, 35.63685199], [-82.2727901, 35.634510517], [-82.271127463, 35.632317341], [-82.271000043, 35.631638179], [-82.27142603, 35.630395245], [-82.273392271, 35.629983582], [-82.274320063, 35.629057275], [-82.273749672, 35.627765817], [-82.272438347, 35.625774398], [-82.27185285, 35.62402842], [-82.271988503, 35.623629587], [-82.271998655, 35.623224575], [-82.272227448, 35.622559463], [-82.271696676, 35.621835354], [-82.270303301, 35.621416791], [-82.268153293, 35.619701891], [-82.265810006, 35.618194982], [-82.264712362, 35.617906064], [-82.264742931, 35.616691023], [-82.264966553, 35.616040122], [-82.265007305, 35.614420065], [-82.265309594, 35.61364083], [-82.267821271, 35.612692131], [-82.268727977, 35.612535617], [-82.269991301, 35.611445407], [-82.271822922, 35.612006108], [-82.273170064, 35.611471481], [-82.273783375, 35.610940085], [-82.275244986, 35.610850379], [-82.275460816, 35.610765545], [-82.27670771, 35.610521722], [-82.279543827, 35.609018274], [-82.280521896, 35.608918659], [-82.28042902, 35.608034083], [-82.281408635, 35.60670336], [-82.282036867, 35.606089045], [-82.281979288, 35.60355418], [-82.281909743, 35.603122948], [-82.283121176, 35.602841088], [-82.284905458, 35.60254138], [-82.287551484, 35.601138326], [-82.28880028, 35.599441205], [-82.289007234, 35.599346854], [-82.288490191, 35.598474198], [-82.289592506, 35.597119649], [-82.2896339, 35.596599806], [-82.291854564, 35.594544159], [-82.291057933, 35.592870965], [-82.291204948, 35.590937515], [-82.292054884, 35.590277073], [-82.294302888, 35.589525676], [-82.295680036, 35.588501411], [-82.295675671, 35.587068646], [-82.296792246, 35.586172681], [-82.296954205, 35.58631214], [-82.298789922, 35.586716406], [-82.299587742, 35.585002635], [-82.3023384, 35.584531797], [-82.304212503, 35.584125958], [-82.308148844, 35.584125202], [-82.308653126, 35.584033703], [-82.308701074, 35.583768493], [-82.30903158, 35.583806968], [-82.309899477, 35.583789525], [-82.311652324, 35.583033087], [-82.313530208, 35.582839104], [-82.316797187, 35.582967495], [-82.318390004, 35.582279085], [-82.318902933, 35.582402219], [-82.32101792, 35.582398597], [-82.323036839, 35.581715263], [-82.323721237, 35.581881587], [-82.324905692, 35.581862769], [-82.325471762, 35.581837621], [-82.326653992, 35.581524472], [-82.326923869, 35.580861962], [-82.328484892, 35.579691631], [-82.328689534, 35.579594837], [-82.328706051, 35.57887537], [-82.328550541, 35.578495541], [-82.329349224, 35.578087011], [-82.331952145, 35.576269828], [-82.333473646, 35.573652085], [-82.33512602, 35.573844104], [-82.336572329, 35.57254824], [-82.337261243, 35.569488897], [-82.339503095, 35.568545643], [-82.342787716, 35.568776976], [-82.343061454, 35.566483859], [-82.342800903, 35.564245034], [-82.344373077, 35.562775442], [-82.344691773, 35.5619578], [-82.344320884, 35.561208154], [-82.341871324, 35.559036609], [-82.339635842, 35.557183923], [-82.339509325, 35.557023253], [-82.338359094, 35.556766902], [-82.337451175, 35.556365226], [-82.335481151, 35.555890873], [-82.333912467, 35.555412365], [-82.330512785, 35.554507286], [-82.32771712, 35.553541182], [-82.324953487, 35.550850313], [-82.324082666, 35.550418982], [-82.323366689, 35.548253963], [-82.323291051, 35.547826279], [-82.324213028, 35.547550624], [-82.326187553, 35.54653848], [-82.327699585, 35.546263737], [-82.328372694, 35.544738427], [-82.328633925, 35.544385892], [-82.328840679, 35.544291466], [-82.329634344, 35.543675056], [-82.331496389, 35.543051714], [-82.331492848, 35.541917363], [-82.332793972, 35.541890948], [-82.333142312, 35.54149353], [-82.335775502, 35.541605031], [-82.337655236, 35.54110213], [-82.338083789, 35.540610362], [-82.338357464, 35.53995462], [-82.339920837, 35.537961543], [-82.340917478, 35.535107148], [-82.341557798, 35.533571632], [-82.341603318, 35.533012072], [-82.343161664, 35.530694704], [-82.343884931, 35.528142779], [-82.34372929, 35.527997761], [-82.34291325, 35.527541175], [-82.342675979, 35.52697202], [-82.340835519, 35.525943632], [-82.34037097, 35.524808584], [-82.340387364, 35.524089083], [-82.340224913, 35.523221858], [-82.338583129, 35.521150262], [-82.337677378, 35.520315084], [-82.336116, 35.517812738], [-82.335338673, 35.517419816], [-82.334086385, 35.51646179], [-82.331145083, 35.516369312], [-82.330152284, 35.516674823], [-82.327679763, 35.517093769], [-82.326363866, 35.516853907], [-82.324464916, 35.517436851], [-82.321811828, 35.516783193], [-82.320799342, 35.515971396], [-82.319699273, 35.515250941], [-82.3184657, 35.513270924], [-82.316885047, 35.511959209], [-82.31671793, 35.509879089], [-82.314933232, 35.508399703], [-82.314023988, 35.506666831], [-82.314055208, 35.505589355], [-82.31448398, 35.505417156], [-82.315463734, 35.504570765], [-82.316323465, 35.504228729], [-82.317514005, 35.504242567], [-82.321943347, 35.504434652], [-82.324097397, 35.502392052], [-82.326062196, 35.502157433], [-82.328162357, 35.501128245], [-82.33133628, 35.501110417], [-82.332845698, 35.500465165], [-82.333379039, 35.500618184], [-82.333788362, 35.50084563], [-82.334482528, 35.500325543], [-82.336817113, 35.499221938], [-82.33809609, 35.497940527], [-82.338819403, 35.496425237], [-82.338837502, 35.495769384], [-82.339576559, 35.494444212], [-82.338717837, 35.492048892], [-82.338754037, 35.490576392], [-82.340782238, 35.489052062], [-82.343831905, 35.489165486], [-82.345154098, 35.487876351], [-82.346532066, 35.488178283], [-82.347215208, 35.488054592], [-82.34803137, 35.488274277], [-82.348733204, 35.488704922], [-82.349961724, 35.488769419], [-82.351078354, 35.489455579], [-82.354442758, 35.490102459], [-82.35648625, 35.490817952], [-82.358811769, 35.48844358], [-82.358868905, 35.487716112], [-82.359602145, 35.486142658], [-82.360522983, 35.485267968], [-82.361462287, 35.485095671], [-82.363997936, 35.486236299], [-82.365317943, 35.485674479], [-82.36605674, 35.485519065], [-82.366803815, 35.48527364], [-82.367730584, 35.485478523], [-82.369578969, 35.485506869], [-82.370258463, 35.483776932], [-82.369748836, 35.482803877], [-82.37073534, 35.482002325], [-82.370954238, 35.481604618], [-82.371205354, 35.48092505], [-82.371908076, 35.480325387], [-82.371616371, 35.479077216], [-82.37016343, 35.477347329], [-82.370209494, 35.476373173], [-82.370114272, 35.475291649], [-82.370874072, 35.474491294], [-82.370533091, 35.471071054], [-82.368322693, 35.46903106], [-82.368307887, 35.46734111], [-82.367526636, 35.465917596], [-82.367347012, 35.46411965], [-82.365144605, 35.462095288], [-82.363212828, 35.460937965], [-82.362051627, 35.460955419], [-82.360855137, 35.460934913], [-82.360289975, 35.460960233], [-82.359344913, 35.461210099], [-82.357129751, 35.461043704], [-82.35496815, 35.462042858], [-82.350933732, 35.463298192], [-82.348915248, 35.465504995], [-82.347180084, 35.465478854], [-82.346275148, 35.465198032], [-82.344490137, 35.464235164], [-82.342661527, 35.463675516], [-82.340438869, 35.46419342], [-82.338828335, 35.464293783], [-82.336852396, 35.463105465], [-82.336613836, 35.462720153], [-82.33575029, 35.462414438], [-82.33407973, 35.460963286], [-82.331504226, 35.459772771], [-82.329039346, 35.459779875], [-82.328889857, 35.45884213], [-82.328635148, 35.45860513], [-82.327746902, 35.456085533], [-82.326972415, 35.45511096], [-82.324071158, 35.454093876], [-82.322039596, 35.454121669], [-82.318513579, 35.455591718], [-82.317421275, 35.45662809], [-82.316463947, 35.455894479], [-82.314220443, 35.455112488], [-82.313152149, 35.454571139], [-82.312543902, 35.454047447], [-82.311535265, 35.452139888], [-82.311273234, 35.451914681], [-82.31154682, 35.45125895], [-82.312563684, 35.449502925], [-82.313294042, 35.447569616], [-82.31438454, 35.445229743], [-82.314460652, 35.444297088], [-82.314999327, 35.442390085], [-82.313872316, 35.440015931], [-82.314113214, 35.439161729], [-82.313729066, 35.43707518], [-82.315642233, 35.436096476], [-82.316462043, 35.434380927], [-82.318016574, 35.433201695], [-82.317946709, 35.432304912], [-82.318320609, 35.43068336], [-82.317432884, 35.428076858], [-82.319757546, 35.426054329], [-82.320085924, 35.424641161], [-82.320185841, 35.423867841], [-82.321273863, 35.423158924], [-82.322948797, 35.423616511], [-82.32400556, 35.424059158], [-82.325700458, 35.424201659], [-82.326520165, 35.424324678], [-82.327189076, 35.424379342], [-82.328916973, 35.425945331], [-82.329675793, 35.426435726], [-82.330015289, 35.425982296], [-82.329968933, 35.425509308], [-82.330538719, 35.424989608], [-82.330492771, 35.424499742], [-82.330612692, 35.424242891], [-82.330573548, 35.423832101], [-82.330760075, 35.423439135], [-82.330498022, 35.422630002], [-82.330578978, 35.420515182], [-82.329999145, 35.419571699], [-82.327962078, 35.419065664], [-82.32934024, 35.417840385], [-82.331189025, 35.41655778], [-82.331812877, 35.415722776], [-82.33172986, 35.415029704], [-82.332736135, 35.414846476], [-82.335327444, 35.414786483], [-82.336925608, 35.413229187], [-82.338047593, 35.412665857], [-82.339785381, 35.414234976], [-82.342238754, 35.4129676], [-82.343664323, 35.41277808], [-82.344834627, 35.4133057], [-82.344812616, 35.41260917], [-82.344060737, 35.411173924], [-82.344736693, 35.409507092], [-82.345426919, 35.40919389], [-82.34564574, 35.408796203], [-82.345597013, 35.407195247], [-82.345111542, 35.405331879], [-82.344549602, 35.404259367], [-82.344855728, 35.403829528], [-82.344079342, 35.403349856], [-82.342620963, 35.402333777], [-82.340978031, 35.401554314], [-82.339283147, 35.400011318], [-82.33737232, 35.399551821], [-82.335695015, 35.39966537], [-82.333840047, 35.399567776], [-82.333393866, 35.399124371], [-82.33506714, 35.397279648], [-82.333173787, 35.395393923], [-82.332592048, 35.394082036], [-82.332260951, 35.392473509], [-82.33201496, 35.391911654], [-82.33192214, 35.390250483], [-82.330498854, 35.388588719], [-82.329680384, 35.38811036], [-82.327326448, 35.387192763], [-82.327039466, 35.386858856], [-82.325814338, 35.386390187], [-82.322824098, 35.383896024], [-82.321397158, 35.383365679], [-82.320371199, 35.384638274], [-82.320118815, 35.387061151], [-82.316601795, 35.388936059], [-82.314357177, 35.389746937], [-82.313083255, 35.391460283], [-82.310868768, 35.390732126], [-82.310336844, 35.390765261], [-82.30944695, 35.390333429], [-82.308940969, 35.390164342], [-82.309509911, 35.389502876], [-82.309526411, 35.388156963], [-82.309059506, 35.387012764], [-82.3095668, 35.385453299], [-82.309849591, 35.385124486], [-82.31013238, 35.384795672], [-82.310513001, 35.383938716], [-82.310795782, 35.3836099], [-82.310768157, 35.38265451], [-82.309555149, 35.380339858], [-82.310784554, 35.377618397], [-82.312077582, 35.377373646], [-82.31352396, 35.377722311], [-82.314826465, 35.376666123], [-82.315192225, 35.375686815], [-82.314637862, 35.374633984], [-82.314542311, 35.374026141], [-82.314382453, 35.37240361], [-82.315463024, 35.371892821], [-82.315479698, 35.371143611], [-82.316972792, 35.369043223], [-82.317689685, 35.367281785], [-82.319052895, 35.366996502], [-82.319061758, 35.366553191], [-82.320048786, 35.36574369], [-82.320779032, 35.364768807], [-82.321804562, 35.364431406], [-82.32304886, 35.364295137], [-82.324179775, 35.363445263], [-82.327323283, 35.362849132], [-82.330609876, 35.363619547], [-82.331644545, 35.363128672], [-82.332831029, 35.359909056], [-82.333800474, 35.359590416], [-82.336192513, 35.361504787], [-82.336865802, 35.361342038], [-82.338260823, 35.360747109], [-82.339184377, 35.361341368], [-82.340318122, 35.361892399], [-82.341425039, 35.363572278], [-82.342105714, 35.365678558], [-82.343396868, 35.367445452], [-82.345265455, 35.367857719], [-82.345606154, 35.367366316], [-82.345625008, 35.36666182], [-82.34658555, 35.364052695], [-82.347363518, 35.363468328], [-82.347771598, 35.363274637], [-82.349200522, 35.363309821], [-82.350184711, 35.362455345], [-82.350837158, 35.361194089], [-82.35176235, 35.35986302], [-82.352336562, 35.358173716], [-82.352005748, 35.357001118], [-82.355381161, 35.355402994], [-82.355763513, 35.354283784], [-82.355082409, 35.352251597], [-82.357152693, 35.351216688], [-82.359338818, 35.350531643], [-82.360703398, 35.349342629], [-82.360902979, 35.349241015], [-82.363069386, 35.349177784], [-82.365302947, 35.348256956], [-82.3669867, 35.345346763], [-82.367016534, 35.344946112], [-82.366469606, 35.343790742], [-82.366890724, 35.342293055], [-82.368170653, 35.342526539], [-82.370837758, 35.343479874], [-82.370723215, 35.34238961], [-82.371329397, 35.34179361], [-82.371813958, 35.3407328], [-82.373364219, 35.339575838], [-82.373812603, 35.338364827], [-82.373326497, 35.336708765], [-82.375646275, 35.336242129], [-82.376424795, 35.335886185], [-82.376595689, 35.33575371], [-82.376517018, 35.335327753], [-82.374843708, 35.333258642], [-82.375019314, 35.330549655], [-82.374829937, 35.329334317], [-82.375434335, 35.327223169], [-82.375012024, 35.3268969], [-82.374457083, 35.325903534], [-82.375040927, 35.324566503], [-82.374642654, 35.323373418], [-82.371710327, 35.321836997], [-82.369641185, 35.321245118], [-82.369467874, 35.321112819], [-82.369240301, 35.321283123], [-82.367451866, 35.319873275], [-82.365227804, 35.319383889], [-82.364717241, 35.319476825], [-82.364541813, 35.318931675], [-82.364355547, 35.316982438], [-82.365220586, 35.315557548], [-82.366343938, 35.314581654], [-82.366986416, 35.314324213], [-82.367576052, 35.314009841], [-82.370619203, 35.311951762], [-82.371455043, 35.310908532], [-82.373426124, 35.309510681], [-82.373481888, 35.308979737], [-82.373727066, 35.308608353], [-82.374247558, 35.308268986], [-82.376038648, 35.30793349], [-82.376736078, 35.307735291], [-82.377866011, 35.307454075], [-82.37942791, 35.305729277], [-82.379626115, 35.304872125], [-82.379279575, 35.303962221], [-82.378817103, 35.302922464], [-82.381158971, 35.301622635], [-82.381385309, 35.300637567], [-82.380427417, 35.29847806], [-82.380533639, 35.297650411], [-82.383549943, 35.296088305], [-82.384201966, 35.296142931], [-82.385523268, 35.296918556], [-82.386457732, 35.296686499], [-82.38801297, 35.29606743], [-82.389537782, 35.2978484], [-82.390811204, 35.297145773], [-82.391170818, 35.294358679], [-82.391916743, 35.29338953], [-82.391953589, 35.292420525], [-82.391548545, 35.291719677], [-82.392062219, 35.290698156], [-82.392909629, 35.291289586], [-82.394291713, 35.291285086], [-82.395323488, 35.288703003], [-82.396637616, 35.288402836], [-82.397839169, 35.289363309], [-82.398869011, 35.289169749], [-82.401490678, 35.289031922], [-82.402304133, 35.288756086], [-82.404401683, 35.288333078], [-82.404675506, 35.28782956], [-82.405162176, 35.286531929], [-82.404433427, 35.284424631], [-82.404269996, 35.283576262], [-82.403872019, 35.282013024], [-82.403898528, 35.279955291], [-82.402333129, 35.27655115], [-82.401976907, 35.274137936], [-82.402957484, 35.270297278], [-82.403023475, 35.269649028], [-82.403488318, 35.269148647], [-82.404610722, 35.267510112], [-82.405621741, 35.265613201], [-82.407940655, 35.266974157], [-82.408892626, 35.26705291], [-82.410171117, 35.267243603], [-82.412274527, 35.266637124], [-82.415841277, 35.266744135], [-82.415391415, 35.264559207], [-82.414914039, 35.263484001], [-82.413923749, 35.258504817], [-82.414724889, 35.257531393], [-82.416707592, 35.257128789], [-82.417229404, 35.257058142], [-82.417760021, 35.256996977], [-82.419641204, 35.256662952], [-82.422510201, 35.256735432], [-82.424339752, 35.256543454], [-82.425931576, 35.254461983], [-82.426485338, 35.253108594], [-82.427456912, 35.25229662], [-82.427566639, 35.25015122], [-82.428200371, 35.249496847], [-82.428225192, 35.248989815], [-82.428603125, 35.247768374], [-82.429186421, 35.24652842], [-82.430566637, 35.245484512], [-82.433419482, 35.244128854], [-82.434917237, 35.242999083], [-82.435538115, 35.242931383], [-82.437668321, 35.243303021], [-82.439440038, 35.243654251], [-82.443274807, 35.243988366], [-82.444256549, 35.243780452], [-82.445673085, 35.243724429], [-82.446702074, 35.243251149], [-82.448970766, 35.243272583], [-82.450336979, 35.242762141], [-82.452190849, 35.243330026], [-82.45380229, 35.24298968], [-82.454675101, 35.242980652], [-82.455083407, 35.243207732], [-82.455615201, 35.243360235], [-82.457389764, 35.24394636], [-82.45849401, 35.244937306], [-82.459740037, 35.245485526], [-82.46113582, 35.245192071], [-82.462223248, 35.245097787], [-82.463419543, 35.244804512], [-82.463864462, 35.243070301], [-82.464592076, 35.242092346], [-82.46451218, 35.241257983], [-82.465041813, 35.240227515], [-82.466270726, 35.23933713], [-82.466683617, 35.23872688], [-82.467571999, 35.238998835], [-82.468334, 35.238712441], [-82.469864956, 35.238779381], [-82.470664656, 35.238708899], [-82.47177635, 35.237739332], [-82.472425734, 35.23647726], [-82.47264029, 35.236392039], [-82.473792039, 35.236643606], [-82.474363009, 35.23701847], [-82.475223992, 35.237016394], [-82.477058268, 35.237930708], [-82.479442737, 35.237476228], [-82.480726207, 35.238138565], [-82.48159896, 35.238129339], [-82.482580523, 35.237921104], [-82.484655124, 35.237940613], [-82.486060012, 35.23723962], [-82.487314102, 35.237018381], [-82.488603235, 35.237412593], [-82.491054389, 35.237217345], [-82.492108358, 35.23796096], [-82.49313861, 35.23821735], [-82.494002549, 35.238198552], [-82.495880683, 35.238068259], [-82.497028313, 35.235962321], [-82.499426323, 35.23486799], [-82.500615091, 35.233934588], [-82.502506707, 35.233757098], [-82.504929474, 35.233202885], [-82.507130699, 35.232936197], [-82.508216727, 35.233602963], [-82.509296918, 35.233977094], [-82.510620686, 35.233569018], [-82.511401184, 35.23370973], [-82.51190034, 35.233735512], [-82.512294447, 35.233806308], [-82.514706862, 35.233058193], [-82.516218659, 35.233987596], [-82.518827191, 35.233539128], [-82.521552417, 35.232194358], [-82.521771308, 35.232039741], [-82.524605337, 35.232243317], [-82.526193475, 35.232074948], [-82.527074322, 35.232626939], [-82.527512595, 35.233204145], [-82.529387205, 35.232869843], [-82.533334161, 35.232966444], [-82.534485413, 35.232123631], [-82.535089159, 35.231824982], [-82.536634757, 35.230695378], [-82.537473235, 35.230597186], [-82.537898402, 35.230106632], [-82.539069925, 35.229786525], [-82.53935336, 35.229459485], [-82.539682452, 35.229497328], [-82.540227118, 35.228360475], [-82.540219682, 35.226963394], [-82.541250094, 35.225497372], [-82.541608124, 35.224303091], [-82.54197124, 35.224029633], [-82.544333726, 35.222966372], [-82.545959595, 35.22132126], [-82.546260508, 35.220776206], [-82.546871729, 35.221117244], [-82.547033254, 35.220975033], [-82.548264382, 35.220479772], [-82.548693278, 35.219566521], [-82.548668553, 35.219290782], [-82.549712371, 35.217197948], [-82.549178807, 35.21555636], [-82.549722121, 35.21439605], [-82.549116132, 35.2133427], [-82.549520818, 35.212595902], [-82.551402443, 35.211282647], [-82.551056468, 35.209544147], [-82.551592944, 35.208823067], [-82.551941918, 35.20761926], [-82.55124254, 35.207020589], [-82.552441582, 35.203735507], [-82.553259188, 35.202907106], [-82.55313889, 35.200944904], [-82.552831463, 35.200681099], [-82.552628116, 35.200778314], [-82.550799672, 35.202163263], [-82.549520274, 35.202399113], [-82.548053383, 35.20207817], [-82.546790027, 35.202059857], [-82.545089234, 35.199738191], [-82.544140112, 35.199529617], [-82.543355543, 35.199517664], [-82.541723148, 35.198115594], [-82.542147296, 35.197407014], [-82.543136393, 35.19658782], [-82.542470445, 35.195578269], [-82.542285405, 35.194503441], [-82.541685631, 35.193683429], [-82.541362482, 35.193405083], [-82.542172064, 35.192696414], [-82.543809086, 35.192038484], [-82.544227721, 35.190485158], [-82.545193126, 35.190378287], [-82.547832281, 35.189004145], [-82.551429335, 35.189792142], [-82.552936764, 35.188649555], [-82.554814361, 35.188603027], [-82.55564467, 35.188548244], [-82.555542463, 35.187552781], [-82.556465739, 35.184980626], [-82.55617742, 35.183970119], [-82.556800807, 35.182844368], [-82.559132882, 35.181246446], [-82.559524582, 35.180720259], [-82.559727868, 35.180623031], [-82.563054421, 35.181278087], [-82.564587403, 35.181014136], [-82.567995773, 35.179406396], [-82.568707859, 35.177880379], [-82.568855518, 35.174901778], [-82.569137475, 35.173986406], [-82.569149392, 35.173710643], [-82.569400898, 35.17333969], [-82.570986739, 35.172834231], [-82.572473787, 35.17275532], [-82.573952532, 35.175728093], [-82.575194604, 35.176295864], [-82.577236763, 35.175447094], [-82.577764482, 35.175382836], [-82.578413617, 35.17479306], [-82.57829853, 35.173645958], [-82.579380048, 35.17269962], [-82.579594307, 35.172614198], [-82.58012688, 35.172239514], [-82.581508393, 35.171524318], [-82.583220368, 35.170197565], [-82.584075587, 35.168704828], [-82.585182102, 35.168359994], [-82.586872803, 35.167972142], [-82.587728361, 35.166164221], [-82.589875411, 35.165670003], [-82.590966174, 35.164312126], [-82.590998797, 35.163903352], [-82.591447456, 35.162292038], [-82.589248185, 35.159524576], [-82.588790896, 35.15944252], [-82.587577729, 35.159381663], [-82.586017508, 35.158999628], [-82.585795471, 35.158161813], [-82.586953722, 35.156420343], [-82.586417332, 35.155298958], [-82.585998821, 35.153076223], [-82.585067525, 35.151384877], [-82.582966721, 35.150650934], [-82.582460377, 35.150624567], [-82.581485371, 35.150447104], [-82.579817381, 35.150365689], [-82.577978194, 35.149113751], [-82.57721886, 35.147920162], [-82.57778799, 35.146682324], [-82.577601254, 35.146239896], [-82.576363857, 35.145886287], [-82.576284461, 35.145697351], [-82.577280963, 35.144874568], [-82.578300444, 35.142135618], [-82.579634653, 35.141195037], [-82.582034799, 35.142667905], [-82.584453187, 35.143114662], [-82.586631013, 35.143246057], [-82.587299958, 35.143018164], [-82.5886969, 35.14294147], [-82.590141229, 35.141806095], [-82.591607036, 35.141650532], [-82.591777124, 35.141517722], [-82.59226678, 35.139597994], [-82.593507237, 35.139025201], [-82.596541485, 35.13875537], [-82.597904569, 35.138319293], [-82.598065825, 35.138177001], [-82.600531437, 35.138578076], [-82.602593089, 35.139220511], [-82.604423269, 35.139212323], [-82.607211725, 35.139878708], [-82.608650633, 35.139383503], [-82.611308624, 35.140121576], [-82.613584719, 35.139961223], [-82.613891826, 35.139719262], [-82.614018333, 35.137969471], [-82.614311345, 35.137330308], [-82.615902869, 35.136636722], [-82.617328525, 35.136469912], [-82.619350231, 35.135459556], [-82.62320431, 35.134815383], [-82.624833603, 35.132666375], [-82.624928029, 35.130724646], [-82.62578343, 35.129462294], [-82.626446356, 35.128281575], [-82.62719227, 35.127180155], [-82.628473692, 35.12584806], [-82.631257975, 35.125878815], [-82.632968073, 35.125507445], [-82.635616679, 35.125564892], [-82.635698785, 35.12739775], [-82.636431408, 35.12888189], [-82.636492288, 35.130268082], [-82.63665097, 35.130408913], [-82.638513262, 35.130200813], [-82.640152046, 35.13014695], [-82.640482018, 35.1320758], [-82.641677887, 35.132337256], [-82.642066297, 35.131645489], [-82.643522125, 35.130527798], [-82.643579208, 35.129349716], [-82.645656497, 35.126612831], [-82.646830613, 35.126848489], [-82.647435108, 35.126866768], [-82.64796038, 35.127098108], [-82.648139859, 35.126955725], [-82.651603321, 35.12627877], [-82.652137255, 35.126221277], [-82.652010081, 35.124838127], [-82.652154079, 35.122908448], [-82.655170086, 35.121344756], [-82.655769973, 35.120072111], [-82.657031785, 35.119177518], [-82.657428963, 35.118973245], [-82.660659751, 35.119219294], [-82.662508767, 35.117812061], [-82.665364351, 35.11843612], [-82.66653108, 35.117934619], [-82.667540064, 35.118155474], [-82.669215106, 35.120588741], [-82.669742372, 35.120524068], [-82.67165847, 35.119166663], [-82.673480265, 35.117284466], [-82.674296343, 35.117500191], [-82.674645701, 35.117958846], [-82.673603842, 35.120473608], [-82.673454666, 35.124429107], [-82.674503283, 35.126551809], [-82.67523621, 35.126419593], [-82.675767631, 35.12657112], [-82.677806425, 35.127704576], [-82.679324035, 35.127968463], [-82.680737329, 35.127989883], [-82.682046593, 35.127737143], [-82.682748299, 35.126913869], [-82.682982256, 35.126219221], [-82.684917152, 35.125773315], [-82.685598889, 35.125559058], [-82.686653459, 35.125429563], [-82.687158683, 35.125341147], [-82.687075574, 35.124917096], [-82.686862476, 35.124097498], [-82.68678897, 35.122718451], [-82.686389761, 35.121164815], [-82.687508093, 35.119079633], [-82.689234731, 35.118910322], [-82.690108282, 35.119052096], [-82.691125617, 35.118880257], [-82.692414353, 35.118713924], [-82.693422066, 35.117246449], [-82.694023099, 35.116593573], [-82.695067658, 35.114599358], [-82.694914761, 35.11445504], [-82.694586283, 35.113560979], [-82.693438678, 35.112874028], [-82.689123367, 35.111041598], [-82.687533806, 35.110936709], [-82.68725412, 35.110333731], [-82.687087132, 35.108800179], [-82.686463146, 35.108204513], [-82.689277261, 35.10613902], [-82.690194839, 35.103461942], [-82.692888396, 35.101230355], [-82.694505002, 35.099497993], [-82.696073035, 35.098343898], [-82.696585689, 35.097446161], [-82.697382963, 35.096597745], [-82.698448065, 35.095219267], [-82.699632584, 35.095948481], [-82.699156513, 35.09725229], [-82.700308607, 35.098963508], [-82.700365296, 35.100575432], [-82.70122948, 35.100409371], [-82.702750747, 35.098757024], [-82.706308322, 35.098294526], [-82.708109792, 35.096445554], [-82.70975608, 35.096328204], [-82.711108658, 35.094620628], [-82.714177161, 35.093973272], [-82.714985244, 35.093422119], [-82.715767992, 35.093001339], [-82.715946582, 35.092877807], [-82.716439783, 35.093052326], [-82.717332485, 35.093458392], [-82.719170719, 35.093997297], [-82.719967043, 35.093723983], [-82.721039489, 35.093608955], [-82.723806604, 35.094617145], [-82.724981323, 35.093688778], [-82.725464578, 35.094371884], [-82.727327235, 35.094830935], [-82.728868131, 35.092700403], [-82.729131466, 35.092209977], [-82.729947229, 35.091041977], [-82.72956142, 35.088895677], [-82.730207424, 35.08799606], [-82.731369449, 35.08704928], [-82.733009162, 35.087540054], [-82.7353393, 35.087041024], [-82.735044688, 35.085935189], [-82.735564265, 35.08406091], [-82.736667577, 35.081358177], [-82.739121157, 35.081277103], [-82.739836563, 35.080353596], [-82.739261961, 35.079156766], [-82.738833869, 35.07791522], [-82.740447378, 35.077396117], [-82.742074877, 35.078393038], [-82.74310273, 35.078774066], [-82.744258423, 35.080227165], [-82.745049259, 35.079667536], [-82.746864935, 35.080063873], [-82.748363286, 35.080735114], [-82.749343827, 35.081087447], [-82.750045715, 35.081537194], [-82.750778803, 35.081400353], [-82.751144915, 35.081251507], [-82.751045856, 35.080269431], [-82.751758644, 35.079616307], [-82.751761576, 35.078664831], [-82.751559624, 35.077838181], [-82.751565493, 35.075935225], [-82.750983141, 35.073576373], [-82.752630133, 35.071732608], [-82.753357769, 35.069515958], [-82.754351642, 35.068539355], [-82.75468015, 35.068576603], [-82.754726235, 35.06831109], [-82.755429331, 35.06812007], [-82.755852205, 35.067628653], [-82.756786713, 35.067370795], [-82.756927667, 35.067206988], [-82.759982701, 35.067396767], [-82.763835467, 35.06832831], [-82.765567336, 35.067803274], [-82.766742585, 35.067650873], [-82.768529854, 35.066821153], [-82.770111702, 35.06749313], [-82.770882412, 35.067258917], [-82.772080955, 35.065749099], [-82.774464029, 35.064591244], [-82.778407129, 35.06524277], [-82.779351695, 35.064956272], [-82.781691117, 35.065409254], [-82.782158948, 35.066726998], [-82.779736015, 35.069067042], [-82.778985453, 35.070468991], [-82.78009724, 35.072208595], [-82.77811144, 35.074788437], [-82.777269409, 35.076264629], [-82.777237866, 35.0766883], [-82.776670787, 35.077755674], [-82.776547423, 35.079418949], [-82.776066052, 35.08047487], [-82.776102386, 35.08145825], [-82.778048515, 35.083065959], [-82.778634955, 35.083895846], [-82.778799655, 35.084032924], [-82.780138342, 35.083799453], [-82.7817916, 35.085058807], [-82.782825033, 35.085696002], [-82.785191335, 35.084954775], [-82.786125535, 35.083747001], [-82.787355803, 35.08468348], [-82.789088844, 35.085558346], [-82.789176636, 35.086018766], [-82.789270187, 35.086551747], [-82.790644241, 35.086567494], [-82.792317904, 35.085290991], [-82.793642088, 35.084702527], [-82.795347255, 35.086056358], [-82.796445996, 35.0865739], [-82.796760522, 35.087569636], [-82.797197827, 35.087855922], [-82.79762843, 35.087515419], [-82.798238355, 35.087787364], [-82.799447464, 35.087803405], [-82.801931018, 35.086973582], [-82.803285171, 35.088814249], [-82.803556254, 35.089637968], [-82.805434375, 35.090311099], [-82.805222668, 35.090944941], [-82.805217823, 35.091215106], [-82.80490608, 35.092154893], [-82.804150218, 35.093256026], [-82.804222106, 35.093945152], [-82.80504123, 35.094158191], [-82.806182019, 35.094887628], [-82.809310043, 35.09600844], [-82.810936075, 35.097050606], [-82.811649233, 35.097059178], [-82.812602643, 35.09576881], [-82.813437459, 35.095951832], [-82.814490135, 35.09549535], [-82.815777193, 35.095348696], [-82.816664788, 35.09562013], [-82.817230172, 35.095347639], [-82.818303589, 35.092816641], [-82.817773035, 35.091781829], [-82.818033197, 35.091003284], [-82.818862823, 35.089791971], [-82.819344023, 35.08873381], [-82.81984119, 35.088007373], [-82.820276495, 35.08721474], [-82.821417217, 35.086262679], [-82.822058976, 35.084850396], [-82.823777817, 35.083096405], [-82.825084218, 35.080714295], [-82.825677109, 35.080842477], [-82.826271968, 35.080731894], [-82.826756565, 35.080911307], [-82.829472141, 35.082084529], [-82.830780664, 35.081781541], [-82.831195113, 35.083171196], [-82.83054843, 35.084946714], [-82.83107904, 35.085875724], [-82.830632283, 35.087599751], [-82.830089385, 35.088591771], [-82.829227927, 35.090489002], [-82.83083462, 35.092674955], [-82.831847506, 35.09353986], [-82.832097003, 35.096249597], [-82.831367623, 35.098442988], [-82.831861241, 35.099890168], [-82.8318281, 35.101810934], [-82.831898331, 35.102480789], [-82.832434174, 35.10242484], [-82.834137044, 35.102083731], [-82.835300351, 35.103018394], [-82.836293279, 35.103362853], [-82.836852184, 35.10373456], [-82.837348655, 35.103906784], [-82.837145941, 35.105931092], [-82.837703872, 35.107810536], [-82.836976328, 35.108855801], [-82.836715085, 35.109520038], [-82.836386363, 35.109483021], [-82.836248881, 35.110279623], [-82.837081727, 35.110990929], [-82.837890837, 35.112507405], [-82.839435664, 35.113250209], [-82.840666202, 35.114676636], [-82.839833682, 35.117179868], [-82.839819212, 35.118007231], [-82.840999402, 35.118785081], [-82.841120391, 35.118948848], [-82.842107973, 35.118931], [-82.843911733, 35.117323757], [-82.844878213, 35.117094152], [-82.845120938, 35.117933532], [-82.847871679, 35.121097926], [-82.848909794, 35.121561519], [-82.849811581, 35.122299487], [-82.852237965, 35.123018575], [-82.853081678, 35.122301395], [-82.855301981, 35.122195765], [-82.85610877, 35.122421809], [-82.8569557, 35.122354184], [-82.857096542, 35.122190266], [-82.858550319, 35.122171813], [-82.85916078, 35.121880927], [-82.860154564, 35.121766345], [-82.860894843, 35.120904267], [-82.861595946, 35.120710259], [-82.862253512, 35.120784151], [-82.862390654, 35.121264795], [-82.862235821, 35.121738006], [-82.862496284, 35.122642758], [-82.86484927, 35.123484434], [-82.866377283, 35.121970682], [-82.868124355, 35.121130727], [-82.870484625, 35.121641104], [-82.872889308, 35.124905476], [-82.87468991, 35.125549579], [-82.875139793, 35.125750219], [-82.875732525, 35.125440344], [-82.877059866, 35.124498167], [-82.87982188, 35.124150475], [-82.880705016, 35.123522135], [-82.882061633, 35.123352922], [-82.88271444, 35.121582201], [-82.883156701, 35.121111618], [-82.883783065, 35.119266028], [-82.886593574, 35.118071445], [-82.887244388, 35.116676887], [-82.888116378, 35.115746976], [-82.889796193, 35.115630854], [-82.890148493, 35.115378541], [-82.890677445, 35.115103744], [-82.891333083, 35.115386608], [-82.892342689, 35.114264868], [-82.893423181, 35.113766424], [-82.89400966, 35.112669133], [-82.895655454, 35.112659081], [-82.896911108, 35.11295419], [-82.8970225, 35.112641025], [-82.897021886, 35.112370287], [-82.89716765, 35.111963702], [-82.896510875, 35.110712249], [-82.894889631, 35.109375932], [-82.894912094, 35.108209064], [-82.896810778, 35.10826542], [-82.896872496, 35.107403229], [-82.899253109, 35.106162328], [-82.90087858, 35.104470939], [-82.901802998, 35.104255219], [-82.902428776, 35.102409499], [-82.902955719, 35.10234378], [-82.904223173, 35.102752226], [-82.905105513, 35.102415466], [-82.906396731, 35.102807517], [-82.906805246, 35.103462281], [-82.907749886, 35.103692847], [-82.907840108, 35.104341559], [-82.908356149, 35.105224045], [-82.908250099, 35.107428255], [-82.908988442, 35.108464618], [-82.910320367, 35.109047251], [-82.91040904, 35.109674636], [-82.910206388, 35.109772476], [-82.909351971, 35.111059735], [-82.908615436, 35.111812515], [-82.907626685, 35.113302524], [-82.906034777, 35.114462767], [-82.906742843, 35.11552323], [-82.908912292, 35.116565475], [-82.911066174, 35.119483654], [-82.909718633, 35.120607867], [-82.909041348, 35.122631789], [-82.910806672, 35.124138326], [-82.910434281, 35.125255408], [-82.90911566, 35.125890169], [-82.908943943, 35.126021077], [-82.908776737, 35.128032318], [-82.908453308, 35.129336727], [-82.909567244, 35.129757468], [-82.91134467, 35.131087701], [-82.910789158, 35.13333247], [-82.912003567, 35.134937982], [-82.911754923, 35.135944153], [-82.911702299, 35.136479579], [-82.911188809, 35.138555655], [-82.911874874, 35.141973355], [-82.911379429, 35.143074544], [-82.912633038, 35.143079499], [-82.914492674, 35.142513668], [-82.918045116, 35.144628026], [-82.917703108, 35.146010702], [-82.918021406, 35.147238867], [-82.920308511, 35.148685087], [-82.92082824, 35.149487493], [-82.919656913, 35.150773203], [-82.918550271, 35.151040624], [-82.917073043, 35.15172754], [-82.91702159, 35.152271547], [-82.918011474, 35.152333623], [-82.918874214, 35.152846655], [-82.918805182, 35.155416458], [-82.919350992, 35.155731226], [-82.921903046, 35.155191934], [-82.922519748, 35.155933271], [-82.922899456, 35.156956818], [-82.923617669, 35.158496063], [-82.922665867, 35.15953992], [-82.922454062, 35.161736397], [-82.921894987, 35.162597907], [-82.921392589, 35.162869481], [-82.921419765, 35.163566052], [-82.921883427, 35.165123355], [-82.924672087, 35.166779813], [-82.924193985, 35.16810075], [-82.926674449, 35.16926387], [-82.927421428, 35.170315726], [-82.927027619, 35.171405043], [-82.927785581, 35.172515207], [-82.931618869, 35.172833451], [-82.932487618, 35.172503372], [-82.935749453, 35.172212152], [-82.936613748, 35.171877319], [-82.936318816, 35.171167793], [-82.936841329, 35.170549532], [-82.93901416, 35.169855435], [-82.940838843, 35.169786353], [-82.942358928, 35.169323811], [-82.94421758, 35.169622137], [-82.945038607, 35.169371223], [-82.944901169, 35.166457117], [-82.947114617, 35.166427096], [-82.948574723, 35.165824589], [-82.953280747, 35.166582029], [-82.953825168, 35.166615249], [-82.955155724, 35.164932602], [-82.958012074, 35.163379867], [-82.958579894, 35.162005427], [-82.959145469, 35.161133942], [-82.96027372, 35.160984838], [-82.961697035, 35.161346442], [-82.962604296, 35.161938067], [-82.964255734, 35.162711973], [-82.965667337, 35.163632506], [-82.970863649, 35.164448088], [-82.973026245, 35.164025014], [-82.976059902, 35.165601703], [-82.976554161, 35.165775118], [-82.977661115, 35.166287348], [-82.97994271, 35.167452502], [-82.980805812, 35.167444945], [-82.981262866, 35.167652253], [-82.981434553, 35.167521245], [-82.983566345, 35.166496221], [-82.985028089, 35.166326892], [-82.986037582, 35.166136844], [-82.987647079, 35.166482875], [-82.99022136, 35.165580948], [-82.992314805, 35.164672029], [-82.994173165, 35.164557256], [-82.996065417, 35.163644941], [-82.996408721, 35.16338288], [-82.99633556, 35.162951909], [-82.995907929, 35.161528034], [-82.996747467, 35.16029151], [-82.997698438, 35.15950712], [-82.997480007, 35.158207979], [-82.996559269, 35.156849803], [-82.996032147, 35.155763704], [-82.994786018, 35.154701268], [-82.994582936, 35.153558153], [-82.992655285, 35.152990759], [-82.991848637, 35.151901032], [-82.991524035, 35.151623913], [-82.991299313, 35.150945624], [-82.990393783, 35.150174706], [-82.988963414, 35.148243878], [-82.987109358, 35.148458376], [-82.985739754, 35.149117883], [-82.984639151, 35.150211131], [-82.982555868, 35.148884128], [-82.981760252, 35.149034499], [-82.981638915, 35.148870882], [-82.981131438, 35.148438062], [-82.980442345, 35.146431028], [-82.980456542, 35.145565752], [-82.98133, 35.144284458], [-82.98162757, 35.143385178], [-82.978584516, 35.140794718], [-82.979559817, 35.139008883], [-82.977694355, 35.137420552], [-82.977384635, 35.136489598], [-82.976317423, 35.134888626], [-82.977024666, 35.132694488], [-82.977750531, 35.131709698], [-82.978597968, 35.131300851], [-82.978968591, 35.130050268], [-82.979395383, 35.130264819], [-82.980424392, 35.130586587], [-82.98094911, 35.130979064], [-82.98323517, 35.131897428], [-82.984752486, 35.131506012], [-82.987938589, 35.132274953], [-82.988801493, 35.133309702], [-82.989142718, 35.133857206], [-82.990228794, 35.133783512], [-82.990416775, 35.134461964], [-82.990844622, 35.135192466], [-82.992891674, 35.136039627], [-82.994689815, 35.137317863], [-82.99595435, 35.13773332], [-82.996840871, 35.138354104], [-82.99869246, 35.138198406], [-82.999583944, 35.138206587], [-83.000053433, 35.138079061], [-83.000382357, 35.13811562], [-83.001238384, 35.13808602], [-83.002799014, 35.137809124], [-83.004161127, 35.137237415], [-83.006969319, 35.138443725], [-83.008117986, 35.139140046], [-83.009367485, 35.13919849], [-83.011312595, 35.138585742], [-83.013218728, 35.138924255], [-83.014333121, 35.138853478], [-83.015267142, 35.13868867], [-83.016694457, 35.140470811], [-83.015940048, 35.142133385], [-83.015395472, 35.14351692], [-83.016746546, 35.144117211], [-83.017732869, 35.14341484], [-83.018458164, 35.143245864], [-83.019711721, 35.142850094], [-83.021610493, 35.143663323], [-83.021779748, 35.145238124], [-83.022490343, 35.146340213], [-83.024245298, 35.145090933], [-83.026172345, 35.144845911], [-83.028078699, 35.14518418], [-83.029246479, 35.144692119], [-83.031418435, 35.144808204], [-83.031711743, 35.145978122], [-83.030384642, 35.147822498], [-83.031555803, 35.148973461], [-83.032669546, 35.149276624], [-83.03352865, 35.148382446], [-83.035940389, 35.149214211], [-83.037613447, 35.147598391], [-83.038487759, 35.150665579], [-83.039611617, 35.15206489], [-83.040447469, 35.151908024], [-83.041502585, 35.151462556], [-83.042602041, 35.151064272], [-83.043855286, 35.150515999], [-83.044882264, 35.151314693], [-83.046064973, 35.151921326], [-83.048405719, 35.153958415], [-83.050047593, 35.154575663], [-83.051526761, 35.155796406], [-83.054635518, 35.154144775], [-83.055618399, 35.154494528], [-83.056830888, 35.156129636], [-83.05675791, 35.158318037], [-83.05701019, 35.159747543], [-83.058692153, 35.161178747], [-83.059664333, 35.162487028], [-83.060476573, 35.163179346], [-83.061847439, 35.162648115], [-83.064641127, 35.162699088], [-83.066875568, 35.161832016], [-83.068847381, 35.161648293], [-83.070391395, 35.160867632], [-83.071829772, 35.160400834], [-83.072306918, 35.159455758], [-83.073013264, 35.158796023], [-83.073757034, 35.157683801], [-83.075229209, 35.157233386], [-83.075535794, 35.156305397], [-83.076232038, 35.154623482], [-83.07599481, 35.152438907], [-83.076751327, 35.151328079], [-83.077229354, 35.15026893], [-83.077898362, 35.149287953], [-83.077927064, 35.147249018], [-83.078783163, 35.147218855], [-83.080580604, 35.147026288], [-83.082437253, 35.144273869], [-83.08364057, 35.142981922], [-83.083751975, 35.141381259], [-83.085103654, 35.140217724], [-83.087902077, 35.140714804], [-83.08844737, 35.139751835], [-83.090068124, 35.139163355], [-83.09298943, 35.13707794], [-83.094953441, 35.136827459], [-83.095458265, 35.136737292], [-83.096340908, 35.135481739], [-83.096698012, 35.13516599], [-83.097951876, 35.134687032], [-83.100023799, 35.134695709], [-83.101215908, 35.134395936], [-83.102065344, 35.134233821], [-83.103669554, 35.134577709], [-83.105534538, 35.133627004], [-83.106690634, 35.134608473], [-83.1072109, 35.134906808], [-83.108145679, 35.132830391], [-83.109384739, 35.130548631], [-83.110627988, 35.128721816], [-83.110096625, 35.1268939], [-83.111150744, 35.124621336], [-83.11198314, 35.124218411], [-83.112642119, 35.124532017], [-83.113660224, 35.124145317], [-83.115105063, 35.124579319], [-83.116294259, 35.124496825], [-83.11621569, 35.12373773], [-83.116332507, 35.123480018], [-83.116213196, 35.12234227], [-83.118655533, 35.121596633], [-83.119768415, 35.120586153], [-83.120684584, 35.120306552], [-83.120923667, 35.11988262], [-83.122728252, 35.117999149], [-83.124758554, 35.116933223], [-83.124563589, 35.11625856], [-83.124295172, 35.115708985], [-83.124013901, 35.114925463], [-83.122814459, 35.114713055], [-83.122657839, 35.114571087], [-83.12392461, 35.113562728], [-83.125388773, 35.113400515], [-83.126384725, 35.113205764], [-83.129131318, 35.113043056], [-83.129578869, 35.111274364], [-83.129783464, 35.111178505], [-83.130975949, 35.111168121], [-83.132747004, 35.11055129], [-83.134426628, 35.112059399], [-83.134690737, 35.113612566], [-83.134999371, 35.114637931], [-83.136734561, 35.114296122], [-83.137737632, 35.115704372], [-83.139099518, 35.116583442], [-83.141494105, 35.116102692], [-83.141663182, 35.115969086], [-83.143692945, 35.115323463], [-83.144825218, 35.114179631], [-83.147009416, 35.113191582], [-83.147252088, 35.112822966], [-83.14786463, 35.111501496], [-83.148924058, 35.110121333], [-83.150237775, 35.108986833], [-83.151848644, 35.107252935], [-83.151662902, 35.106522274], [-83.150325472, 35.104783574], [-83.150398814, 35.103011771], [-83.150702183, 35.102406727], [-83.15169226, 35.101483972], [-83.151965955, 35.10088412], [-83.151906288, 35.100321619], [-83.152848148, 35.098410615], [-83.151824597, 35.097015022], [-83.152152897, 35.095795467], [-83.150968185, 35.095077609], [-83.14969326, 35.095019917], [-83.14730055, 35.092837481], [-83.147376049, 35.091721194], [-83.147725507, 35.090438435], [-83.147336725, 35.088459366], [-83.14654491, 35.087040547], [-83.14635779, 35.086085628], [-83.14514035, 35.08497301], [-83.144194422, 35.082139916], [-83.143673648, 35.080230842], [-83.143441232, 35.078706505], [-83.143892312, 35.078373502], [-83.144832384, 35.078398687], [-83.145642692, 35.078557567], [-83.146093293, 35.078569073], [-83.147590343, 35.079014853], [-83.148891573, 35.079582827], [-83.149860714, 35.079264486], [-83.150589548, 35.079099401], [-83.152571832, 35.078247676], [-83.154075898, 35.079180337], [-83.155465431, 35.078726361], [-83.157489226, 35.079119971], [-83.158982043, 35.077958585], [-83.160491403, 35.076371997], [-83.160555728, 35.074823248], [-83.160861594, 35.074668713], [-83.161653095, 35.073943931], [-83.162983917, 35.073324888], [-83.164815743, 35.071359356], [-83.167542473, 35.070122004], [-83.169893321, 35.0698601], [-83.170888596, 35.069664964], [-83.17142174, 35.069605113], [-83.172609993, 35.068448203], [-83.172235035, 35.06767565], [-83.171855062, 35.065329828], [-83.170783087, 35.064518799], [-83.169285057, 35.063768785], [-83.169394087, 35.062155182], [-83.170020408, 35.061338234], [-83.171296991, 35.060666661], [-83.168779222, 35.058764638], [-83.166193408, 35.057812667], [-83.164019916, 35.056772752], [-83.162584778, 35.056458657], [-83.162317814, 35.055480178], [-83.16354827, 35.054600684], [-83.165505123, 35.054688816], [-83.167260406, 35.055291708], [-83.168682159, 35.055109625], [-83.170038166, 35.054867458], [-83.171261109, 35.055479476], [-83.171374142, 35.057514877], [-83.172615588, 35.057970364], [-83.173532386, 35.059113146], [-83.175313725, 35.058549787], [-83.177160575, 35.059340125], [-83.178394015, 35.05869123], [-83.179312382, 35.057800595], [-83.181034317, 35.058213582], [-83.181229829, 35.058108199], [-83.181732895, 35.05775964], [-83.182059199, 35.054273751], [-83.183318912, 35.050803578], [-83.184478503, 35.048723903], [-83.185056889, 35.047146986], [-83.185954792, 35.045909508], [-83.186492192, 35.044763546], [-83.186531733, 35.044340882], [-83.186597545, 35.044073297], [-83.186500585, 35.039602391], [-83.18762604, 35.039470054], [-83.19131767, 35.038221837], [-83.192443097, 35.038089453], [-83.193379234, 35.039631622], [-83.194547174, 35.040493159], [-83.194626337, 35.041034527], [-83.194791685, 35.041171027], [-83.195154112, 35.041675799], [-83.198092848, 35.042657387], [-83.199450518, 35.043541767], [-83.200905024, 35.042382096], [-83.202015408, 35.041996423], [-83.202866323, 35.04131809], [-83.204231849, 35.041032217], [-83.205418238, 35.041565895], [-83.207318475, 35.040850256], [-83.209497205, 35.041359381], [-83.210945787, 35.039890342], [-83.210663119, 35.037441202], [-83.211049695, 35.036881088], [-83.212925796, 35.03699557], [-83.213862826, 35.036738788], [-83.214424563, 35.036709377], [-83.21524712, 35.036917775], [-83.216292506, 35.038418825], [-83.217070618, 35.038892908], [-83.217845826, 35.039368781], [-83.218967961, 35.040239831], [-83.219069714, 35.042428152], [-83.220267947, 35.04300101], [-83.222136125, 35.044585637], [-83.223233173, 35.046060532], [-83.224506867, 35.046026486], [-83.225540838, 35.044080752], [-83.225526792, 35.043195668], [-83.226578842, 35.040953864], [-83.228406219, 35.039437284], [-83.229078177, 35.039123926], [-83.228867888, 35.041491587], [-83.229356025, 35.042527838], [-83.229369077, 35.044325944], [-83.227590264, 35.047099185], [-83.230074689, 35.047861137], [-83.230016091, 35.05046307], [-83.230279206, 35.05101603], [-83.230602205, 35.052962131], [-83.230957692, 35.053713301], [-83.232748514, 35.054261976], [-83.23287898, 35.054419963], [-83.234813559, 35.055563463], [-83.237118408, 35.057652024], [-83.238242296, 35.057294963], [-83.239426019, 35.057299525], [-83.239952361, 35.057232293], [-83.240809518, 35.055951997], [-83.241249204, 35.055480041], [-83.241644464, 35.054960959], [-83.242435264, 35.054108827], [-83.24294123, 35.053208685], [-83.24410719, 35.05142521], [-83.243575766, 35.050333603], [-83.243259643, 35.049455729], [-83.242776831, 35.048464538], [-83.24255827, 35.047362691], [-83.241805287, 35.045813566], [-83.241979401, 35.045162537], [-83.243311911, 35.045730774], [-83.244552364, 35.045785885], [-83.246516969, 35.046623887], [-83.247396579, 35.046569827], [-83.246898391, 35.04554527], [-83.246513223, 35.041996618], [-83.248758952, 35.040320404], [-83.249458533, 35.038228113], [-83.250393471, 35.037419151], [-83.250428264, 35.035503716], [-83.251616093, 35.035512868], [-83.252286554, 35.035285888], [-83.253347795, 35.035160729], [-83.254738126, 35.034551499], [-83.255693625, 35.031628948], [-83.256856811, 35.03106467], [-83.257019335, 35.031202879], [-83.257043466, 35.033095143], [-83.256647092, 35.034311656], [-83.257373159, 35.03570979], [-83.258664027, 35.035273557], [-83.259761045, 35.035968117], [-83.259868219, 35.038256219], [-83.261453269, 35.038720746], [-83.263579913, 35.039793842], [-83.266089253, 35.040955105], [-83.266973343, 35.041516461], [-83.26779318, 35.041726286], [-83.269444835, 35.040976274], [-83.27009298, 35.03929893], [-83.270072034, 35.037950266], [-83.271094988, 35.037097913], [-83.271476624, 35.036564588], [-83.272719394, 35.035381084], [-83.272932339, 35.034981558], [-83.273127666, 35.03487602], [-83.274675346, 35.034968527], [-83.276441655, 35.034423264], [-83.278061869, 35.034331288], [-83.281476575, 35.037480371], [-83.282749707, 35.037259654], [-83.2836792, 35.03740733], [-83.284434504, 35.037172502], [-83.285482387, 35.03703292], [-83.285659928, 35.036908519], [-83.286970089, 35.034941741], [-83.288213291, 35.033863827], [-83.289459329, 35.032234565], [-83.291606975, 35.031956734], [-83.291947732, 35.030693953], [-83.292087555, 35.028580788], [-83.292927923, 35.026482535], [-83.2932358, 35.025558572], [-83.292854608, 35.025210634], [-83.292538586, 35.024062393], [-83.293151702, 35.022968731], [-83.29522239, 35.022209046], [-83.295456384, 35.021336222], [-83.295474902, 35.021067697], [-83.296313436, 35.018193536], [-83.296577058, 35.017535291], [-83.296052427, 35.017342958], [-83.293625542, 35.015829817], [-83.292676975, 35.013881432], [-83.292400212, 35.012481696], [-83.291874223, 35.012549166], [-83.28875059, 35.013545038], [-83.28723949, 35.012167336], [-83.286580309, 35.010349715], [-83.286311104, 35.009800453], [-83.285850483, 35.008532847], [-83.284443083, 35.007584878], [-83.284169457, 35.006591258], [-83.284086097, 35.006165791], [-83.285189308, 35.005157226], [-83.285621134, 35.004980197], [-83.286144402, 35.003185609], [-83.286192889, 35.002470132], [-83.286568548, 35.00129568], [-83.286592399, 34.999220549], [-83.287566092, 34.996413935], [-83.287781073, 34.996016722], [-83.28797184, 34.995906444], [-83.292138862, 34.99307754], [-83.294079214, 34.992578527], [-83.294488423, 34.991876939], [-83.29639991, 34.992541485], [-83.30030129, 34.990459137], [-83.302370805, 34.990785684], [-83.303596089, 34.990407436], [-83.304915456, 34.989494092], [-83.304793684, 34.989330783], [-83.303632077, 34.988775399], [-83.303287354, 34.988114388], [-83.302871029, 34.9866107], [-83.30208547, 34.985946123], [-83.301753539, 34.984815151], [-83.302223949, 34.984452042], [-83.303284059, 34.983935363], [-83.303464397, 34.983384292], [-83.303470572, 34.982843871], [-83.30368354, 34.982190666], [-83.303700972, 34.98074894], [-83.304438544, 34.979987923], [-83.30243602, 34.978489245], [-83.301363238, 34.976613979], [-83.301376928, 34.975446611], [-83.302154925, 34.973058253], [-83.303186698, 34.971720513], [-83.301593923, 34.970319195], [-83.299599622, 34.969165846], [-83.299893149, 34.966471126], [-83.299560947, 34.965373902], [-83.301016273, 34.964693125], [-83.301694284, 34.963739642], [-83.302212292, 34.963497972], [-83.302591844, 34.962674766], [-83.302609458, 34.961106208], [-83.304941567, 34.959421663], [-83.305918542, 34.958365407], [-83.306510027, 34.957586382], [-83.309020737, 34.956665215], [-83.30979677, 34.954978338], [-83.310235455, 34.954506076], [-83.310762019, 34.953189439], [-83.311200688, 34.952717173], [-83.311804402, 34.951926774], [-83.313785028, 34.951083163], [-83.314638849, 34.951051279], [-83.314682929, 34.95078552], [-83.31437719, 34.949748282], [-83.315413583, 34.94749785], [-83.316148568, 34.945616247], [-83.317211384, 34.944717207], [-83.317721665, 34.943576326], [-83.321951098, 34.942850194], [-83.323149577, 34.942265993], [-83.323895116, 34.941689641], [-83.325966534, 34.940957179], [-83.326639553, 34.940030521], [-83.326841227, 34.939931948], [-83.328023149, 34.939935618], [-83.328690232, 34.939454289], [-83.330452829, 34.939387839], [-83.331321104, 34.939110119], [-83.33253568, 34.939846501], [-83.33377592, 34.939450625], [-83.336690784, 34.93787955], [-83.338212696, 34.937516317], [-83.339383316, 34.936673195], [-83.342125874, 34.935227033], [-83.343520995, 34.935124755], [-83.344724605, 34.934838937], [-83.344667223, 34.933860444], [-83.342740197, 34.931451094], [-83.343837378, 34.92767469], [-83.342452749, 34.925269193], [-83.342417469, 34.92362094], [-83.341356292, 34.921721853], [-83.340867158, 34.91994613], [-83.34152073, 34.91894543], [-83.342128031, 34.917861501], [-83.343824446, 34.91651952], [-83.343667711, 34.914974328], [-83.344367932, 34.91477976], [-83.34487904, 34.914687261], [-83.348901963, 34.915529514], [-83.35040066, 34.914893104], [-83.352157192, 34.913043924], [-83.355476339, 34.910770214], [-83.357956384, 34.910447249], [-83.358962441, 34.910264616], [-83.36203681, 34.910039802], [-83.364935452, 34.908476972], [-83.365657765, 34.908305817], [-83.366522999, 34.908027551], [-83.367508911, 34.90731849], [-83.367551604, 34.90664887], [-83.367824207, 34.906230311], [-83.368914939, 34.907225601], [-83.371020003, 34.909837721], [-83.371275044, 34.910537462], [-83.373583565, 34.912518439], [-83.375302728, 34.913533064], [-83.375462053, 34.913911731], [-83.375455469, 34.91463175], [-83.37561796, 34.914769811], [-83.376043264, 34.916035377], [-83.378031645, 34.917332711], [-83.379109363, 34.919326169], [-83.380873586, 34.920749244], [-83.382417396, 34.919553009], [-83.382974413, 34.91967244], [-83.384309004, 34.919681523], [-83.386073907, 34.920056268], [-83.38697406, 34.920627037], [-83.388585272, 34.921316945], [-83.391717984, 34.921943032], [-83.393802979, 34.92355906], [-83.395805244, 34.924267864], [-83.397528773, 34.924593564], [-83.398169846, 34.923711748], [-83.399395331, 34.922719752], [-83.400260465, 34.921633872], [-83.401958843, 34.920986706], [-83.401741156, 34.916920087], [-83.400686312, 34.914610223], [-83.400883941, 34.912902724], [-83.401548478, 34.911370354], [-83.401817498, 34.910718863], [-83.403544502, 34.909277994], [-83.404256122, 34.907680952], [-83.405775369, 34.906154215], [-83.408849255, 34.905786549], [-83.409758018, 34.905083642], [-83.411612706, 34.904863266], [-83.412928232, 34.904764318], [-83.414906896, 34.906296668], [-83.415533097, 34.906518522], [-83.4161437, 34.906438577], [-83.41831069, 34.9047787], [-83.420410457, 34.903257369], [-83.420841873, 34.903648398], [-83.421063094, 34.904762808], [-83.422573615, 34.907461869], [-83.426161325, 34.909254152], [-83.426366267, 34.91105576], [-83.428780689, 34.912129684], [-83.430409193, 34.910411565], [-83.430913465, 34.910216525], [-83.432211787, 34.911001023], [-83.434284457, 34.910772068], [-83.435397591, 34.911635905], [-83.435519517, 34.911799091], [-83.437726409, 34.912818757], [-83.438026759, 34.913707031], [-83.438449116, 34.914519678], [-83.438478872, 34.916420707], [-83.439775644, 34.917517711], [-83.441214467, 34.917526805], [-83.443533629, 34.91673458], [-83.444800065, 34.916585593], [-83.446470251, 34.917426832], [-83.446592209, 34.917590006], [-83.447405339, 34.918279817], [-83.448613867, 34.919899772], [-83.450949081, 34.919916427], [-83.45371439, 34.918694385], [-83.455235557, 34.919872381], [-83.457701172, 34.920589754], [-83.458747071, 34.921993437], [-83.458061323, 34.922754474], [-83.456952629, 34.923214323], [-83.456313558, 34.923785945], [-83.454816565, 34.92438577], [-83.454657348, 34.924529261], [-83.454549632, 34.926284414], [-83.453276843, 34.927394397], [-83.453121321, 34.929822781], [-83.453550195, 34.932379517], [-83.453654267, 34.933622766], [-83.451921425, 34.936295724], [-83.453836066, 34.938927678], [-83.458034667, 34.94076324], [-83.458520574, 34.941715721], [-83.458985441, 34.944054354], [-83.459026123, 34.944745538], [-83.459699344, 34.945065138], [-83.460935482, 34.944976077], [-83.462646507, 34.944314614], [-83.463895988, 34.944685532], [-83.465066449, 34.944583034], [-83.465420998, 34.945557286], [-83.465458922, 34.947205463], [-83.466449886, 34.948565047], [-83.466725241, 34.949672368], [-83.465311781, 34.952388221], [-83.465729671, 34.952769106], [-83.467758041, 34.955381209], [-83.467961712, 34.956400516], [-83.468429735, 34.957782092], [-83.468511284, 34.959164433], [-83.469548998, 34.961148139], [-83.469546232, 34.962105121], [-83.469708992, 34.962243045], [-83.472635722, 34.962863602], [-83.474254438, 34.96396289], [-83.47434171, 34.964386438], [-83.475360474, 34.966534965], [-83.476382764, 34.968375329], [-83.476600875, 34.968956603], [-83.477720176, 34.970412191], [-83.478117666, 34.971460689], [-83.478791236, 34.972513437], [-83.479276894, 34.973789037], [-83.479956201, 34.974041507], [-83.480683551, 34.975116909], [-83.481133122, 34.977362776], [-83.480879782, 34.981589336], [-83.481234702, 34.982563504], [-83.482316283, 34.983326078], [-83.483075054, 34.983572244], [-83.482137774, 34.987909294], [-83.4818919, 34.990048867], [-83.482946797, 34.991533349], [-83.483020065, 34.993717688], [-83.484878728, 34.996068015], [-83.485485003, 34.997102888], [-83.486397066, 34.997993023], [-83.486435029, 34.998447175], [-83.486595077, 34.998825659], [-83.488761351, 34.998930967], [-83.490101264, 34.998787127], [-83.492126332, 34.998701863], [-83.493583022, 34.998929709], [-83.495090984, 34.99981807], [-83.498708338, 35.000393393], [-83.499726398, 35.001195435], [-83.500220773, 35.001366676], [-83.500753184, 35.001305328], [-83.501418154, 35.001072217], [-83.503468683, 35.001054981], [-83.504697421, 35.000808218], [-83.50574139, 35.001484079], [-83.507164294, 35.001839138], [-83.508095733, 35.003411525], [-83.508430753, 35.004398204], [-83.509521471, 35.00491632], [-83.510200887, 35.00534607], [-83.51253584, 35.004547693], [-83.514197348, 35.00417806], [-83.515053338, 35.002583409], [-83.516904103, 35.001678261], [-83.516842098, 34.999898847], [-83.517054823, 34.999811709], [-83.517633778, 34.997929648], [-83.518680286, 34.996942747], [-83.51937776, 34.996653854], [-83.521020566, 34.996829404], [-83.521198021, 34.99695824], [-83.522043668, 34.998337505], [-83.522403045, 34.998599875], [-83.522487483, 34.999426613], [-83.522071565, 35.000998593], [-83.521924894, 35.003305064], [-83.524092962, 35.00716037], [-83.526869616, 35.009208532], [-83.526997703, 35.009368002], [-83.525123961, 35.010285645], [-83.524136468, 35.011646555], [-83.523032602, 35.012039983], [-83.522032691, 35.013044579], [-83.522017945, 35.014686866], [-83.521088916, 35.01719287], [-83.521206693, 35.01821543], [-83.523438729, 35.019937101], [-83.524611569, 35.020882161], [-83.525807691, 35.021812787], [-83.528407055, 35.024262358], [-83.531462289, 35.026544984], [-83.532549939, 35.028621796], [-83.533035843, 35.028798303], [-83.534634045, 35.030196395], [-83.536871204, 35.032915532], [-83.537445236, 35.034426171], [-83.537710508, 35.034978448], [-83.537754853, 35.035667738], [-83.538915358, 35.036178149], [-83.540789835, 35.036652694], [-83.542391236, 35.037664331], [-83.542711276, 35.038089321], [-83.543867193, 35.03858017], [-83.547384377, 35.039252927], [-83.547841313, 35.039447401], [-83.548696016, 35.039413817], [-83.550425725, 35.039222026], [-83.552288412, 35.039545106], [-83.554714549, 35.039104177], [-83.557070307, 35.03858176], [-83.558292645, 35.038937973], [-83.55928762, 35.038604444], [-83.560966063, 35.037395029], [-83.562936833, 35.036347698], [-83.563065087, 35.034307738], [-83.564788391, 35.033014318], [-83.566513665, 35.031628125], [-83.568748469, 35.030803184], [-83.569271315, 35.029018594], [-83.569357804, 35.028486928], [-83.569694082, 35.028218465], [-83.570305549, 35.02792857], [-83.572274356, 35.026312571], [-83.574615717, 35.026164389], [-83.576376743, 35.025295277], [-83.579063594, 35.025126701], [-83.57933041, 35.024369126], [-83.578974778, 35.023712285], [-83.578997168, 35.021677977], [-83.578903533, 35.019650344], [-83.578437752, 35.018787411], [-83.578404674, 35.018090909], [-83.578083808, 35.017879321], [-83.577777048, 35.016568482], [-83.577764314, 35.015859352], [-83.578993813, 35.013999859], [-83.581349177, 35.012750209], [-83.582155164, 35.010522414], [-83.582901303, 35.008260786], [-83.583929518, 35.007140451], [-83.584707257, 35.006050532], [-83.584378627, 35.006015603], [-83.584853587, 35.003091307], [-83.585443301, 35.002467336], [-83.586252347, 35.001763148], [-83.587348469, 35.000690151], [-83.590452553, 34.999650918], [-83.591283447, 34.997556712], [-83.593561163, 34.995911986], [-83.594975335, 34.99538823], [-83.597468811, 34.994279757], [-83.599558108, 34.994245967], [-83.600226864, 34.993761319], [-83.601124151, 34.993461498], [-83.601680175, 34.990934526], [-83.60201319, 34.99004027], [-83.601616498, 34.989330527], [-83.601397385, 34.988749497], [-83.598438374, 34.985984495], [-83.597994748, 34.984823952], [-83.597575484, 34.984430816], [-83.597918191, 34.983235466], [-83.598772344, 34.981961327], [-83.597116797, 34.979934695], [-83.596972262, 34.977155815], [-83.595339526, 34.975778072], [-83.595366407, 34.972296916], [-83.594468428, 34.971540196], [-83.593978999, 34.970888152], [-83.593147721, 34.970187101], [-83.592358131, 34.968070655], [-83.592278914, 34.967641784], [-83.591955006, 34.966886885], [-83.591344111, 34.9665494], [-83.591180711, 34.966172851], [-83.591480769, 34.965642731], [-83.592728192, 34.96443789], [-83.59677657, 34.962201699], [-83.596660376, 34.960133573], [-83.596843465, 34.959358602], [-83.596046702, 34.958606287], [-83.595120663, 34.957508509], [-83.593976843, 34.956434058], [-83.593604548, 34.955462724], [-83.593209354, 34.954632626], [-83.593164559, 34.953943301], [-83.592989985, 34.953812764], [-83.592252948, 34.952692781], [-83.590794651, 34.951707397], [-83.588801199, 34.951157384], [-83.588626638, 34.95102684], [-83.589652864, 34.949929511], [-83.590045229, 34.949409206], [-83.590568276, 34.948839409], [-83.590654334, 34.947456176], [-83.591246645, 34.945220343], [-83.591432358, 34.942225009], [-83.592760896, 34.941064723], [-83.593196307, 34.940278538], [-83.593590056, 34.940071077], [-83.593764646, 34.939943849], [-83.594558714, 34.940180389], [-83.597442675, 34.94011294], [-83.600802735, 34.938959287], [-83.601946762, 34.938920254], [-83.602054016, 34.936229298], [-83.602506899, 34.93451317], [-83.602480004, 34.933567973], [-83.602341885, 34.93264899], [-83.601604624, 34.931482528], [-83.600538445, 34.930703681], [-83.599692135, 34.929324887], [-83.599514704, 34.929196161], [-83.600161141, 34.926623748], [-83.599943776, 34.925582233], [-83.59910802, 34.924428509], [-83.598578365, 34.922641747], [-83.597718554, 34.921620673], [-83.596560139, 34.921138332], [-83.593256846, 34.920417345], [-83.593865908, 34.919814427], [-83.594305644, 34.91903292], [-83.594760586, 34.918527709], [-83.594843521, 34.917581486], [-83.59704465, 34.915814577], [-83.597682032, 34.914811087], [-83.598500809, 34.913364147], [-83.600666708, 34.913133758], [-83.601553874, 34.913583019], [-83.602632448, 34.914219533], [-83.604111754, 34.913187161], [-83.606198199, 34.914268794], [-83.608682956, 34.913051603], [-83.61019766, 34.913717463], [-83.611874493, 34.913591282], [-83.613748956, 34.913549447], [-83.614781008, 34.914199916], [-83.61527218, 34.914372493], [-83.616195309, 34.912649192], [-83.618742992, 34.911396231], [-83.618759912, 34.9092598], [-83.620427877, 34.909058616], [-83.622903143, 34.90962341], [-83.624525025, 34.910336371], [-83.626031443, 34.910117969], [-83.626350827, 34.909868725], [-83.627007305, 34.909938355], [-83.627767866, 34.908250566], [-83.628204332, 34.907777096], [-83.629339141, 34.906274777], [-83.629949518, 34.906193719], [-83.629336815, 34.904901177], [-83.628684492, 34.903902338], [-83.628539589, 34.901571275], [-83.628197063, 34.899559415], [-83.628792544, 34.897794945], [-83.630311278, 34.895061391], [-83.631226361, 34.894159051], [-83.631758033, 34.894306288], [-83.632167932, 34.894529349], [-83.632326756, 34.894385613], [-83.633990754, 34.893835228], [-83.635201508, 34.8927487], [-83.635836164, 34.892484264], [-83.637824789, 34.892959174], [-83.640999849, 34.892239249], [-83.64329726, 34.891948132], [-83.645040089, 34.891296087], [-83.644815313, 34.890232758], [-83.644284423, 34.88864259], [-83.644985942, 34.888254199], [-83.647776212, 34.885779835], [-83.648330043, 34.88457713], [-83.649438225, 34.882830973], [-83.649903636, 34.880866724], [-83.650080226, 34.880741753], [-83.65125258, 34.880278537], [-83.652860564, 34.879975532], [-83.654105592, 34.879384764], [-83.656101491, 34.878761493], [-83.656458001, 34.878442163], [-83.654795855, 34.876218862], [-83.654718429, 34.874742238], [-83.654928947, 34.874341958], [-83.656017692, 34.873426156], [-83.656557228, 34.871890188], [-83.655805905, 34.869790762], [-83.656482136, 34.86785937], [-83.656109075, 34.866712736], [-83.655078916, 34.865874724], [-83.656029951, 34.863370261], [-83.657125811, 34.861762189], [-83.656569553, 34.860733486], [-83.657285935, 34.859716982], [-83.658025199, 34.858962779], [-83.657983603, 34.856972274], [-83.658331352, 34.85646397], [-83.658798022, 34.856333782], [-83.659358267, 34.856302239], [-83.659573166, 34.85590664], [-83.660412743, 34.854626375], [-83.660532441, 34.851245766], [-83.661412358, 34.848824583], [-83.661627226, 34.848428977], [-83.66167005, 34.848163062], [-83.661998042, 34.848197781], [-83.661298913, 34.84559676], [-83.661240299, 34.843646694], [-83.660844951, 34.842816728], [-83.660400874, 34.841658327], [-83.659369473, 34.839486924], [-83.659349512, 34.834303942], [-83.658162138, 34.831807492], [-83.658051304, 34.831282312], [-83.658994259, 34.83041023], [-83.659206355, 34.830322819], [-83.658465705, 34.828870972], [-83.657667157, 34.827455242], [-83.657054517, 34.827117779], [-83.656404727, 34.825603691], [-83.654977033, 34.824827006], [-83.654445795, 34.824679864], [-83.654088528, 34.824115883], [-83.652869957, 34.823270466], [-83.652364801, 34.82310706], [-83.652749745, 34.821784989], [-83.654278914, 34.8204595], [-83.656111862, 34.819075322], [-83.656327663, 34.818253], [-83.656384674, 34.817316657], [-83.657107138, 34.816195145], [-83.658297359, 34.813187702], [-83.660191762, 34.812391052], [-83.664183855, 34.81027828], [-83.666012182, 34.807511611], [-83.666294625, 34.80700271], [-83.66648438, 34.806891797], [-83.666846075, 34.80665118], [-83.669898738, 34.805598797], [-83.67602945, 34.804517053], [-83.676812886, 34.804099168], [-83.679608028, 34.802070605], [-83.681958179, 34.800816859], [-83.682721579, 34.801058168], [-83.684537864, 34.801360083], [-83.686869702, 34.800398008], [-83.688210878, 34.79945796], [-83.690766493, 34.799404778], [-83.692238536, 34.797973535], [-83.693040005, 34.797263766], [-83.694347025, 34.795221339], [-83.695780576, 34.7936233], [-83.69598362, 34.793526426], [-83.698055855, 34.793498106], [-83.699685023, 34.792920089], [-83.701654338, 34.792494179], [-83.702306937, 34.792419409], [-83.703683857, 34.791189293], [-83.706393009, 34.792109143], [-83.708840148, 34.791057432], [-83.711953521, 34.790462622], [-83.713206662, 34.791385038], [-83.714117736, 34.792996063], [-83.717758475, 34.795254127], [-83.720606788, 34.795826991], [-83.722861894, 34.797909197], [-83.72756378, 34.798096203], [-83.729348109, 34.798402498], [-83.730494279, 34.798449284], [-83.731710441, 34.799181635], [-83.732195354, 34.79935736], [-83.73236271, 34.799222864], [-83.733591719, 34.798963537], [-83.733714098, 34.799126432], [-83.735019061, 34.799743441], [-83.736718181, 34.800338546], [-83.739640834, 34.800350403], [-83.743706458, 34.801259941], [-83.747256384, 34.80189325], [-83.748739267, 34.803141495], [-83.75029149, 34.804086434], [-83.751149535, 34.804747091], [-83.751640314, 34.804919116], [-83.752498972, 34.807255207], [-83.753897686, 34.809732555], [-83.754027454, 34.811806078], [-83.754142133, 34.812213206], [-83.754828649, 34.812513532], [-83.757933733, 34.812527155], [-83.759097886, 34.813424823], [-83.761397268, 34.814781866], [-83.763580697, 34.81461401], [-83.765741437, 34.815975407], [-83.766833151, 34.816250593], [-83.766971492, 34.816085542], [-83.768133747, 34.815755454], [-83.76841042, 34.815425348], [-83.768642422, 34.815358859], [-83.769803577, 34.815590603], [-83.770786448, 34.816270517], [-83.773854525, 34.816826989], [-83.774946142, 34.816400693], [-83.776681623, 34.816363052], [-83.777654224, 34.81614396], [-83.778521961, 34.816125123], [-83.779571437, 34.817073903], [-83.780435748, 34.818759566], [-83.783216348, 34.819175772], [-83.785628364, 34.819992692], [-83.78763249, 34.823010366], [-83.789233885, 34.824223903], [-83.790494703, 34.824681344], [-83.791369226, 34.824669451], [-83.792656452, 34.824470515], [-83.795170727, 34.824630352], [-83.796747012, 34.823270168], [-83.797963508, 34.820668141], [-83.800827843, 34.819282228], [-83.805127416, 34.816797957], [-83.805913979, 34.814964201], [-83.806183505, 34.811992595], [-83.806642379, 34.811645571], [-83.809147631, 34.811073268], [-83.810898489, 34.810740988], [-83.811768279, 34.810413697], [-83.812392613, 34.809828345], [-83.812836084, 34.808742415], [-83.813915117, 34.807393405], [-83.813736648, 34.806795903], [-83.813688182, 34.803463582], [-83.813565628, 34.803300771], [-83.813317189, 34.802733971], [-83.81209541, 34.802065346], [-83.812140361, 34.798506166], [-83.811354192, 34.797259889], [-83.810973915, 34.796539853], [-83.811582435, 34.793890985], [-83.812537799, 34.791975552], [-83.814074636, 34.788006258], [-83.815111891, 34.786688783], [-83.81652658, 34.786141733], [-83.81755024, 34.785450254], [-83.819353795, 34.784405142], [-83.818965933, 34.78291324], [-83.818871192, 34.782493491], [-83.819103052, 34.7824269], [-83.819655719, 34.781766424], [-83.820351289, 34.781566644], [-83.820817231, 34.781435801], [-83.821704645, 34.781437756], [-83.823466952, 34.780897407], [-83.824504075, 34.779415072], [-83.82470692, 34.779317974], [-83.82590067, 34.776848533], [-83.826949699, 34.77547094], [-83.826669832, 34.774495254], [-83.826262775, 34.773812593], [-83.82704709, 34.772610134], [-83.828840354, 34.770921608], [-83.828824991, 34.769312332], [-83.828731956, 34.768651933], [-83.828932358, 34.768241913], [-83.829899398, 34.767462041], [-83.83042266, 34.766394948], [-83.830709361, 34.766015071], [-83.830492037, 34.765153663], [-83.829758112, 34.764185445], [-83.82914658, 34.762642713], [-83.829258173, 34.761135423], [-83.829596296, 34.759939122], [-83.829965634, 34.75877566], [-83.829291094, 34.757367874], [-83.828271298, 34.75641411], [-83.828255265, 34.753628011], [-83.825837616, 34.748560543], [-83.825877732, 34.745765495], [-83.825544418, 34.744536993], [-83.825363627, 34.743692041], [-83.825539619, 34.743566787], [-83.82898142, 34.741651392], [-83.829885716, 34.740379064], [-83.829813919, 34.739699738], [-83.830665261, 34.736693725], [-83.830492323, 34.735241155], [-83.829268251, 34.732755439], [-83.829312236, 34.731395259], [-83.829523867, 34.731307531], [-83.830088558, 34.730437009], [-83.832403969, 34.729468548], [-83.833295044, 34.729377903], [-83.834478208, 34.729381165], [-83.838184671, 34.728925597], [-83.838942601, 34.726243572], [-83.839947441, 34.725746466], [-83.841016763, 34.724776519], [-83.842916405, 34.725938341], [-83.843327567, 34.725953827], [-83.844137894, 34.726093398], [-83.846508872, 34.72618469], [-83.850801212, 34.726068792], [-83.851024417, 34.72566112], [-83.853626584, 34.723765199], [-83.854408238, 34.723346091], [-83.855626134, 34.722454915], [-83.85679969, 34.721827403], [-83.857514093, 34.722704736], [-83.859048092, 34.723728835], [-83.862125926, 34.723511179], [-83.863442429, 34.726075835], [-83.8668527, 34.726207486], [-83.868052745, 34.726926219], [-83.869926142, 34.727252469], [-83.870440749, 34.727173012], [-83.874357688, 34.725217234], [-83.875822703, 34.724258666], [-83.878491641, 34.722874112], [-83.879854347, 34.723419534], [-83.881790692, 34.725159099], [-83.884555948, 34.726163142], [-83.884717443, 34.726359518], [-83.886466533, 34.726402156], [-83.889777058, 34.725253138], [-83.891565208, 34.725625091], [-83.893528161, 34.725383563], [-83.895366322, 34.726857039], [-83.895655907, 34.727643426], [-83.896980508, 34.729982377], [-83.898213616, 34.73059224], [-83.899878265, 34.731699018], [-83.900139851, 34.732019843], [-83.903088302, 34.732326314], [-83.903364425, 34.731993782], [-83.904524502, 34.73166439], [-83.905221633, 34.73146644], [-83.906979736, 34.731799098], [-83.90902815, 34.733575104], [-83.909187163, 34.733771178], [-83.909928911, 34.734264372], [-83.911336413, 34.734659824], [-83.913159938, 34.734065485], [-83.919006802, 34.735261831], [-83.92089244, 34.73757836], [-83.922030469, 34.7376204], [-83.924887141, 34.735303754], [-83.926662675, 34.73506334], [-83.928359669, 34.735636467], [-83.930164906, 34.736100386], [-83.932374363, 34.737567302], [-83.93563142, 34.738261894], [-83.936087549, 34.738454918], [-83.936854328, 34.739700391], [-83.937802567, 34.740254913], [-83.938826035, 34.740810884], [-83.939357235, 34.740956749], [-83.939887494, 34.740893393], [-83.943022776, 34.739118514], [-83.944523205, 34.738940162], [-83.947154916, 34.738399434], [-83.950736496, 34.735105361], [-83.951667278, 34.734660954], [-83.952650397, 34.733833293], [-83.952900741, 34.733166366], [-83.953202171, 34.732323068], [-83.954175908, 34.731405709], [-83.954692688, 34.731328225], [-83.95784109, 34.730293669], [-83.960544128, 34.729743155], [-83.964794033, 34.726857929], [-83.966089789, 34.724581787], [-83.967064165, 34.723459513], [-83.971403217, 34.723453894], [-83.97253775, 34.722005946], [-83.97305606, 34.720506984], [-83.972661742, 34.719239], [-83.973297113, 34.718935011], [-83.973463874, 34.71880016], [-83.975386723, 34.718793957], [-83.976097079, 34.717845009], [-83.97753688, 34.716572196], [-83.980014376, 34.716378197], [-83.982495055, 34.715814829], [-83.984862668, 34.714029415], [-83.985546647, 34.713198097], [-83.9857676, 34.712500628], [-83.986428934, 34.711631059], [-83.986412649, 34.71098725], [-83.987072462, 34.709445822], [-83.98801107, 34.708100038], [-83.98917888, 34.707715752], [-83.989178077, 34.706756702], [-83.988024805, 34.706200416], [-83.986908284, 34.704528406], [-83.987703302, 34.701739899], [-83.986746928, 34.700906084], [-83.986699869, 34.700159813], [-83.987197725, 34.69975285], [-83.988619196, 34.699075813], [-83.989450413, 34.698399087], [-83.990518252, 34.697888304], [-83.991872003, 34.696496629], [-83.990682727, 34.694774876], [-83.990604461, 34.69434434], [-83.990421583, 34.69391779], [-83.991277606, 34.692882414], [-83.992403365, 34.692067092], [-83.99241441, 34.690566393], [-83.992252522, 34.690188482], [-83.99246051, 34.688858081], [-83.992639735, 34.688426661], [-83.993513235, 34.687794411], [-83.994061498, 34.687130703], [-83.995063591, 34.685559071], [-83.995598605, 34.683482975], [-83.994976415, 34.681276888], [-83.995017998, 34.681010805], [-83.99504307, 34.680035394], [-83.994795494, 34.678991708], [-83.994778984, 34.678282379], [-83.996005182, 34.678020265], [-83.996665864, 34.677784274], [-83.999362505, 34.677825948], [-84.000552948, 34.677526304], [-84.001451698, 34.677230355], [-84.003957193, 34.675832746], [-84.00559382, 34.675072122], [-84.006373263, 34.674341378], [-84.008279038, 34.673471176], [-84.011372399, 34.673084563], [-84.013412166, 34.673053996], [-84.016133332, 34.672920396], [-84.017747076, 34.67065544], [-84.018662645, 34.670200572], [-84.021150022, 34.670332162], [-84.023983945, 34.670207891], [-84.024184018, 34.670108094], [-84.024773376, 34.66964494], [-84.025342302, 34.668845945], [-84.026343437, 34.667791506], [-84.027099256, 34.666109814], [-84.026328666, 34.664651177], [-84.025925882, 34.663483873], [-84.028233717, 34.661664133], [-84.029036454, 34.661265174], [-84.028978089, 34.660222047], [-84.028551863, 34.657970855], [-84.028342497, 34.657296611], [-84.029312623, 34.654688554], [-84.030030585, 34.653949239], [-84.031038309, 34.652500453], [-84.032635615, 34.652170588], [-84.035042033, 34.652718174], [-84.037093804, 34.652473034], [-84.038264232, 34.651129653], [-84.037983997, 34.650876925], [-84.036879041, 34.649195948], [-84.036998112, 34.647079036], [-84.037312094, 34.645862991], [-84.036353974, 34.644173864], [-84.036191969, 34.643795995], [-84.036358054, 34.642011311], [-84.036566971, 34.641920858], [-84.038205152, 34.641827496], [-84.039572422, 34.641638648], [-84.041302796, 34.642171509], [-84.043187148, 34.642065376], [-84.044895771, 34.641184956], [-84.045240005, 34.640491624], [-84.048716254, 34.640939853], [-84.049126008, 34.641161515], [-84.049084632, 34.64142763], [-84.049411918, 34.641461272], [-84.049573982, 34.641839124], [-84.049449579, 34.643357713], [-84.049966448, 34.643575594], [-84.050576039, 34.643598115], [-84.051730073, 34.643794871], [-84.055554033, 34.642859194], [-84.057060113, 34.643598996], [-84.058421457, 34.645504637], [-84.061017694, 34.647104056], [-84.062848929, 34.648745263], [-84.065158325, 34.648830252], [-84.067733964, 34.647668874], [-84.067862515, 34.648079156], [-84.067644499, 34.64871367], [-84.066873904, 34.649861764], [-84.06642705, 34.650865656], [-84.067690225, 34.651297328], [-84.069238971, 34.652349691], [-84.070522629, 34.654122538], [-84.070950466, 34.656755927], [-84.07156684, 34.657254256], [-84.074022996, 34.656612735], [-84.077065128, 34.657184471], [-84.077917524, 34.65720005], [-84.079444953, 34.656682863], [-84.080039937, 34.656230606], [-84.080156357, 34.654022693], [-84.081217898, 34.653242296], [-84.083835457, 34.65323387], [-84.087115402, 34.652505428], [-84.087945117, 34.651677994], [-84.088435559, 34.651413529], [-84.089580804, 34.651651229], [-84.091160302, 34.652640946], [-84.093508198, 34.653014435], [-84.096557739, 34.653537847], [-84.099167189, 34.653346608], [-84.101458458, 34.654119653], [-84.10456929, 34.654834978], [-84.10639322, 34.655925495], [-84.108617511, 34.65600723], [-84.109956574, 34.656319447], [-84.111919113, 34.65700163], [-84.113720448, 34.657785573], [-84.114483775, 34.658024102], [-84.117939997, 34.658607489], [-84.11899591, 34.660802031], [-84.120034427, 34.661243927], [-84.120879711, 34.661826588], [-84.122816509, 34.662609418], [-84.125339733, 34.663901938], [-84.125666159, 34.664412572], [-84.126510491, 34.664648721], [-84.127415388, 34.664711528], [-84.132729303, 34.661680406], [-84.135639015, 34.661244418], [-84.136842094, 34.660957422], [-84.137253904, 34.660460878], [-84.137947556, 34.660259187], [-84.137680588, 34.657999618], [-84.136687085, 34.656491709], [-84.136804818, 34.654736001], [-84.137204337, 34.653325833], [-84.138720498, 34.652103483], [-84.140080986, 34.650744858], [-84.141061018, 34.64991554], [-84.141434717, 34.649379194], [-84.142414716, 34.648549864], [-84.143307385, 34.648421243], [-84.147370174, 34.646197596], [-84.148091028, 34.646306975], [-84.149531481, 34.647999734], [-84.150484772, 34.650460147], [-84.152594296, 34.651065794], [-84.153872571, 34.649126323], [-84.155679051, 34.648664087], [-84.156994605, 34.647729441], [-84.157187736, 34.647622395], [-84.158570815, 34.643197252], [-84.159244855, 34.642666104], [-84.159844334, 34.642366009], [-84.16034532, 34.641035818], [-84.161139607, 34.640195891], [-84.160573951, 34.638505765], [-84.15940003, 34.636785364], [-84.159401364, 34.635511994], [-84.160460444, 34.634048558], [-84.160710907, 34.633383455], [-84.161692808, 34.633483443], [-84.163989767, 34.634674019], [-84.166500137, 34.635204109], [-84.167846936, 34.636207071], [-84.169980264, 34.63628477], [-84.171035954, 34.637070107], [-84.172588011, 34.635929176], [-84.173239555, 34.635053541], [-84.177737587, 34.635173103], [-84.178542231, 34.633098668], [-84.180881351, 34.631921514], [-84.182111613, 34.630912488], [-84.184156566, 34.629975697], [-84.184849827, 34.629891987], [-84.185910013, 34.629803323], [-84.186933793, 34.630255817], [-84.188575419, 34.630659143], [-84.190102664, 34.631333817], [-84.191000263, 34.632033213], [-84.191726435, 34.631769071], [-84.193280234, 34.630055761], [-84.193482222, 34.629958009], [-84.194113991, 34.631204812], [-84.195609752, 34.632456972], [-84.195979017, 34.632944289], [-84.196305735, 34.633218211], [-84.196607351, 34.634281529], [-84.196748574, 34.635662232], [-84.195571541, 34.636968234], [-84.193734103, 34.638599974], [-84.197154318, 34.641173087], [-84.19749413, 34.6427999], [-84.198380032, 34.64317069], [-84.199999399, 34.642638133], [-84.200717349, 34.642461793], [-84.201861051, 34.642083678], [-84.20435091, 34.642919143], [-84.2066785, 34.644998836], [-84.208174009, 34.645053356], [-84.209203869, 34.645485113], [-84.210173927, 34.645832659], [-84.211604664, 34.647004034], [-84.211613145, 34.648286744], [-84.21570521, 34.648821858], [-84.217959626, 34.649941447], [-84.220208007, 34.65166011], [-84.220875372, 34.652542839], [-84.223032466, 34.653078059], [-84.225240553, 34.65384013], [-84.225693391, 34.654038021], [-84.226175634, 34.654213546], [-84.2264703, 34.654562246], [-84.226305413, 34.655282545], [-84.226563328, 34.656210358], [-84.22834655, 34.657406592], [-84.229857787, 34.658699858], [-84.230207951, 34.660314845], [-84.231754526, 34.662226151], [-84.232763134, 34.665785017], [-84.233149656, 34.666145093], [-84.233730677, 34.666134181], [-84.234287489, 34.665789286], [-84.235195976, 34.66581149], [-84.236683739, 34.666071761], [-84.241867825, 34.669697909], [-84.242444467, 34.670598738], [-84.241882168, 34.672117187], [-84.240990314, 34.673038515], [-84.240564251, 34.674192747], [-84.242292124, 34.674548992], [-84.245541275, 34.676765116], [-84.247280941, 34.678114927], [-84.247495244, 34.681164618], [-84.248423726, 34.68302792], [-84.249613093, 34.683610481], [-84.250485567, 34.684260272], [-84.252221741, 34.685005708], [-84.253223128, 34.684931549], [-84.25334642, 34.685093918], [-84.254821455, 34.686323947], [-84.256490353, 34.688530054], [-84.256655893, 34.690031186], [-84.257795473, 34.691535588], [-84.257529212, 34.692393459], [-84.257530531, 34.693744981], [-84.259491514, 34.693497308], [-84.260229965, 34.693647824], [-84.262694301, 34.693575458], [-84.264204522, 34.693607417], [-84.264608653, 34.694313303], [-84.264874602, 34.695022144], [-84.264672639, 34.695816825], [-84.264639363, 34.696408918], [-84.26631247, 34.69790999], [-84.26793015, 34.698702311], [-84.268313284, 34.699171681], [-84.269407784, 34.702079741], [-84.269468701, 34.703893317], [-84.271463387, 34.706592224], [-84.272163389, 34.706842236], [-84.271839369, 34.707738635], [-84.27155122, 34.708672432], [-84.271619556, 34.709110058], [-84.272421994, 34.710204416], [-84.272536753, 34.710933876], [-84.273545326, 34.711257192], [-84.273988651, 34.711945849], [-84.275242051, 34.712828008], [-84.275210819, 34.714258538], [-84.278667672, 34.718246791], [-84.277891037, 34.719519905], [-84.278513814, 34.720855804], [-84.278610978, 34.721275204], [-84.281623826, 34.722043026], [-84.283637912, 34.723240216], [-84.285217918, 34.723806716], [-84.287134816, 34.724295183], [-84.287235221, 34.724472084], [-84.28838278, 34.724925353], [-84.289941354, 34.726365849], [-84.290455849, 34.726521053], [-84.291130373, 34.725780234], [-84.294306006, 34.726488058], [-84.296463206, 34.72751569], [-84.298932152, 34.727470369], [-84.299806337, 34.726544772], [-84.30082628, 34.725105979], [-84.301798929, 34.724148038], [-84.30325433, 34.724133806], [-84.307314484, 34.723232619], [-84.309732662, 34.725278537], [-84.311892088, 34.724481909], [-84.31240846, 34.724402846], [-84.313845049, 34.72499043], [-84.315119153, 34.725057083], [-84.31779904, 34.727093177], [-84.321797497, 34.727297952], [-84.323575928, 34.725398812], [-84.326910694, 34.725317284], [-84.328522773, 34.726067947], [-84.331610479, 34.728946843], [-84.332502773, 34.729952547], [-84.333856855, 34.731255748], [-84.337547912, 34.732047751], [-84.339051227, 34.733019581], [-84.339456249, 34.733725179], [-84.339857864, 34.734795674], [-84.341769928, 34.737134231], [-84.341860775, 34.739738005], [-84.342843992, 34.741704846], [-84.342800776, 34.743393702], [-84.340475379, 34.743279138], [-84.339531281, 34.744307774], [-84.336490667, 34.746384738], [-84.335556421, 34.747262327], [-84.336179687, 34.748551359], [-84.33756164, 34.750306928], [-84.338077079, 34.754445803], [-84.338855609, 34.755997353], [-84.339314225, 34.758593566], [-84.340429882, 34.759330151], [-84.341039084, 34.760387598], [-84.341602401, 34.761233553], [-84.341691326, 34.761658351], [-84.341184102, 34.761932705], [-84.339146452, 34.764251586], [-84.337192164, 34.766209332], [-84.335473759, 34.76752143], [-84.334201148, 34.767115326], [-84.333098214, 34.766363078], [-84.33210458, 34.766483123], [-84.331250982, 34.766828305], [-84.331071269, 34.766949642], [-84.329279609, 34.769033347], [-84.324782449, 34.772178086], [-84.32353164, 34.772671308], [-84.320531011, 34.774338164], [-84.318607032, 34.778091087], [-84.316773958, 34.778255637], [-84.315964242, 34.777798648], [-84.314577075, 34.778041658], [-84.313465362, 34.780011795], [-84.31224679, 34.781128838], [-84.312179982, 34.781772384], [-84.314418169, 34.782296662], [-84.315350114, 34.782668798], [-84.316566279, 34.783122205], [-84.31696561, 34.786035554], [-84.319930087, 34.787139204], [-84.32137953, 34.787957938], [-84.321831173, 34.789930682], [-84.322346429, 34.791468564], [-84.32265991, 34.792827886], [-84.32189051, 34.794395366], [-84.321629683, 34.795049016], [-84.322615718, 34.796349057], [-84.323357126, 34.797683687], [-84.324424146, 34.798571702], [-84.324614308, 34.800245871], [-84.323554587, 34.803002386], [-84.321033567, 34.805528034], [-84.321936822, 34.806158981], [-84.324229197, 34.806810853], [-84.324666515, 34.806827214], [-84.326331292, 34.807105844], [-84.328116008, 34.806767353], [-84.329203554, 34.80757291], [-84.331654803, 34.809148298], [-84.333884925, 34.810963263], [-84.33446698, 34.812389485], [-84.332540989, 34.814100913], [-84.33170288, 34.814939562], [-84.330857037, 34.817590837], [-84.331343422, 34.817764075], [-84.332874422, 34.818478847], [-84.335245449, 34.81897577], [-84.336362755, 34.819638542], [-84.337191508, 34.820042331], [-84.338918333, 34.820103182], [-84.340199236, 34.821145372], [-84.342450874, 34.821948959], [-84.344280268, 34.823527247], [-84.344064484, 34.823919433], [-84.341919001, 34.825516174], [-84.341160194, 34.827682196], [-84.339172119, 34.828448118], [-84.338417538, 34.830380227], [-84.337621686, 34.83109437], [-84.336837037, 34.832128392], [-84.336065905, 34.832560012], [-84.335220575, 34.833393742], [-84.335145276, 34.834367831], [-84.335028041, 34.834881746], [-84.333007304, 34.83644228], [-84.331053845, 34.838364167], [-84.327334637, 34.842477862], [-84.326967945, 34.843142016], [-84.326756576, 34.843230632], [-84.32620934, 34.844362246], [-84.324123681, 34.84588449], [-84.323774358, 34.846605262], [-84.32466672, 34.847140024], [-84.325089565, 34.847697441], [-84.326598494, 34.84866333], [-84.327478671, 34.848662762], [-84.329092215, 34.850002175], [-84.329734323, 34.852215417], [-84.330431457, 34.853520096], [-84.331443733, 34.854995618], [-84.331110196, 34.856074736], [-84.329706517, 34.856776583], [-84.327403429, 34.859417068], [-84.326791231, 34.860837713], [-84.326350344, 34.861304449], [-84.325731689, 34.862203031], [-84.325954825, 34.862550453], [-84.327843684, 34.863879391], [-84.329526105, 34.864854107], [-84.329796193, 34.865765619], [-84.330409224, 34.866785319], [-84.329976675, 34.867761641], [-84.331735538, 34.868748178], [-84.334505451, 34.866703149], [-84.335291693, 34.866277252], [-84.336091309, 34.864206152], [-84.336756914, 34.864230483], [-84.337864305, 34.864415078], [-84.338260608, 34.864121168], [-84.339457995, 34.863474591], [-84.340885578, 34.862221953], [-84.341840617, 34.862380731], [-84.34284956, 34.861637186], [-84.343818439, 34.861670676], [-84.344601473, 34.86205289], [-84.346019642, 34.863207821], [-84.346201178, 34.862493467], [-84.346227404, 34.862012686], [-84.348533865, 34.860305259], [-84.349451256, 34.858484395], [-84.351726907, 34.856841389], [-84.352061831, 34.85564839], [-84.352264209, 34.855550388], [-84.352986723, 34.854959706], [-84.355178513, 34.854878792], [-84.355351646, 34.854750423], [-84.357968151, 34.854101805], [-84.358946411, 34.853232647], [-84.358664975, 34.85225676], [-84.360435227, 34.850955797], [-84.361565014, 34.851317624], [-84.363151026, 34.852259015], [-84.364626283, 34.848783889], [-84.366067138, 34.848005159], [-84.36649622, 34.847425244], [-84.367270251, 34.847008498], [-84.367317696, 34.846078102], [-84.367750159, 34.84451484], [-84.36840673, 34.844580324], [-84.369258882, 34.844540767], [-84.371205323, 34.844392897], [-84.374492194, 34.841826558], [-84.376061355, 34.84143625], [-84.376735765, 34.841212166], [-84.377501281, 34.841022488], [-84.378443835, 34.839750679], [-84.379294268, 34.838811646], [-84.380710757, 34.839651488], [-84.382351197, 34.839339974], [-84.38504018, 34.839358738], [-84.386601767, 34.839172298], [-84.387269515, 34.837668311], [-84.388601441, 34.835869497], [-84.389769467, 34.836063895], [-84.392685378, 34.834961005], [-84.393235202, 34.832463706], [-84.395613486, 34.832160027], [-84.395712647, 34.8342913], [-84.395014169, 34.836550057], [-84.394208577, 34.837400769], [-84.393244174, 34.839248877], [-84.392228907, 34.840796397], [-84.390700012, 34.840990391], [-84.389709278, 34.842392576], [-84.388666846, 34.843293559], [-84.387680862, 34.845179588], [-84.38667211, 34.846717163], [-84.385965407, 34.847463691], [-84.385404589, 34.84774558], [-84.384865817, 34.849342608], [-84.383976038, 34.850575386], [-84.383538682, 34.851502817], [-84.384236405, 34.852809256], [-84.383163705, 34.853736738], [-84.38204044, 34.85532409], [-84.381244906, 34.857841184], [-84.382024142, 34.85929717], [-84.381946268, 34.860790214], [-84.382294776, 34.861050781], [-84.382966434, 34.862048543], [-84.384430295, 34.862681909], [-84.384570167, 34.864181849], [-84.385402627, 34.864376605], [-84.386233796, 34.863961201], [-84.38671768, 34.863276922], [-84.387270102, 34.862690228], [-84.391127014, 34.862533736], [-84.391597121, 34.861871288], [-84.391997307, 34.861670478], [-84.3926495, 34.860424568], [-84.394082484, 34.858905946], [-84.394459935, 34.858373583], [-84.395120621, 34.857673093], [-84.395799178, 34.85671686], [-84.397768962, 34.856570848], [-84.399068483, 34.855984537], [-84.398423964, 34.854204359], [-84.398337992, 34.852811124], [-84.401322094, 34.850710031], [-84.401951027, 34.849822712], [-84.403680138, 34.849424721], [-84.405410356, 34.848640542], [-84.40583313, 34.848306847], [-84.407693917, 34.847468072], [-84.409659609, 34.847760521], [-84.41343364, 34.849300637], [-84.416258921, 34.850279919], [-84.417787798, 34.849621214], [-84.42014369, 34.849502634], [-84.421443464, 34.844137382], [-84.422516257, 34.843532555], [-84.424349472, 34.84380528], [-84.426716354, 34.843371064], [-84.427539443, 34.841263895], [-84.427180164, 34.839349677], [-84.427428992, 34.838684152], [-84.428774519, 34.837616646], [-84.429655812, 34.837503564], [-84.431193814, 34.835815573], [-84.433086159, 34.834314686], [-84.433645301, 34.832816635], [-84.435138311, 34.83163283], [-84.435728203, 34.830051279], [-84.436336689, 34.829450958], [-84.436920784, 34.829133166], [-84.438777088, 34.827765829], [-84.442184714, 34.826915292], [-84.444235056, 34.826867326], [-84.44473622, 34.82677135], [-84.446841721, 34.824871364], [-84.447655004, 34.821994808], [-84.448164123, 34.821707532], [-84.448687758, 34.821634877], [-84.450666255, 34.821700006], [-84.452387588, 34.820430983], [-84.454273149, 34.819591903], [-84.455807136, 34.82072528], [-84.457231461, 34.820028341], [-84.459476284, 34.819585681], [-84.45960598, 34.819744157], [-84.46155358, 34.820931051], [-84.464244235, 34.819911875], [-84.465619671, 34.819798889], [-84.468321366, 34.81884404], [-84.469829732, 34.818469765], [-84.471516817, 34.817910518], [-84.472952479, 34.817552235], [-84.47403984, 34.817191163], [-84.476528549, 34.815972359], [-84.479415247, 34.816451817], [-84.482579494, 34.814805751], [-84.48369136, 34.813604866], [-84.486031527, 34.812645594], [-84.486662002, 34.812068331], [-84.487293047, 34.811799276], [-84.487493399, 34.811990023], [-84.487948155, 34.815981832], [-84.48787382, 34.820100783], [-84.490575284, 34.823237918], [-84.491501745, 34.824781461], [-84.492188327, 34.825790553], [-84.494671487, 34.825892063], [-84.497031655, 34.826240991], [-84.498305509, 34.827204547], [-84.498616275, 34.827579224], [-84.500793044, 34.829203763], [-84.502454426, 34.830013412], [-84.503766881, 34.830980698], [-84.504726012, 34.833506608], [-84.504241463, 34.83427352], [-84.503827221, 34.834918617], [-84.503784815, 34.836659863], [-84.503481362, 34.837746432], [-84.501298467, 34.839667114], [-84.501803433, 34.840639207], [-84.50185772, 34.842290784], [-84.502140737, 34.842833656], [-84.502187845, 34.843526336], [-84.500467092, 34.844707444], [-84.497191774, 34.845735234], [-84.496785898, 34.846653395], [-84.496787856, 34.847525244], [-84.498433055, 34.848288983], [-84.497439764, 34.851508803], [-84.497711029, 34.852390317], [-84.497963439, 34.853675192], [-84.498212287, 34.854480623], [-84.498900472, 34.855793682], [-84.500175197, 34.855834927], [-84.502372564, 34.856199253], [-84.502675273, 34.856993091], [-84.503922568, 34.857599316], [-84.503942745, 34.859513419], [-84.504180165, 34.86032614], [-84.504397377, 34.862054933], [-84.505473074, 34.863840867], [-84.508587566, 34.864272184], [-84.51099142, 34.864876143], [-84.512476009, 34.864925242], [-84.513563614, 34.865104076], [-84.514878435, 34.868823392], [-84.513734581, 34.870635525], [-84.514327859, 34.872671413], [-84.514467979, 34.873786855], [-84.515055328, 34.874663515], [-84.514868088, 34.875409064], [-84.515423739, 34.876514747], [-84.515106634, 34.877779343], [-84.513890992, 34.879704702], [-84.513853442, 34.880441767], [-84.513049858, 34.881337689], [-84.512395093, 34.882543715], [-84.510942029, 34.883723913], [-84.510939908, 34.885179898], [-84.511435759, 34.885346894], [-84.512948709, 34.886008649], [-84.513728828, 34.886503292], [-84.513867584, 34.888861614], [-84.514478928, 34.890517243], [-84.515518728, 34.891347648], [-84.515648686, 34.892548589], [-84.516024902, 34.893514178], [-84.515774658, 34.896973809], [-84.515346056, 34.898877415], [-84.515723327, 34.901782537], [-84.515318298, 34.903580826], [-84.514309043, 34.904960902], [-84.513324486, 34.905081398], [-84.511979213, 34.907034073], [-84.510786173, 34.907467474], [-84.510052934, 34.907631673], [-84.508956281, 34.908030226], [-84.50736997, 34.907333817], [-84.506782036, 34.907345579], [-84.506443948, 34.907272197], [-84.505402798, 34.907752157], [-84.504863072, 34.907633592], [-84.503891785, 34.907717333], [-84.503154137, 34.908674564], [-84.503283529, 34.909548347], [-84.503620573, 34.911520984], [-84.50472586, 34.912246049], [-84.505457794, 34.91313272], [-84.50478914, 34.913873052], [-84.503377143, 34.916684332], [-84.501480742, 34.918139461], [-84.501227787, 34.918800422], [-84.50257863, 34.919226789], [-84.505176441, 34.921692113], [-84.506086905, 34.921980112], [-84.506769324, 34.922207671], [-84.507617375, 34.923363199], [-84.507972832, 34.92441537], [-84.507327315, 34.926320793], [-84.507756212, 34.927665084], [-84.507837606, 34.928095162], [-84.508989912, 34.92803973], [-84.509644955, 34.925966414], [-84.510465151, 34.925762222], [-84.511596641, 34.925949518], [-84.511850722, 34.927139417], [-84.513879468, 34.928468006], [-84.514368576, 34.930054536], [-84.513254716, 34.931295584], [-84.51275406, 34.932096797], [-84.515352738, 34.933622787], [-84.516535829, 34.933397256], [-84.517905512, 34.933282911], [-84.520957481, 34.936132161], [-84.523353948, 34.935844327], [-84.525089352, 34.936420019], [-84.525905669, 34.936624726], [-84.526551577, 34.937758087], [-84.525296888, 34.939783078], [-84.525792068, 34.940791896], [-84.526552303, 34.943441093], [-84.526072859, 34.944379487], [-84.52470991, 34.945543403], [-84.524731597, 34.946233477], [-84.524038806, 34.948281999], [-84.52309092, 34.949701923], [-84.522638616, 34.950771697], [-84.522153981, 34.951500652], [-84.521475229, 34.952828834], [-84.521521253, 34.95431264], [-84.52238289, 34.954998718], [-84.523196669, 34.956108464], [-84.524228766, 34.956718419], [-84.524285715, 34.957903633], [-84.523934497, 34.959046641], [-84.522892056, 34.959948708], [-84.521720918, 34.961152547], [-84.521189983, 34.962172381], [-84.521337812, 34.962646935], [-84.522522129, 34.966954183], [-84.523014716, 34.96799859], [-84.523130563, 34.968495317], [-84.521868406, 34.969036054], [-84.521018231, 34.970184901], [-84.519047196, 34.972270284], [-84.517976691, 34.973931348], [-84.519216935, 34.975032345], [-84.519607617, 34.97809465], [-84.519299594, 34.979313627], [-84.518297526, 34.981300054], [-84.518194633, 34.983324173], [-84.518880642, 34.984678784], [-84.519430287, 34.986125501], [-84.518940336, 34.987531288], [-84.519024738, 34.987959505], [-84.519314177, 34.9884986], [-84.519808043, 34.990178277], [-84.521417157, 34.99228189], [-84.522093926, 34.994203182], [-84.52238341, 34.994742267], [-84.522716442, 34.995686555], [-84.523255194, 34.996598285], [-84.525039407, 34.997153278], [-84.527153527, 34.998221733], [-84.528937805, 34.998776665], [-84.528981924, 34.999230453], [-84.52931227, 34.999984533], [-84.529356392, 35.000438319], [-84.530219516, 35.000613746], [-84.533105173, 35.002156583], [-84.534426011, 35.003246236], [-84.53771683, 35.003809497], [-84.538170272, 35.004003773], [-84.539945145, 35.005528232], [-84.541836493, 35.005021513], [-84.543431208, 35.00482331], [-84.545895139, 35.004307228], [-84.546886754, 35.00473988], [-84.5477125, 35.004938938], [-84.548209204, 35.005105759], [-84.550267244, 35.006691537], [-84.550763965, 35.006858346], [-84.552409247, 35.00701946], [-84.552850584, 35.008288611], [-84.554295885, 35.010989592], [-84.555206276, 35.013918814], [-84.555478774, 35.014468774], [-84.555914786, 35.015878745], [-84.557148429, 35.017746575], [-84.558515456, 35.018566101], [-84.560960161, 35.019750567], [-84.561437486, 35.02032687], [-84.562143184, 35.02349337], [-84.562306639, 35.025558154], [-84.562536541, 35.026376104], [-84.562997355, 35.02659208], [-84.563922155, 35.026496843], [-84.566817775, 35.027581762], [-84.568545368, 35.027404613], [-84.569455519, 35.028035837], [-84.570800978, 35.027831853], [-84.572989761, 35.027938135], [-84.573205875, 35.027853754], [-84.574807163, 35.025971994], [-84.575384779, 35.023956453], [-84.576418241, 35.023133255], [-84.577970697, 35.023656252], [-84.578730489, 35.022411745], [-84.580165228, 35.021853474], [-84.581049582, 35.022150829], [-84.581706715, 35.021873186], [-84.582626251, 35.021707667], [-84.582989667, 35.021352811], [-84.583224077, 35.020778584], [-84.583999028, 35.020550411], [-84.584546817, 35.01988651], [-84.585242532, 35.019682244], [-84.58616178, 35.02142405], [-84.588122597, 35.022374994], [-84.589127018, 35.022042585], [-84.589189206, 35.0208038], [-84.589727336, 35.020204344], [-84.590662017, 35.020356732], [-84.592077601, 35.019663533], [-84.592607889, 35.019466296], [-84.593271926, 35.020611348], [-84.593431052, 35.020751355], [-84.594353032, 35.020988979], [-84.596083717, 35.021961643], [-84.597988145, 35.02208405], [-84.598999839, 35.022805108], [-84.600126258, 35.022879053], [-84.600622639, 35.02294432], [-84.601352061, 35.022443642], [-84.602141346, 35.023904657], [-84.604670122, 35.023338795], [-84.605715082, 35.02483524], [-84.60762139, 35.02580372], [-84.608623806, 35.025869718], [-84.609900084, 35.024517129], [-84.610378789, 35.023597437], [-84.611444502, 35.022116722], [-84.612269595, 35.020815115], [-84.61378398, 35.01961438], [-84.613984193, 35.019513612], [-84.614455258, 35.017820954], [-84.616295672, 35.016462049], [-84.618349299, 35.015948827], [-84.619591154, 35.014702513], [-84.620082076, 35.014435923], [-84.624004596, 35.015001164], [-84.625078707, 35.015601469], [-84.625680613, 35.01592164], [-84.628398223, 35.013485374], [-84.631207401, 35.011467266], [-84.631386738, 35.011594414], [-84.632248501, 35.012956754], [-84.631917825, 35.013426743], [-84.63277285, 35.013798913], [-84.634110443, 35.013310762], [-84.634922545, 35.014410848], [-84.635743859, 35.014781827], [-84.636039583, 35.016338068], [-84.637113016, 35.016750414], [-84.639364479, 35.015711733], [-84.640780649, 35.017680613], [-84.641606777, 35.017879008], [-84.641881991, 35.018186341], [-84.643324013, 35.018716705], [-84.64399349, 35.019091858], [-84.644427163, 35.020212068], [-84.643349947, 35.020843772], [-84.64273023, 35.021644377], [-84.641727189, 35.022812827], [-84.643367305, 35.023415164], [-84.642764589, 35.025822955], [-84.643660845, 35.026234892], [-84.644920584, 35.026131466], [-84.64662989, 35.025301608], [-84.648213936, 35.02575496], [-84.649409065, 35.025278118], [-84.6504542, 35.025759304], [-84.651361112, 35.02759418], [-84.65158826, 35.028173193], [-84.652990024, 35.029222716], [-84.654397309, 35.030850819], [-84.655825141, 35.031267799], [-84.656914031, 35.031894508], [-84.660787009, 35.032571737], [-84.661906631, 35.034663394], [-84.662202425, 35.035413583], [-84.663172017, 35.036880972], [-84.662538064, 35.037602223], [-84.663826387, 35.03823974], [-84.6644074, 35.038914184], [-84.666355562, 35.039008023], [-84.667499589, 35.039175823], [-84.668004869, 35.039199458], [-84.668470062, 35.03938798], [-84.669340063, 35.039362552], [-84.669983655, 35.039104222], [-84.671192634, 35.038974485], [-84.672188721, 35.038062531], [-84.672709105, 35.036980034], [-84.672641043, 35.036435479], [-84.673145104, 35.036220582], [-84.673302264, 35.036075466], [-84.674557447, 35.035492376], [-84.675455105, 35.036178431], [-84.676150091, 35.035925047], [-84.676827413, 35.036072893], [-84.678319596, 35.036021134], [-84.678587067, 35.036241111], [-84.679623693, 35.038086117], [-84.680763942, 35.038808257], [-84.681370257, 35.039594751], [-84.682377357, 35.040194286], [-84.682542446, 35.040330507], [-84.682673792, 35.041452881], [-84.683028318, 35.04210741], [-84.681796002, 35.04586779], [-84.68262408, 35.046549143], [-84.682740271, 35.048302927], [-84.681991448, 35.050224073], [-84.682005423, 35.052668353], [-84.68114238, 35.053985643], [-84.68176399, 35.05488118], [-84.681404292, 35.056059406], [-84.682075246, 35.057027219], [-84.682450555, 35.05775336], [-84.683446059, 35.059050005], [-84.684071924, 35.060340424], [-84.685304991, 35.059767721], [-84.686039307, 35.059602453], [-84.686701133, 35.059362665], [-84.688208616, 35.059175096], [-84.687817885, 35.057970724], [-84.688720978, 35.057034884], [-84.689228536, 35.05582664], [-84.689470391, 35.055461857], [-84.691312678, 35.055515468], [-84.692327966, 35.055320362], [-84.693597362, 35.055736265], [-84.694023308, 35.05575], [-84.69492553, 35.055084061], [-84.696277735, 35.054569179], [-84.697432156, 35.054756647], [-84.699704064, 35.05432213], [-84.701944632, 35.056289431], [-84.703038271, 35.056323303], [-84.704212703, 35.056516851], [-84.706344806, 35.056551792], [-84.706458439, 35.057425559], [-84.706272612, 35.058029935], [-84.706276299, 35.058570331], [-84.706044267, 35.059328462], [-84.706829505, 35.060461123], [-84.707012873, 35.063212761], [-84.706403811, 35.065198105], [-84.70665741, 35.065760506], [-84.707273952, 35.066092132], [-84.70946175, 35.065398256], [-84.710023272, 35.064317516], [-84.710622528, 35.063864829], [-84.71185724, 35.064623121], [-84.712502683, 35.066438374], [-84.714026704, 35.066863817], [-84.714605842, 35.067219216], [-84.715848595, 35.067640711], [-84.717156566, 35.067178278], [-84.719984899, 35.067166154], [-84.720449161, 35.067362785], [-84.721016812, 35.06772548], [-84.721342789, 35.068965624], [-84.721531051, 35.069087131], [-84.724152692, 35.069521171], [-84.725059238, 35.071072477], [-84.72544439, 35.073168407], [-84.726116298, 35.073762604], [-84.727322086, 35.073798589], [-84.728110451, 35.074311174], [-84.728959074, 35.073848666], [-84.729810164, 35.072696604], [-84.730443825, 35.071036319], [-84.732797451, 35.070703935], [-84.735363605, 35.069442718], [-84.736161432, 35.069572244], [-84.73848735, 35.069639985], [-84.739440207, 35.068451252], [-84.738748578, 35.067494524], [-84.739804891, 35.066701769], [-84.73998533, 35.066274042], [-84.740450313, 35.066519176], [-84.741152836, 35.066320979], [-84.742542047, 35.067060026], [-84.741797852, 35.073318785], [-84.741656266, 35.07413838], [-84.742998773, 35.075461433], [-84.745019954, 35.076341364], [-84.746032699, 35.077050468], [-84.748746808, 35.077106791], [-84.749271897, 35.077032813], [-84.749617844, 35.076774971], [-84.750477271, 35.076309139], [-84.75185244, 35.074165287], [-84.752359816, 35.074566313], [-84.753086611, 35.075551624], [-84.753963318, 35.076245473], [-84.755883232, 35.075986964], [-84.756044832, 35.078597002], [-84.757406823, 35.079558916], [-84.757742353, 35.078857088], [-84.759077485, 35.078209076], [-84.760377476, 35.077764393], [-84.761209865, 35.077002692], [-84.762896597, 35.076306137], [-84.763098222, 35.076568069], [-84.765027735, 35.07778898], [-84.764589198, 35.079227639], [-84.764875977, 35.080668418], [-84.766794382, 35.081130969], [-84.767134044, 35.081572774], [-84.767649917, 35.08307138], [-84.768873822, 35.082132048], [-84.770202854, 35.081951598], [-84.771137333, 35.082644507], [-84.772294373, 35.083386176], [-84.773765943, 35.085221081], [-84.773972619, 35.086088838], [-84.773022702, 35.087953056], [-84.773684562, 35.088263316], [-84.774368413, 35.088672708], [-84.775277812, 35.088683974], [-84.775765952, 35.088772963], [-84.777480256, 35.088795994], [-84.778804733, 35.089589488], [-84.779626232, 35.089790565], [-84.780810901, 35.089473812], [-84.783210975, 35.089484434], [-84.783854603, 35.089225493], [-84.78715824, 35.0893226], [-84.788434142, 35.090180927], [-84.788672731, 35.090547583], [-84.788852514, 35.090674481], [-84.789514962, 35.091942296], [-84.789804944, 35.093275682], [-84.789049133, 35.09447729], [-84.788984502, 35.095861088], [-84.788456684, 35.096700643], [-84.788032658, 35.097491076], [-84.787556559, 35.098244883], [-84.787680761, 35.09866175], [-84.790359816, 35.099103885], [-84.790529285, 35.101294718], [-84.791824145, 35.101918559], [-84.793796964, 35.101978724], [-84.795121538, 35.102613805], [-84.795609057, 35.102369386], [-84.796976612, 35.10085928], [-84.799038023, 35.10010103], [-84.801382423, 35.097393496], [-84.801582593, 35.097292417], [-84.801733619, 35.097437632], [-84.801934612, 35.098275224], [-84.802158646, 35.099098145], [-84.802706678, 35.102128731], [-84.803704742, 35.104689803], [-84.803502993, 35.105710337], [-84.803408061, 35.106696791], [-84.806960929, 35.110765447], [-84.807949753, 35.110859955], [-84.808447705, 35.111025657], [-84.809954248, 35.1119711], [-84.811917484, 35.112437084], [-84.812039763, 35.112600624], [-84.810964062, 35.114704013], [-84.811700574, 35.116147425], [-84.813150924, 35.116657178], [-84.81446825, 35.118236188], [-84.815917804, 35.11930474], [-84.816707396, 35.120654041], [-84.819093664, 35.121246741], [-84.820972533, 35.122362526], [-84.819583618, 35.124001596], [-84.818126121, 35.125252359], [-84.819198828, 35.126630762], [-84.819455993, 35.128156981], [-84.819682841, 35.129943939], [-84.819963405, 35.130489552], [-84.819555544, 35.135417504], [-84.819896492, 35.136567852], [-84.819609097, 35.137371397], [-84.816311661, 35.137735778], [-84.815671021, 35.139328135], [-84.81701911, 35.141538478], [-84.817289606, 35.144168992], [-84.818358533, 35.144789841], [-84.818687567, 35.145664865], [-84.818202613, 35.145854798], [-84.817913016, 35.146476748], [-84.817677938, 35.147154519], [-84.818088988, 35.147558615], [-84.819109072, 35.148995208], [-84.820350091, 35.149636669], [-84.822249993, 35.149060784], [-84.823545148, 35.149207531], [-84.826606785, 35.148797223], [-84.827557844, 35.149313936], [-84.829219301, 35.149814008], [-84.829815719, 35.151201656], [-84.830781803, 35.151776712], [-84.834559978, 35.149717762], [-84.836927035, 35.151556679], [-84.838064742, 35.151797927], [-84.83949177, 35.151739827], [-84.841098741, 35.150414475], [-84.841988609, 35.149115722], [-84.84335121, 35.148943887], [-84.843847156, 35.148839261], [-84.844593125, 35.149329971], [-84.847302574, 35.149916892], [-84.848214835, 35.149913032], [-84.849218672, 35.150337565], [-84.8498172, 35.15033547], [-84.851872888, 35.150855848], [-84.852978861, 35.150849291], [-84.853671874, 35.151273737], [-84.854497109, 35.151472444], [-84.854654162, 35.151327102], [-84.855709909, 35.15087708], [-84.856340378, 35.15029803], [-84.856679136, 35.149408637], [-84.857637233, 35.148105735], [-84.85849764, 35.147149949], [-84.85907474, 35.146363354], [-84.859848407, 35.145500542], [-84.86033593, 35.14459365], [-84.861104154, 35.143373902], [-84.86026039, 35.141762582], [-84.86114224, 35.14058738], [-84.862050133, 35.138033283], [-84.862016301, 35.137047292], [-84.862472418, 35.13576412], [-84.862674879, 35.135665265], [-84.863765927, 35.134075489], [-84.863690804, 35.132028981], [-84.865657496, 35.131884818], [-84.86626591, 35.13138377], [-84.866468355, 35.131284909], [-84.866341551, 35.1308827], [-84.866246171, 35.129494373], [-84.865854985, 35.128773888], [-84.867341314, 35.127588615], [-84.867380115, 35.127322355], [-84.866720708, 35.127259684], [-84.866837116, 35.126460904], [-84.867987776, 35.125374478], [-84.869265203, 35.125120476], [-84.870349295, 35.12393491], [-84.871179578, 35.123254571], [-84.871571073, 35.12243131], [-84.872586, 35.121074657], [-84.872242517, 35.120116189], [-84.872286732, 35.118880316], [-84.87331281, 35.117482537], [-84.875015254, 35.115581687], [-84.875057017, 35.114685124], [-84.875369797, 35.113774233], [-84.87655234, 35.113722054], [-84.878730528, 35.112623462], [-84.878898819, 35.112489706], [-84.880017477, 35.112983976], [-84.881173295, 35.11370742], [-84.882117792, 35.113335223], [-84.882718208, 35.112725789], [-84.88340461, 35.111812389], [-84.883882648, 35.111469716], [-84.885545176, 35.111222588], [-84.88615648, 35.109981487], [-84.886277326, 35.108288921], [-84.889349429, 35.106049686], [-84.889542687, 35.105941484], [-84.889392782, 35.105553977], [-84.88923938, 35.104472292], [-84.888267894, 35.104097513], [-84.888281759, 35.10312238], [-84.888554633, 35.10278975], [-84.889542148, 35.10249751], [-84.890006935, 35.101598904], [-84.891460156, 35.101173681], [-84.891849116, 35.100042218], [-84.892390263, 35.099372288], [-84.892604082, 35.098673416], [-84.893763558, 35.098275139], [-84.894679805, 35.096999656], [-84.895385425, 35.094550591], [-84.896365296, 35.092621027], [-84.896380662, 35.091922309], [-84.897881832, 35.089799639], [-84.898645077, 35.088030887], [-84.899685683, 35.086562594], [-84.900179467, 35.085624524], [-84.900200536, 35.084886274], [-84.899479123, 35.084138785], [-84.8995002, 35.083400535], [-84.900147997, 35.08253401], [-84.900760264, 35.081067274], [-84.902216522, 35.079539248], [-84.903715918, 35.078810378], [-84.902727961, 35.077544137], [-84.903345997, 35.076324686], [-84.904439125, 35.074690509], [-84.905200449, 35.073022765], [-84.905768605, 35.071157445], [-84.906249285, 35.070416354], [-84.90624575, 35.069973133], [-84.906979326, 35.067758631], [-84.908304799, 35.065186855], [-84.908126962, 35.064362259], [-84.907465824, 35.063415934], [-84.907940998, 35.062064815], [-84.908668042, 35.060056359], [-84.910035994, 35.058629556], [-84.909494717, 35.056964878], [-84.909488177, 35.056002554], [-84.909987157, 35.054594629], [-84.909940195, 35.05333532], [-84.910687609, 35.052336883], [-84.912328883, 35.052262524], [-84.91326649, 35.050923565], [-84.915187697, 35.050213465], [-84.915471573, 35.04928076], [-84.915960578, 35.048930589], [-84.917314005, 35.049311862], [-84.918240589, 35.04968644], [-84.920223917, 35.050131545], [-84.922973067, 35.051737344], [-84.925565088, 35.053600252], [-84.92649908, 35.053834154], [-84.927151038, 35.052790748], [-84.927987406, 35.049590444], [-84.929554849, 35.047087772], [-84.930871468, 35.043325496], [-84.931275281, 35.041598485], [-84.931509124, 35.041226229], [-84.932250349, 35.039041849], [-84.933577067, 35.037227085], [-84.934404158, 35.037423416], [-84.935712679, 35.037987944], [-84.937129722, 35.03906465], [-84.938202874, 35.03954362], [-84.939422392, 35.039515503], [-84.940198796, 35.039683799], [-84.942830257, 35.040822489], [-84.943002536, 35.042319249], [-84.943668764, 35.042618407], [-84.944533915, 35.043273786], [-84.94532261, 35.043736347], [-84.945486991, 35.043591598], [-84.947888213, 35.043436714], [-84.948654864, 35.043781177], [-84.949854198, 35.043784782], [-84.950669607, 35.043701507], [-84.950660374, 35.042682025], [-84.949759981, 35.041945337], [-84.949573021, 35.041018731], [-84.94854235, 35.03968555], [-84.949379005, 35.037775847], [-84.949055995, 35.0353538], [-84.949510707, 35.034264246], [-84.951557013, 35.03421709], [-84.952318174, 35.032738898], [-84.954453671, 35.031947228], [-84.955059366, 35.030768576], [-84.955342685, 35.029835757], [-84.955261044, 35.029353538], [-84.954726881, 35.02853756], [-84.95396644, 35.028223231], [-84.953115051, 35.027617709], [-84.953710026, 35.0263326], [-84.953866636, 35.026187108], [-84.954511066, 35.025317911], [-84.955116116, 35.023185948], [-84.956457524, 35.022112603], [-84.956298067, 35.0215914], [-84.956781504, 35.020915779], [-84.95735441, 35.020288673], [-84.95737735, 35.019027575], [-84.958358855, 35.017953978], [-84.958393385, 35.016124553], [-84.959880883, 35.014489223], [-84.961611848, 35.014346797], [-84.962471565, 35.012995951], [-84.963419031, 35.009535984], [-84.962824645, 35.008414866], [-84.964146155, 35.005831664], [-84.962549178, 35.004630686], [-84.960886265, 35.004049823], [-84.960076396, 35.002670021], [-84.957192983, 35.001731337], [-84.95401503, 35.00043153], [-84.952289483, 35.000123001], [-84.951857679, 34.999755309], [-84.952361131, 34.998362419], [-84.95290977, 34.997089791], [-84.953723073, 34.994254074], [-84.955408702, 34.99111691], [-84.95524926, 34.989855417], [-84.95357468, 34.988906333], [-84.953427552, 34.988517025], [-84.95337098, 34.987102846], [-84.952831519, 34.986271532], [-84.953593161, 34.985563152], [-84.953973988, 34.98473021], [-84.954443561, 34.984293714], [-84.954826094, 34.982545608], [-84.956266873, 34.98184443], [-84.956867795, 34.980966891], [-84.957778524, 34.980181883], [-84.958529946, 34.978694277], [-84.959886585, 34.978033623], [-84.960935165, 34.976346291], [-84.960905701, 34.975592691], [-84.959627837, 34.975020676], [-84.960602986, 34.973155578], [-84.960311768, 34.972265475], [-84.96050459, 34.972157142], [-84.96106714, 34.970514594], [-84.961875771, 34.96958705], [-84.962459565, 34.968809103], [-84.963365249, 34.96776839], [-84.965071832, 34.967100661], [-84.962829495, 34.964452985], [-84.963950294, 34.961431085], [-84.963237212, 34.959997075], [-84.963007921, 34.959418628], [-84.962404329, 34.958870212], [-84.962366338, 34.956928386], [-84.962091137, 34.956379343], [-84.962072467, 34.955424276], [-84.962793194, 34.955720127], [-84.964991983, 34.954744576], [-84.966151923, 34.95457781], [-84.967391251, 34.953226903], [-84.966071104, 34.9520646], [-84.966440054, 34.951890637], [-84.967348941, 34.95203761], [-84.968468462, 34.951029707], [-84.969380802, 34.948095636], [-84.971939882, 34.945791525], [-84.972085873, 34.945193671], [-84.971636832, 34.944313987], [-84.972295213, 34.943576784], [-84.97318896, 34.940136857], [-84.974948323, 34.938554454], [-84.973531464, 34.937305042], [-84.974272255, 34.934293571], [-84.975207866, 34.933782881], [-84.976121804, 34.931359301], [-84.977133931, 34.9308052], [-84.977306194, 34.930675926], [-84.977174727, 34.930032902], [-84.976624081, 34.929316581], [-84.975523872, 34.929324544], [-84.975512165, 34.927939868], [-84.976190572, 34.926175294], [-84.976180023, 34.924872979], [-84.977067304, 34.922832834], [-84.976599628, 34.921974584], [-84.976575123, 34.919538351], [-84.976980614, 34.919036683], [-84.97852729, 34.919091939], [-84.979688081, 34.918752219], [-84.979925857, 34.918384466], [-84.980605967, 34.915719435], [-84.98111979, 34.914717568], [-84.982094125, 34.912341814], [-84.983417921, 34.91278727], [-84.984455402, 34.911185175], [-84.984441548, 34.909886761], [-84.98479879, 34.908705601], [-84.987004855, 34.90851924], [-84.987686365, 34.908288226], [-84.989103976, 34.908750906], [-84.990136389, 34.90866896], [-84.990662034, 34.906151725], [-84.991758746, 34.905476843], [-84.991669116, 34.903816959], [-84.991262153, 34.902300106], [-84.991972836, 34.895883652], [-84.992378102, 34.895381918], [-84.993305039, 34.895108633], [-84.993440881, 34.894942161], [-84.993678518, 34.894574372], [-84.99422705, 34.893274121], [-84.996952713, 34.893254698], [-84.997638965, 34.892517895], [-84.998294277, 34.890527463], [-84.999427375, 34.890376907], [-85.001327692, 34.888906594], [-85.002249555, 34.887053036], [-85.002433144, 34.882852073], [-85.003589503, 34.88119565], [-85.003799815, 34.88079996], [-85.002724508, 34.87994993], [-85.001916337, 34.877201515], [-85.001292383, 34.876362346], [-85.00004035, 34.875801456], [-85.00063816, 34.875208165], [-85.003309166, 34.874603489], [-85.005147803, 34.873015538], [-85.00588303, 34.871935299], [-85.006529542, 34.871255876], [-85.006200839, 34.868883763], [-85.007073125, 34.867972503], [-85.007313142, 34.867242139], [-85.007100676, 34.86707238], [-85.005767675, 34.86660515], [-85.005666804, 34.864277679], [-85.003040584, 34.862340828], [-85.002469863, 34.861221919], [-85.002492826, 34.860698897], [-85.002815645, 34.85937311], [-85.002442045, 34.858639767], [-85.003694358, 34.855313464], [-85.00573897, 34.855134877], [-85.006438449, 34.854175706], [-85.007291456, 34.853216229], [-85.008134577, 34.851635714], [-85.008329299, 34.851529613], [-85.008488828, 34.85166908], [-85.008946363, 34.852216267], [-85.011950583, 34.853074973], [-85.013436818, 34.853560801], [-85.017158266, 34.853444955], [-85.017543506, 34.854442984], [-85.018625567, 34.856552716], [-85.020689546, 34.857947002], [-85.022352666, 34.856707194], [-85.024023864, 34.856974048], [-85.024489746, 34.856336611], [-85.02451073, 34.855880902], [-85.024977578, 34.855127552], [-85.024998558, 34.854671842], [-85.024560947, 34.853202802], [-85.024437008, 34.851923551], [-85.025372608, 34.85003949], [-85.025620836, 34.849377361], [-85.02547244, 34.848705352], [-85.024561851, 34.846923955], [-85.024610487, 34.84580224], [-85.02811827, 34.844449007], [-85.028721048, 34.843999486], [-85.030490283, 34.841141298], [-85.032939072, 34.840915905], [-85.033756151, 34.838111604], [-85.035498886, 34.834799504], [-85.036585065, 34.831075566], [-85.0373861, 34.82996549], [-85.038238806, 34.828056674], [-85.035355826, 34.82746516], [-85.03560263, 34.82388167], [-85.036136368, 34.823495234], [-85.038478181, 34.82257635], [-85.038128535, 34.820090523], [-85.037341251, 34.818502145], [-85.036994249, 34.817636405], [-85.036719014, 34.817087458], [-85.036527656, 34.81624267], [-85.034249285, 34.813552302], [-85.035283628, 34.813155986], [-85.035804373, 34.813078385], [-85.037184726, 34.812826366], [-85.038726466, 34.812682302], [-85.039882163, 34.814585823], [-85.040275529, 34.815527625], [-85.040996584, 34.816633088], [-85.041945614, 34.815395574], [-85.042698988, 34.814945379], [-85.04390364, 34.809694888], [-85.04567195, 34.806159358], [-85.04540952, 34.805210883], [-85.045342774, 34.802654595], [-85.046847447, 34.795426366], [-85.046945819, 34.794372562], [-85.046135264, 34.793130028], [-85.04560407, 34.79226175], [-85.044759672, 34.791110935], [-85.044518823, 34.790539908], [-85.042756153, 34.786862403], [-85.04293997, 34.782642203], [-85.042592966, 34.780647986], [-85.042456723, 34.779344316], [-85.044198305, 34.777885971], [-85.044198736, 34.775259982], [-85.045421293, 34.774505853], [-85.046423276, 34.772473867], [-85.045719688, 34.770410278], [-85.045511178, 34.769576505], [-85.044379078, 34.766527666], [-85.043935669, 34.764298661], [-85.043573507, 34.763321766], [-85.043321309, 34.76275808], [-85.043274299, 34.762304381], [-85.042687762, 34.760987884], [-85.042678768, 34.760267767], [-85.04262972, 34.759573414], [-85.042289543, 34.758497327], [-85.042255779, 34.75538292], [-85.044833949, 34.755178119], [-85.044804212, 34.752490172], [-85.045207652, 34.751865772], [-85.045529126, 34.751469908], [-85.047155178, 34.751418138], [-85.047618819, 34.751282421], [-85.04888369, 34.752251336], [-85.049752775, 34.751331079], [-85.051076622, 34.750683458], [-85.052104492, 34.75132844], [-85.053514535, 34.750604518], [-85.054588704, 34.750359485], [-85.055838279, 34.749320947], [-85.056240677, 34.749122496], [-85.056704157, 34.74937062], [-85.056868172, 34.750170677], [-85.057588543, 34.751022972], [-85.058272164, 34.751203168], [-85.059225021, 34.750678825], [-85.059293249, 34.749105378], [-85.060706795, 34.747826966], [-85.061846056, 34.744788962], [-85.062353629, 34.744946287], [-85.062903351, 34.745318494], [-85.063695471, 34.745612201], [-85.064688701, 34.744036969], [-85.065771075, 34.74356903], [-85.06648048, 34.743768478], [-85.067398292, 34.743690066], [-85.068070248, 34.742272394], [-85.067407295, 34.740596598], [-85.067760835, 34.739773399], [-85.069281007, 34.739276901], [-85.06956641, 34.738348169], [-85.071133827, 34.73812185], [-85.072651663, 34.736983873], [-85.076450963, 34.736205329], [-85.076853605, 34.735127272], [-85.07697594, 34.732786902], [-85.074660004, 34.73077054], [-85.072298079, 34.732858705], [-85.069740402, 34.732743239], [-85.069288353, 34.731173699], [-85.06937118, 34.729970732], [-85.069694302, 34.728484458], [-85.069422048, 34.726600616], [-85.06965427, 34.726227963], [-85.070376552, 34.723304724], [-85.072115075, 34.723151422], [-85.074976234, 34.720563777], [-85.075341202, 34.719056099], [-85.075368469, 34.718425863], [-85.075863268, 34.71763065], [-85.077263042, 34.713775309], [-85.078235403, 34.71181201], [-85.077713508, 34.710459511], [-85.076065509, 34.709009832], [-85.076199823, 34.706986922], [-85.077591978, 34.707678567], [-85.078169906, 34.70622459], [-85.079959172, 34.706259476], [-85.080144239, 34.706821034], [-85.079885203, 34.70760251], [-85.07993985, 34.708972366], [-85.082305537, 34.710799325], [-85.082678395, 34.710039063], [-85.083919456, 34.709564775], [-85.086420388, 34.709324542], [-85.088813741, 34.709896805], [-85.089476417, 34.708265115], [-85.090013533, 34.708011689], [-85.09009508, 34.708443296], [-85.091638314, 34.712059727], [-85.093595852, 34.711970937], [-85.094807931, 34.711700533], [-85.096020334, 34.711647403], [-85.098479671, 34.710272447], [-85.09920977, 34.710104539], [-85.100434149, 34.709527279], [-85.101492864, 34.70989844], [-85.101539479, 34.712334781], [-85.105056792, 34.715420605], [-85.105873306, 34.715705785], [-85.106091119, 34.7159645], [-85.107379569, 34.716511053], [-85.109185033, 34.715901558], [-85.110520008, 34.717494383], [-85.112039066, 34.718026579], [-85.112553349, 34.718905677], [-85.1131248, 34.719747929], [-85.113639106, 34.720627021], [-85.114686626, 34.722013629], [-85.115081565, 34.722360583], [-85.115212441, 34.722518346], [-85.115739298, 34.722447346], [-85.116476902, 34.721676795], [-85.117530603, 34.721534781], [-85.118455572, 34.721201452], [-85.119320134, 34.720506021], [-85.119866667, 34.721213024], [-85.120392573, 34.721643902], [-85.121996379, 34.72163337], [-85.123996719, 34.72285785], [-85.124523778, 34.723537696], [-85.124688969, 34.723673339], [-85.124838196, 34.724545703], [-85.125194302, 34.724800406], [-85.127362404, 34.724216043], [-85.130904292, 34.725449253], [-85.133895203, 34.724114745], [-85.136875231, 34.721882767], [-85.138628284, 34.720099477], [-85.138893772, 34.719599051], [-85.140082619, 34.719290163], [-85.143053319, 34.719216939], [-85.144497014, 34.720100218], [-85.145319774, 34.722383028], [-85.145987848, 34.723499832], [-85.14787602, 34.723296086], [-85.149944936, 34.722143171], [-85.150586454, 34.720781372], [-85.151683557, 34.719871164], [-85.152032398, 34.719313096], [-85.152242472, 34.719222983], [-85.152978226, 34.719456002], [-85.154479999, 34.720443682], [-85.156388557, 34.721254073], [-85.158106224, 34.720859244], [-85.159753969, 34.721438612], [-85.160708383, 34.723214683], [-85.162504132, 34.723094905], [-85.166686743, 34.724188332], [-85.167136379, 34.72438832], [-85.167347694, 34.723994591], [-85.167810373, 34.723236165], [-85.169026174, 34.719308227], [-85.169711617, 34.716655466], [-85.171905769, 34.714277926], [-85.173970894, 34.711506617], [-85.176029866, 34.709884152], [-85.177375181, 34.70833244], [-85.177862758, 34.708502177], [-85.180506993, 34.709766495], [-85.18288566, 34.712604745], [-85.18592028, 34.715008192], [-85.187788539, 34.715902896], [-85.189156887, 34.716715321], [-85.190225128, 34.716966298], [-85.190512135, 34.71843339], [-85.191926827, 34.71906448], [-85.193373407, 34.719025735], [-85.194543412, 34.718590135], [-85.195414295, 34.719136997], [-85.197019864, 34.71909397], [-85.198825475, 34.718422007], [-85.201210808, 34.717985129], [-85.204359109, 34.719344058], [-85.204802832, 34.719937727], [-85.204971011, 34.720071413], [-85.207388674, 34.717056018], [-85.210507132, 34.712542734], [-85.210581094, 34.712089827], [-85.210761559, 34.711969457], [-85.211389117, 34.711086973], [-85.211857706, 34.710042135], [-85.213037675, 34.707591102], [-85.213775718, 34.707271393], [-85.214208785, 34.706349796], [-85.215344822, 34.706746023], [-85.216814668, 34.707816377], [-85.218884357, 34.708256811], [-85.219844804, 34.707535856], [-85.222209644, 34.70746365], [-85.223169666, 34.707615741], [-85.224452255, 34.707652146], [-85.228225038, 34.711223553], [-85.229685812, 34.712100964], [-85.230758083, 34.712619773], [-85.232073027, 34.712981742], [-85.232916972, 34.713814741], [-85.23178422, 34.715580657], [-85.231261028, 34.716145992], [-85.230733768, 34.716907079], [-85.230747767, 34.717937525], [-85.23356846, 34.719710317], [-85.233940619, 34.72074222], [-85.234105995, 34.720877709], [-85.233531853, 34.721510048], [-85.230005083, 34.721477226], [-85.228467324, 34.722629939], [-85.228117247, 34.723293515], [-85.227446621, 34.724132017], [-85.227236874, 34.724831763], [-85.226717468, 34.726369639], [-85.226616539, 34.728867796], [-85.228731617, 34.729470353], [-85.228693757, 34.732130386], [-85.230251993, 34.734427585], [-85.23249264, 34.734765396], [-85.23228291, 34.735465143], [-85.231419093, 34.736106557], [-85.231036951, 34.737239559], [-85.230501289, 34.737911292], [-85.230291532, 34.738611033], [-85.229583671, 34.740251692], [-85.232127305, 34.741060354], [-85.232997232, 34.74171012], [-85.234462768, 34.74263211], [-85.235373386, 34.743047313], [-85.236017922, 34.743878682], [-85.236183352, 34.744014165], [-85.235898637, 34.744637394], [-85.235381021, 34.746162784], [-85.234422419, 34.747090705], [-85.232985265, 34.747318561], [-85.230035455, 34.749924599], [-85.229767848, 34.750351164], [-85.230418174, 34.752456833], [-85.229465418, 34.75269356], [-85.228435576, 34.753053904], [-85.227594839, 34.755344439], [-85.228511203, 34.757071906], [-85.227733324, 34.757932128], [-85.226933479, 34.759819426], [-85.228671655, 34.759836649], [-85.22940052, 34.76027093], [-85.229891396, 34.760438595], [-85.229644207, 34.761404795], [-85.229376287, 34.76174065], [-85.22913009, 34.76240327], [-85.227464767, 34.764978208], [-85.226987371, 34.766918492], [-85.227112838, 34.767079812], [-85.227788918, 34.767631528], [-85.230786704, 34.767227337], [-85.232705301, 34.768794247], [-85.233836636, 34.770250462], [-85.23479483, 34.771570473], [-85.237713077, 34.774775302], [-85.238353665, 34.777027547], [-85.238633953, 34.777289598], [-85.240108479, 34.776594824], [-85.24035486, 34.777302908], [-85.241089775, 34.777881041], [-85.242198111, 34.777852559], [-85.243300226, 34.77744181], [-85.244361431, 34.777898191], [-85.244838195, 34.779262242], [-85.245762343, 34.780901619], [-85.24601099, 34.783022742], [-85.247466559, 34.783502798], [-85.247616593, 34.784509843], [-85.246784132, 34.785388335], [-85.246805239, 34.785942767], [-85.247953047, 34.785911535], [-85.249186471, 34.786512364], [-85.24922311, 34.787215836], [-85.249328322, 34.787875019], [-85.250976531, 34.789188847], [-85.252800078, 34.789677432], [-85.253860246, 34.787784514], [-85.25416793, 34.785103181], [-85.256133217, 34.783240928], [-85.258378518, 34.781048069], [-85.258538632, 34.782652781], [-85.25927295, 34.783793747], [-85.259563277, 34.784950747], [-85.260319347, 34.786568159], [-85.260420338, 34.788224343], [-85.260666921, 34.789136915], [-85.262315641, 34.790151177], [-85.264374345, 34.788605269], [-85.265935132, 34.788055185], [-85.266438687, 34.78685109], [-85.266555393, 34.783989816], [-85.268152071, 34.783107734], [-85.270053773, 34.780488738], [-85.270483424, 34.780500859], [-85.272410321, 34.780806772], [-85.272661502, 34.779771326], [-85.27216876, 34.778127619], [-85.27391745, 34.777160347], [-85.274178528, 34.776667738], [-85.274414461, 34.776299335], [-85.274859847, 34.775231139], [-85.275777057, 34.773426128], [-85.276124604, 34.772258255], [-85.276360513, 34.771889846], [-85.27676864, 34.771088128], [-85.2772433, 34.770349461], [-85.27820082, 34.768459574], [-85.278191661, 34.76772491], [-85.278490245, 34.76672122], [-85.278314106, 34.764781897], [-85.278188536, 34.764620632], [-85.278387214, 34.764518708], [-85.281159619, 34.764143142], [-85.282866575, 34.764477199], [-85.284705671, 34.767737561], [-85.286408598, 34.769125517], [-85.287351998, 34.770781043], [-85.288831506, 34.7713872], [-85.289431706, 34.770902522], [-85.290973151, 34.770803725], [-85.292017279, 34.771439435], [-85.293130771, 34.771931789], [-85.293458328, 34.772862255], [-85.292700077, 34.77362343], [-85.291997152, 34.775403934], [-85.291625523, 34.775572235], [-85.291773613, 34.775982258], [-85.291572573, 34.776455107], [-85.291956501, 34.777074455], [-85.291840638, 34.777346372], [-85.291875313, 34.77761946], [-85.291473222, 34.778565156], [-85.290466747, 34.779931894], [-85.291356191, 34.780559712], [-85.291649202, 34.781514413], [-85.292666185, 34.782234056], [-85.294263953, 34.781583694], [-85.294896504, 34.781761955], [-85.295114266, 34.781560542], [-85.295727031, 34.780967339], [-85.296185254, 34.779786405], [-85.297787142, 34.779404173], [-85.299819046, 34.780784109], [-85.301173939, 34.781037049], [-85.302177963, 34.779667903], [-85.300912425, 34.777934496], [-85.299602887, 34.777337789], [-85.29958987, 34.776461521], [-85.301010976, 34.7749704], [-85.301699439, 34.774877532], [-85.302825289, 34.775132643], [-85.303493876, 34.775126502], [-85.306351914, 34.775685959], [-85.307610133, 34.775419687], [-85.308097463, 34.774382664], [-85.308759812, 34.773730692], [-85.309241911, 34.772600407], [-85.309161152, 34.772004704], [-85.309769535, 34.771124267], [-85.309470383, 34.770156403], [-85.306715254, 34.769307018], [-85.305486223, 34.767349253], [-85.305259797, 34.766027464], [-85.305864835, 34.765730824], [-85.306520621, 34.765181584], [-85.307352605, 34.764990096], [-85.307306098, 34.76388724], [-85.306521567, 34.762786275], [-85.306246824, 34.761401009], [-85.30716431, 34.760949573], [-85.309814212, 34.760929016], [-85.311202314, 34.760212846], [-85.312663198, 34.75957081], [-85.31328318, 34.759054102], [-85.314444819, 34.757332414], [-85.314914072, 34.756386484], [-85.31555445, 34.755517387], [-85.31615841, 34.754611211], [-85.316403834, 34.753948403], [-85.318715003, 34.752140143], [-85.318752857, 34.751232688], [-85.31920628, 34.75071756], [-85.320447196, 34.748180722], [-85.321232381, 34.747913172], [-85.322818069, 34.747678884], [-85.323372853, 34.747050727], [-85.323752428, 34.746524603], [-85.324917406, 34.745467347], [-85.325712683, 34.744566], [-85.326143111, 34.742570601], [-85.326341669, 34.742468593], [-85.32883776, 34.742372428], [-85.333747563, 34.741594643], [-85.334659854, 34.742150455], [-85.335688573, 34.742484966], [-85.335657657, 34.740331365], [-85.336764374, 34.739355129], [-85.33918936, 34.738516347], [-85.341335421, 34.736692599], [-85.343132562, 34.736447878], [-85.343299225, 34.736313408], [-85.342341057, 34.734983825], [-85.342914893, 34.733617214], [-85.344349939, 34.733286652], [-85.344764316, 34.732938666], [-85.344801269, 34.732672145], [-85.344995227, 34.732565471], [-85.346323159, 34.731565104], [-85.34698297, 34.730027105], [-85.348097155, 34.729013507], [-85.34866515, 34.727481867], [-85.349274878, 34.726023623], [-85.350239247, 34.724928838], [-85.353802367, 34.722953955], [-85.355502487, 34.721213649], [-85.357070386, 34.719790186], [-85.358271189, 34.7191239], [-85.360190152, 34.718839475], [-85.362032141, 34.718398282], [-85.362612023, 34.717959924], [-85.362805918, 34.717853219], [-85.362893035, 34.715347734], [-85.362432355, 34.71445591], [-85.362337873, 34.71403189], [-85.362522291, 34.712699226], [-85.362596057, 34.712166159], [-85.362675096, 34.709906628], [-85.360746745, 34.709435336], [-85.359979933, 34.708523968], [-85.359056303, 34.707714244], [-85.35899454, 34.706979019], [-85.360079657, 34.706378069], [-85.360194014, 34.703451202], [-85.361413785, 34.700526183], [-85.363231339, 34.697575611], [-85.364864463, 34.696670417], [-85.368836515, 34.696661896], [-85.369811781, 34.696816271], [-85.371826462, 34.695909962], [-85.375914464, 34.695850634], [-85.379062614, 34.696394981], [-85.381664981, 34.696813578], [-85.383311657, 34.698007423], [-85.384090894, 34.698472746], [-85.384551346, 34.698333371], [-85.385224592, 34.697498578], [-85.385915258, 34.697289508], [-85.386614923, 34.695586273], [-85.386514386, 34.691745817], [-85.385926344, 34.69057257], [-85.386481139, 34.689655283], [-85.386559578, 34.688428904], [-85.388006521, 34.686405768], [-85.389033215, 34.684494038], [-85.390799552, 34.682919582], [-85.393326173, 34.680817619], [-85.394956055, 34.680381974], [-85.395378212, 34.679258582], [-85.39495776, 34.678901896], [-85.39497036, 34.677850853], [-85.39585904, 34.676862721], [-85.395281332, 34.675840156], [-85.39452194, 34.675834256], [-85.393873438, 34.675720369], [-85.391782056, 34.675702773], [-85.391300991, 34.6751086], [-85.391868759, 34.673192986], [-85.39424325, 34.673076118], [-85.395317959, 34.672206146], [-85.39571453, 34.67200188], [-85.398535613, 34.66939738], [-85.398654101, 34.668838843], [-85.396549318, 34.668750511], [-85.394449572, 34.66800471], [-85.395599413, 34.667097299], [-85.396976102, 34.666727149], [-85.398965504, 34.665280444], [-85.399509909, 34.665226688], [-85.400054707, 34.664285238], [-85.399841777, 34.663740807], [-85.400169712, 34.663770663], [-85.400206442, 34.663504103], [-85.40205155, 34.663762739], [-85.403237223, 34.66438305], [-85.403947754, 34.664177813], [-85.404773192, 34.664908707], [-85.405306575, 34.665047913], [-85.406537047, 34.664476687], [-85.40769764, 34.664017173], [-85.408536664, 34.663406097], [-85.408883831, 34.656531996], [-85.408257378, 34.654393799], [-85.408233264, 34.653438508], [-85.408081968, 34.653294008], [-85.406627692, 34.648710359], [-85.403303334, 34.644675471], [-85.403862449, 34.643741629], [-85.40469093, 34.643789633], [-85.405369972, 34.644131893], [-85.406531726, 34.644773227], [-85.407467455, 34.644890013], [-85.409713775, 34.644529295], [-85.411800862, 34.643063885], [-85.414878665, 34.643445034], [-85.417679396, 34.642691775], [-85.418007249, 34.642721581], [-85.418043907, 34.64245501], [-85.41889324, 34.642407814], [-85.419777792, 34.642104453], [-85.421600488, 34.63854208], [-85.423771501, 34.635519512], [-85.42409747, 34.634638207], [-85.424469469, 34.633101084], [-85.426843983, 34.630444881], [-85.427014822, 34.630314907], [-85.427297573, 34.629691137], [-85.427672197, 34.627945486], [-85.427273421, 34.626922416], [-85.42815257, 34.623560989], [-85.427067344, 34.621967361], [-85.429445047, 34.621040492], [-85.432491411, 34.620870157], [-85.432525305, 34.619962303], [-85.433248662, 34.61941438], [-85.434937228, 34.619162849], [-85.435484366, 34.618274184], [-85.435838089, 34.616811275], [-85.436045465, 34.616414701], [-85.437234357, 34.615194193], [-85.437765014, 34.614179612], [-85.438684541, 34.614204039], [-85.439826469, 34.614383598], [-85.441407161, 34.61397248], [-85.442615966, 34.613059484], [-85.445057436, 34.612836071], [-85.447797638, 34.610754595], [-85.448004937, 34.610357997], [-85.450689737, 34.609038976], [-85.452306094, 34.60726879], [-85.452396292, 34.60583467], [-85.455237814, 34.605489189], [-85.456370668, 34.606131668], [-85.457080045, 34.606478508], [-85.45885605, 34.606550876], [-85.462341835, 34.608561962], [-85.463311289, 34.608902795], [-85.46448999, 34.609836101], [-85.464998595, 34.610135185], [-85.469068942, 34.606889573], [-85.471016421, 34.607508636], [-85.471882729, 34.607220141], [-85.472976271, 34.607373914], [-85.474520819, 34.609139359], [-85.475321017, 34.6098654], [-85.478350564, 34.610533706], [-85.480414855, 34.611133637], [-85.48062026, 34.611242876], [-85.481046976, 34.612179692], [-85.481663203, 34.612507402], [-85.482345132, 34.614004956], [-85.483580191, 34.614660589], [-85.484095733, 34.61578253], [-85.484917425, 34.616219452], [-85.485003352, 34.616406441], [-85.484725671, 34.617338615], [-85.482615597, 34.620373947], [-85.482745339, 34.620790508], [-85.480059245, 34.622310428], [-85.477033897, 34.623466471], [-85.474769681, 34.621785734], [-85.473171431, 34.62171918], [-85.47148467, 34.62356969], [-85.470944432, 34.624581404], [-85.469717348, 34.625155648], [-85.467811886, 34.625647402], [-85.467943317, 34.625804786], [-85.4695611, 34.626847313], [-85.471178885, 34.628136511], [-85.47239847, 34.630403856], [-85.473871243, 34.631692534], [-85.4729463, 34.634208668], [-85.47275049, 34.63431325], [-85.472225601, 34.63506068], [-85.471290309, 34.637632793], [-85.471285109, 34.638106736], [-85.470659155, 34.640464344], [-85.469848542, 34.642294987], [-85.469112558, 34.645114932], [-85.469315331, 34.647498998], [-85.469286405, 34.649946437], [-85.469627083, 34.651701987], [-85.468127057, 34.656900727], [-85.468026599, 34.659529326], [-85.467804808, 34.659652638], [-85.468278233, 34.661044876], [-85.468328197, 34.661740968], [-85.47001113, 34.664075424], [-85.470026577, 34.665251224], [-85.470279355, 34.665451192], [-85.469911317, 34.666585985], [-85.470240546, 34.667572988], [-85.471360641, 34.668998367], [-85.471775231, 34.670518076], [-85.470285843, 34.67387496], [-85.470303134, 34.674317183], [-85.469964967, 34.675366116], [-85.470021394, 34.676678437], [-85.470520963, 34.677558538], [-85.470993131, 34.678904224], [-85.471064568, 34.680827223], [-85.472014599, 34.682150737], [-85.473707125, 34.682902504], [-85.473887065, 34.683142256], [-85.474395068, 34.683297803], [-85.475126291, 34.683793994], [-85.475069736, 34.685287945], [-85.475370354, 34.686219605], [-85.477901329, 34.687803961], [-85.477323622, 34.689769481], [-85.474877044, 34.691758005], [-85.474505495, 34.693183422], [-85.473819603, 34.693853047], [-85.473926302, 34.694647], [-85.473037847, 34.695639872], [-85.472828212, 34.695730562], [-85.472374885, 34.697013646], [-85.470812319, 34.697376321], [-85.470034922, 34.698088257], [-85.470157188, 34.70085283], [-85.469063254, 34.701810235], [-85.469096437, 34.702553269], [-85.468853113, 34.702927645], [-85.468228267, 34.703889496], [-85.467572085, 34.706140934], [-85.466317978, 34.708247649], [-85.466117415, 34.708347583], [-85.466044368, 34.708880717], [-85.466425348, 34.709604592], [-85.467235641, 34.710263967], [-85.468576791, 34.710250266], [-85.469439266, 34.710775189], [-85.470953178, 34.713423031], [-85.472971439, 34.714094523], [-85.47342956, 34.713838638], [-85.474664073, 34.712727336], [-85.47632214, 34.708843884], [-85.477087352, 34.707974794], [-85.478149881, 34.707815648], [-85.479866712, 34.707806232], [-85.480791066, 34.707936075], [-85.481286717, 34.707955525], [-85.481836774, 34.708032592], [-85.485177835, 34.70614785], [-85.486062002, 34.705831281], [-85.486918815, 34.705486938], [-85.489127191, 34.704729024], [-85.490163652, 34.703620795], [-85.491210072, 34.702705312], [-85.494004301, 34.702482958], [-85.496088243, 34.702957595], [-85.496252288, 34.702820588], [-85.497112426, 34.702394253], [-85.498818879, 34.700901509], [-85.499926529, 34.699251468], [-85.501532621, 34.697846625], [-85.502011521, 34.697132907], [-85.503269137, 34.696588447], [-85.50466896, 34.696427844], [-85.505829985, 34.695849357], [-85.507352031, 34.69587683], [-85.508862682, 34.695892715], [-85.509651802, 34.695605373], [-85.511752435, 34.69601378], [-85.513176954, 34.695709832], [-85.513523311, 34.695776852], [-85.514894995, 34.69513713], [-85.517499994, 34.694777041], [-85.51903225, 34.6941201], [-85.518986295, 34.691392097], [-85.519272637, 34.690414328], [-85.520270721, 34.69017313], [-85.521320794, 34.68968361], [-85.522586331, 34.687840986], [-85.523096814, 34.687579097], [-85.522919126, 34.686483685], [-85.523679101, 34.685742469], [-85.525464717, 34.684823631], [-85.526761693, 34.68351086], [-85.527504388, 34.682038611], [-85.528269401, 34.681297823], [-85.52857414, 34.68039337], [-85.529276852, 34.677861274], [-85.531950032, 34.67691884], [-85.532908357, 34.675385829], [-85.533113113, 34.674986795], [-85.533349779, 34.674620145], [-85.533881097, 34.673308065], [-85.534988338, 34.672338678], [-85.53542496, 34.671264749], [-85.535934508, 34.670264835], [-85.536407368, 34.6689243], [-85.537681671, 34.667183519], [-85.538482479, 34.66587244], [-85.539283019, 34.665020935], [-85.539894002, 34.663083504], [-85.54105963, 34.662064498], [-85.542054594, 34.660526278], [-85.541963685, 34.658504707], [-85.543213238, 34.657172764], [-85.544000292, 34.655999562], [-85.545363304, 34.655683437], [-85.546853814, 34.65429509], [-85.548735679, 34.653595424], [-85.549405178, 34.652236652], [-85.551128959, 34.650848114], [-85.552825132, 34.64857371], [-85.553370242, 34.647022443], [-85.554207023, 34.645729257], [-85.554654197, 34.644822763], [-85.557059407, 34.643760934], [-85.557355981, 34.64316138], [-85.557742857, 34.642947308], [-85.559815742, 34.640645467], [-85.560754187, 34.637301568], [-85.562206357, 34.634929263], [-85.564533859, 34.633156171], [-85.565524835, 34.632138165], [-85.566408785, 34.630054308], [-85.56704317, 34.629333217], [-85.567979567, 34.627397413], [-85.56925535, 34.625941084], [-85.570437988, 34.623679463], [-85.570667483, 34.623305779], [-85.571618279, 34.621415512], [-85.570755557, 34.619135029], [-85.570707017, 34.616451024], [-85.571099081, 34.616446103], [-85.571619298, 34.61654754], [-85.574185017, 34.616473844], [-85.574863013, 34.615735541], [-85.575065116, 34.615334096], [-85.575465477, 34.615133833], [-85.576246257, 34.614478521], [-85.577094567, 34.613209414], [-85.578281358, 34.609803282], [-85.578481521, 34.609703145], [-85.579119622, 34.608531153], [-85.580012171, 34.607010884], [-85.580475144, 34.605964458], [-85.581641828, 34.603509445], [-85.582431381, 34.601389607], [-85.583374982, 34.599203439], [-85.585698777, 34.594935523], [-85.586609481, 34.59059589], [-85.586738116, 34.588513832], [-85.587535493, 34.586295559], [-85.587685525, 34.583863315], [-85.588023204, 34.583301099], [-85.588817973, 34.583209898], [-85.589923656, 34.582754367], [-85.59024146, 34.581610573], [-85.591255766, 34.581524246], [-85.594665815, 34.582057058], [-85.597257864, 34.582891891], [-85.599468056, 34.583369945], [-85.604285303, 34.584534271], [-85.607527444, 34.587349714], [-85.609218047, 34.588434709], [-85.609182074, 34.588701356], [-85.61125663, 34.5890532], [-85.612340034, 34.588570176], [-85.616982007, 34.588731608], [-85.619848097, 34.588574174], [-85.6203759, 34.58917574], [-85.621161023, 34.589886699], [-85.624819771, 34.590788621], [-85.625580096, 34.590818482], [-85.628405471, 34.593041604], [-85.629062681, 34.594645518], [-85.630341682, 34.595480536], [-85.630210322, 34.596109724], [-85.630169771, 34.59677652], [-85.631915396, 34.597206166], [-85.632447601, 34.596909956], [-85.632884881, 34.596067694], [-85.634873785, 34.594497211], [-85.634951211, 34.592343199], [-85.635484177, 34.591732923], [-85.636040273, 34.589872429], [-85.63630523, 34.589231948], [-85.636505264, 34.589131709], [-85.638499639, 34.589001567], [-85.640223421, 34.589804419], [-85.640800752, 34.588940872], [-85.641463428, 34.588232497], [-85.642833739, 34.586153548], [-85.643269628, 34.585686389], [-85.643729802, 34.585000029], [-85.644887348, 34.58459922], [-85.645218956, 34.584869074], [-85.646101265, 34.585995385], [-85.647318064, 34.586984908], [-85.649807984, 34.587465782], [-85.65003764, 34.587395564], [-85.650570889, 34.586724117], [-85.651632266, 34.587096821], [-85.654499242, 34.590364401], [-85.658419643, 34.591326449], [-85.660049687, 34.592694065], [-85.659771921, 34.593624367], [-85.657647128, 34.595246394], [-85.655741009, 34.597901847], [-85.654673919, 34.598882121], [-85.652810289, 34.602454136], [-85.651824527, 34.604776072], [-85.651852266, 34.606806565], [-85.652266097, 34.607024667], [-85.652692309, 34.607960631], [-85.652912475, 34.609639304], [-85.650201574, 34.611780403], [-85.647988511, 34.612357233], [-85.64731617, 34.613945977], [-85.646301657, 34.614513454], [-85.645262835, 34.615300115], [-85.644657993, 34.617234259], [-85.645166792, 34.618904894], [-85.644221885, 34.620283853], [-85.643602923, 34.621474674], [-85.642137054, 34.623873966], [-85.641658816, 34.625867843], [-85.640024391, 34.62815092], [-85.639525006, 34.629858309], [-85.639556063, 34.631572856], [-85.638960329, 34.632223936], [-85.638592589, 34.63276039], [-85.637397485, 34.633973676], [-85.636086708, 34.636584865], [-85.63481969, 34.638331399], [-85.633657113, 34.642304939], [-85.63296439, 34.643059086], [-85.632450508, 34.643871317], [-85.633797094, 34.644480305], [-85.634245927, 34.645055723], [-85.634411842, 34.645190657], [-85.635158065, 34.646465026], [-85.634805583, 34.648158054], [-85.633059904, 34.649779736], [-85.632500894, 34.650830377], [-85.631211323, 34.652857346], [-85.630793813, 34.65364653], [-85.630375718, 34.654132098], [-85.629264688, 34.655641607], [-85.627665964, 34.656074706], [-85.62667308, 34.65593777], [-85.624924655, 34.659519615], [-85.624170433, 34.660401046], [-85.622117351, 34.661221533], [-85.620550486, 34.662532239], [-85.619980714, 34.66360295], [-85.61963178, 34.664632209], [-85.6196498, 34.665652016], [-85.617638947, 34.667292025], [-85.61624665, 34.668576084], [-85.615610679, 34.67029016], [-85.617863152, 34.670819842], [-85.619170165, 34.671878655], [-85.619653385, 34.673199208], [-85.619084489, 34.675146939], [-85.619701872, 34.677780109], [-85.619403819, 34.678797028], [-85.619417471, 34.679599301], [-85.619884529, 34.680444088], [-85.620271101, 34.681500936], [-85.619394736, 34.68270874], [-85.618065401, 34.683332293], [-85.612845471, 34.684431096], [-85.611319584, 34.685587252], [-85.610629531, 34.687469327], [-85.610206562, 34.687950182], [-85.609999888, 34.688347033], [-85.60894756, 34.688493485], [-85.607293806, 34.688847671], [-85.604248633, 34.688881622], [-85.603239332, 34.68813383], [-85.60245319, 34.687673671], [-85.602255139, 34.687776152], [-85.601618498, 34.690105652], [-85.600437985, 34.691391591], [-85.599704247, 34.692462332], [-85.599399277, 34.693067523], [-85.599201207, 34.693169999], [-85.598815435, 34.693835432], [-85.59944457, 34.694977251], [-85.597981717, 34.696278015], [-85.597055632, 34.696756067], [-85.596651227, 34.697558962], [-85.595454461, 34.698771733], [-85.594150077, 34.700242604], [-85.593376585, 34.702123469], [-85.592486731, 34.70352173], [-85.591491018, 34.704609078], [-85.590429747, 34.706717182], [-85.589997419, 34.707188706], [-85.589340202, 34.709857802], [-85.58860591, 34.712022507], [-85.588088538, 34.712834253], [-85.587662256, 34.714448868], [-85.585794846, 34.71940242], [-85.585327939, 34.720952259], [-85.585994922, 34.721182612], [-85.588616565, 34.724285864], [-85.590619419, 34.723583619], [-85.591351718, 34.723427682], [-85.59371506, 34.724011845], [-85.595992359, 34.723985389], [-85.59603743, 34.726375663], [-85.596423485, 34.727339747], [-85.597798311, 34.72679001], [-85.600957236, 34.726751489], [-85.602727986, 34.728186899], [-85.603701177, 34.728648928], [-85.606084411, 34.728319734], [-85.6065222, 34.728403041], [-85.608537406, 34.727973526], [-85.609114286, 34.728083979], [-85.609681005, 34.728077587], [-85.610814068, 34.727664249], [-85.612523502, 34.727576303], [-85.614110891, 34.726758648], [-85.614274777, 34.726621479], [-85.615332182, 34.726479608], [-85.615988231, 34.726234516], [-85.616727885, 34.726062214], [-85.618390536, 34.723514267], [-85.618626415, 34.722843872], [-85.619683226, 34.72239837], [-85.62012364, 34.721558583], [-85.622172527, 34.721146607], [-85.623634497, 34.721525518], [-85.624559987, 34.721898808], [-85.62489876, 34.721907888], [-85.626684848, 34.722212322], [-85.627085629, 34.722011906], [-85.628113108, 34.72114846], [-85.631099662, 34.720788158], [-85.633149627, 34.719058645], [-85.634153778, 34.718559855], [-85.636096411, 34.717798823], [-85.636267091, 34.717668556], [-85.638893136, 34.717902058], [-85.639835979, 34.716837069], [-85.641509206, 34.715474438], [-85.64230762, 34.714305955], [-85.643933191, 34.71391291], [-85.645425693, 34.712696478], [-85.646156469, 34.711239504], [-85.646697619, 34.710650998], [-85.647245166, 34.708781451], [-85.64771305, 34.708043093], [-85.648304382, 34.706021444], [-85.650022644, 34.704321229], [-85.65082411, 34.704150008], [-85.65343489, 34.705014238], [-85.654015611, 34.705365125], [-85.6545099, 34.705529162], [-85.65610392, 34.705021447], [-85.657469523, 34.704282648], [-85.659960625, 34.703220033], [-85.661349704, 34.70305873], [-85.662125061, 34.702328636], [-85.662960492, 34.701962208], [-85.663162363, 34.701560649], [-85.66363005, 34.700822222], [-85.664294247, 34.698737422], [-85.666432854, 34.696994187], [-85.667323023, 34.696683177], [-85.667557258, 34.696252862], [-85.670371995, 34.693859168], [-85.672377075, 34.691195501], [-85.672344799, 34.689523191], [-85.673171329, 34.688622617], [-85.673603977, 34.687139071], [-85.672895223, 34.686235191], [-85.672729153, 34.686100318], [-85.673085586, 34.685126449], [-85.67695086, 34.682979624], [-85.679073295, 34.682221253], [-85.681198023, 34.681039363], [-85.683030016, 34.680763198], [-85.684182188, 34.680121157], [-85.684864244, 34.679599784], [-85.685250949, 34.679385298], [-85.685617964, 34.677847424], [-85.686992358, 34.676301784], [-85.685042222, 34.67544825], [-85.683875209, 34.673957897], [-85.682186081, 34.672589907], [-85.682715543, 34.670769204], [-85.681276494, 34.668736161], [-85.681259955, 34.667834614], [-85.681682176, 34.666388047], [-85.681904409, 34.666007232], [-85.682463739, 34.664524327], [-85.684468543, 34.663962046], [-85.686506415, 34.6612568], [-85.69117303, 34.658516564], [-85.691754373, 34.658106394], [-85.693338034, 34.657588905], [-85.695539525, 34.656698164], [-85.697721503, 34.656591909], [-85.699645525, 34.656165581], [-85.701403043, 34.655452579], [-85.701576297, 34.655010488], [-85.702505262, 34.65384266], [-85.702964871, 34.653702025], [-85.703206655, 34.653038339], [-85.705384933, 34.65078789], [-85.706072527, 34.649659826], [-85.705104206, 34.646490344], [-85.706052451, 34.64168804], [-85.706659266, 34.640213451], [-85.706620256, 34.637442296], [-85.706523979, 34.637018521], [-85.706959456, 34.6361464], [-85.707483942, 34.636140075], [-85.708978733, 34.637349375], [-85.71157331, 34.637894894], [-85.713758053, 34.638617038], [-85.71621974, 34.638954669], [-85.716777438, 34.638913293], [-85.717239216, 34.638774909], [-85.718879448, 34.63870266], [-85.719714152, 34.638877551], [-85.72021387, 34.638862657], [-85.72071054, 34.638967641], [-85.721373755, 34.638718446], [-85.721901757, 34.638647021], [-85.721794198, 34.637821772], [-85.722055697, 34.636698166], [-85.721733908, 34.636079545], [-85.721328915, 34.635055183], [-85.720478742, 34.633812335], [-85.720478355, 34.629874728], [-85.722882701, 34.628038142], [-85.723468261, 34.626913626], [-85.723818908, 34.626752764], [-85.725433359, 34.623977934], [-85.726812711, 34.622575666], [-85.727421798, 34.621002114], [-85.728585503, 34.619816881], [-85.729090669, 34.619585325], [-85.730450878, 34.619452403], [-85.731837204, 34.619745459], [-85.732568424, 34.619470595], [-85.734443772, 34.61903105], [-85.735809891, 34.619320169], [-85.736901706, 34.618906339], [-85.73775763, 34.619270594], [-85.737897518, 34.61993216], [-85.740659656, 34.619897426], [-85.742115127, 34.62017748], [-85.744064955, 34.62015117], [-85.744551933, 34.61918019], [-85.744982826, 34.61870805], [-85.745491828, 34.617104536], [-85.746066329, 34.616196067], [-85.747753222, 34.615438289], [-85.749544593, 34.615452744], [-85.751639185, 34.615856426], [-85.752694411, 34.616495279], [-85.754568725, 34.617113482], [-85.755731951, 34.618596521], [-85.757125801, 34.618580078], [-85.757742572, 34.618073668], [-85.760133848, 34.618741481], [-85.760901927, 34.618461261], [-85.761755351, 34.618416189], [-85.762867344, 34.616855132], [-85.762932147, 34.614944803], [-85.764067646, 34.614551441], [-85.766328225, 34.6139598], [-85.768946483, 34.612002066], [-85.769411485, 34.610725545], [-85.769323412, 34.610296235], [-85.768993534, 34.609717087], [-85.768542493, 34.608372677], [-85.768366363, 34.607514052], [-85.76809942, 34.606714892], [-85.767835238, 34.60542695], [-85.767568308, 34.604627787], [-85.767765927, 34.604525016], [-85.768387916, 34.604016909], [-85.771150443, 34.604013157], [-85.772137349, 34.60380059], [-85.773483912, 34.603611192], [-85.774315175, 34.603770665], [-85.774979673, 34.603761605], [-85.775583482, 34.603877895], [-85.778194703, 34.603510782], [-85.78085367, 34.60284217], [-85.781718704, 34.601575446], [-85.782210441, 34.600368683], [-85.782443411, 34.599999191], [-85.782288919, 34.59932798], [-85.780692172, 34.596268392], [-85.780392967, 34.59293911], [-85.779908746, 34.590457783], [-85.779458299, 34.588991188], [-85.779486038, 34.588137831], [-85.779880892, 34.586450389], [-85.779437184, 34.584210787], [-85.780517485, 34.58202286], [-85.780861623, 34.581361707], [-85.783358293, 34.57944994], [-85.784105895, 34.577679634], [-85.785106061, 34.576074838], [-85.785299016, 34.575967417], [-85.785834577, 34.574897268], [-85.787990237, 34.573777546], [-85.788581126, 34.572328609], [-85.789560503, 34.570469008], [-85.78953916, 34.569457456], [-85.790034843, 34.567749313], [-85.790591988, 34.567707581], [-85.791549763, 34.567163499], [-85.792664043, 34.567080017], [-85.793125256, 34.566941323], [-85.797671972, 34.56921625], [-85.800418759, 34.569908237], [-85.80103476, 34.569793624], [-85.801566871, 34.568708361], [-85.802357541, 34.568408811], [-85.804962514, 34.567882564], [-85.806175049, 34.567428152], [-85.807040831, 34.565581668], [-85.808856848, 34.564695313], [-85.810013374, 34.563449729], [-85.813327834, 34.562530178], [-85.815239931, 34.562933718], [-85.815798052, 34.562335485], [-85.816159659, 34.561793816], [-85.816359388, 34.561693266], [-85.816830653, 34.559283107], [-85.817707826, 34.557916036], [-85.818420268, 34.556462869], [-85.818972649, 34.555868336], [-85.819171043, 34.555464134], [-85.820382034, 34.555175978], [-85.823753045, 34.55429484], [-85.825689535, 34.552531393], [-85.826907186, 34.552094101], [-85.827119237, 34.55170373], [-85.828898695, 34.550265862], [-85.831542488, 34.547103463], [-85.832230289, 34.546128659], [-85.8322949, 34.545010828], [-85.833147793, 34.540880252], [-85.83292558, 34.539130271], [-85.832828734, 34.538706554], [-85.832377585, 34.537240079], [-85.832397692, 34.536655851], [-85.832530397, 34.536081471], [-85.832065831, 34.534913132], [-85.830292005, 34.532818733], [-85.830131658, 34.532680341], [-85.829874727, 34.530899891], [-85.829646319, 34.529648904], [-85.830157667, 34.5287746], [-85.830240904, 34.527751124], [-85.831444762, 34.526296599], [-85.830542017, 34.523152745], [-85.831278022, 34.522262255], [-85.831679607, 34.520944113], [-85.832199853, 34.520865257], [-85.833536774, 34.520402526], [-85.835615445, 34.520084747], [-85.836282749, 34.51985221], [-85.837162043, 34.519621342], [-85.839078427, 34.518747587], [-85.84069181, 34.518110805], [-85.84376985, 34.516708252], [-85.844486491, 34.516159584], [-85.845037905, 34.515096908], [-85.845558012, 34.513053434], [-85.845592785, 34.512042577], [-85.846220848, 34.50933611], [-85.846091596, 34.507094659], [-85.845991885, 34.506672798], [-85.84506282, 34.504846271], [-85.844269772, 34.502812392], [-85.844052797, 34.501119741], [-85.844525823, 34.498863446], [-85.844631185, 34.49806321], [-85.844521299, 34.497404364], [-85.844514508, 34.496434123], [-85.844474143, 34.494598801], [-85.844830578, 34.494033407], [-85.845225045, 34.493827578], [-85.846283691, 34.492958877], [-85.84782243, 34.492825628], [-85.848620744, 34.49151679], [-85.850018169, 34.489979932], [-85.850844028, 34.48832357], [-85.851238451, 34.488117719], [-85.85212333, 34.485383024], [-85.851829442, 34.484805073], [-85.851799908, 34.483849703], [-85.85343978, 34.482926318], [-85.853454227, 34.482501775], [-85.855098908, 34.480695562], [-85.856411709, 34.480350667], [-85.857225453, 34.47841074], [-85.857315751, 34.475697263], [-85.857675187, 34.474143466], [-85.860216845, 34.472712725], [-85.860407155, 34.47260286], [-85.861367225, 34.472638179], [-85.863731983, 34.472336542], [-85.865946325, 34.472116594], [-85.869328822, 34.470149832], [-85.870640263, 34.469182834], [-85.872458016, 34.469067308], [-85.873881792, 34.468426261], [-85.879045993, 34.46854752], [-85.88072991, 34.467756213], [-85.881124145, 34.466386686], [-85.881945865, 34.465484413], [-85.881910426, 34.463782343], [-85.883255823, 34.463284028], [-85.883977692, 34.463182486], [-85.884969857, 34.463129774], [-85.886535159, 34.462551503], [-85.889827017, 34.461782038], [-85.891699959, 34.459782349], [-85.892298983, 34.458900681], [-85.893814637, 34.45771303], [-85.895094002, 34.45625607], [-85.89505338, 34.454433409], [-85.897293499, 34.453675531], [-85.898577805, 34.453325619], [-85.899615837, 34.453909155], [-85.902636293, 34.454024263], [-85.90341337, 34.452550953], [-85.903945449, 34.45223887], [-85.904272679, 34.452267318], [-85.904307573, 34.452000541], [-85.905455234, 34.452220457], [-85.90675713, 34.452763627], [-85.908004612, 34.454929337], [-85.908251714, 34.456084849], [-85.911114714, 34.457029193], [-85.912473083, 34.457596162], [-85.913357553, 34.458722696], [-85.915154204, 34.459003082], [-85.917345143, 34.460580269], [-85.917922766, 34.460592471], [-85.918516724, 34.460934911], [-85.919004353, 34.461101599], [-85.918969506, 34.461368378], [-85.920061804, 34.462112394], [-85.920431663, 34.462844293], [-85.920752393, 34.463120851], [-85.921547677, 34.464060395], [-85.922525347, 34.464910364], [-85.926441098, 34.464984449], [-85.926612091, 34.4648433], [-85.92922962, 34.465571936], [-85.932178339, 34.464931745], [-85.934795148, 34.464892952], [-85.937045825, 34.466293616], [-85.938699185, 34.467516025], [-85.940631098, 34.467375612], [-85.941659032, 34.466452897], [-85.942648268, 34.464993556], [-85.943014585, 34.46480185], [-85.943495223, 34.464447203], [-85.945272818, 34.464061504], [-85.949752585, 34.462543792], [-85.95046019, 34.462352086], [-85.951321377, 34.462013473], [-85.952783924, 34.461385419], [-85.953096743, 34.461087883], [-85.955018906, 34.460822046], [-85.956737848, 34.461084514], [-85.961920941, 34.461193229], [-85.963226303, 34.460739056], [-85.964651105, 34.460957017], [-85.96663554, 34.459435949], [-85.967572806, 34.459247122], [-85.969347102, 34.459958915], [-85.970386482, 34.459979118], [-85.97364704, 34.459480774], [-85.9748213, 34.45945778], [-85.975780482, 34.459995833], [-85.977012976, 34.461893746], [-85.977927986, 34.462533348], [-85.978040382, 34.462703231], [-85.978500641, 34.462563789], [-85.979056927, 34.462521152], [-85.980012417, 34.461674089], [-85.981828886, 34.459731513], [-85.983636953, 34.458789343], [-85.985952868, 34.458755088], [-85.987724078, 34.459491614], [-85.98926729, 34.459833293], [-85.991318908, 34.459803549], [-85.994208773, 34.459390727], [-85.994933907, 34.459122289], [-85.99553436, 34.459237241], [-85.996518708, 34.459222963], [-85.998485026, 34.458494436], [-85.999655455, 34.457941843], [-86.000541533, 34.457628215], [-86.001387656, 34.458900312], [-86.002962988, 34.460171935], [-86.004994894, 34.461432236], [-86.005421071, 34.46197474], [-86.005910159, 34.462370906], [-86.00820033, 34.462336093], [-86.010547518, 34.462000534], [-86.01435947, 34.46193418], [-86.017171896, 34.46285879], [-86.018936235, 34.462831263], [-86.020816168, 34.462069659], [-86.021766907, 34.461095429], [-86.02245996, 34.458674318], [-86.025337875, 34.455930818], [-86.027517445, 34.454729072], [-86.029458729, 34.45401055], [-86.030185694, 34.454146721], [-86.031610436, 34.453944444], [-86.034622472, 34.453962658], [-86.035803617, 34.453644588], [-86.036039642, 34.453177985], [-86.037412445, 34.45119449], [-86.039889013, 34.449130718], [-86.040648554, 34.448272734], [-86.041385853, 34.447206294], [-86.042232946, 34.446250429], [-86.042808063, 34.44411628], [-86.043433098, 34.443238316], [-86.044541423, 34.442260574], [-86.045245376, 34.441191253], [-86.047376041, 34.439179886], [-86.048580561, 34.438718284], [-86.049322435, 34.438617468], [-86.050137431, 34.438811653], [-86.051405528, 34.439320745], [-86.055206621, 34.44013108], [-86.056751765, 34.43959319], [-86.058152475, 34.440598298], [-86.05956525, 34.440967935], [-86.060942482, 34.440489382], [-86.062537133, 34.440731235], [-86.065716004, 34.440653374], [-86.068142808, 34.440152825], [-86.070861801, 34.442102983], [-86.075182019, 34.443300544], [-86.075945056, 34.443738784], [-86.077294055, 34.444102743], [-86.07838939, 34.442558792], [-86.079981294, 34.441655786], [-86.082080401, 34.441150141], [-86.084417203, 34.442637377], [-86.086485062, 34.442676933], [-86.088454123, 34.443043112], [-86.088913399, 34.443472194], [-86.089525843, 34.444137739], [-86.090481015, 34.446986364], [-86.090135411, 34.448933682], [-86.090664511, 34.450007271], [-86.097846488, 34.451772592], [-86.101730993, 34.452685358], [-86.103110362, 34.454185375], [-86.104014497, 34.458525719], [-86.104504191, 34.459787629], [-86.104628158, 34.459949923], [-86.105293816, 34.460242656], [-86.105869094, 34.460595125], [-86.108310516, 34.461051723], [-86.110203421, 34.462218124], [-86.111601308, 34.462667987], [-86.113845492, 34.463615549], [-86.115155293, 34.464470913], [-86.115222241, 34.465159399], [-86.115080212, 34.467802598], [-86.115421141, 34.468935865], [-86.115555051, 34.470312828], [-86.116423112, 34.471448787], [-86.116782367, 34.472318075], [-86.117853695, 34.474411183], [-86.118982983, 34.474941343], [-86.119823441, 34.474294215], [-86.120533186, 34.473294578], [-86.120552614, 34.472617666], [-86.120817152, 34.471460049], [-86.123810671, 34.468049896], [-86.124354817, 34.466989798], [-86.128031441, 34.465654345], [-86.131163305, 34.464898386], [-86.13309148, 34.463850456], [-86.134456983, 34.461642041], [-86.135513381, 34.460536895], [-86.135813509, 34.459826921], [-86.135575522, 34.45867507], [-86.135077765, 34.457290422], [-86.134308937, 34.456691966], [-86.13406089, 34.456367439], [-86.133478376, 34.454554106], [-86.132835046, 34.452832537], [-86.135160106, 34.451750866], [-86.136518681, 34.450707201], [-86.139185509, 34.449195077], [-86.140101516, 34.448134873], [-86.14119001, 34.446594075], [-86.142789018, 34.446034373], [-86.147388633, 34.445718707], [-86.147964082, 34.445948755], [-86.146939156, 34.447336947], [-86.146965516, 34.44842657], [-86.146519843, 34.449994553], [-86.146881258, 34.452448645], [-86.148520273, 34.453398992], [-86.150128598, 34.456190609], [-86.150561418, 34.457356829], [-86.151282855, 34.457679306], [-86.15140974, 34.457839682], [-86.152561007, 34.458055296], [-86.153359163, 34.458546524], [-86.153774224, 34.460541492], [-86.155348369, 34.460988894], [-86.156503359, 34.460547305], [-86.15749003, 34.460310601], [-86.159157029, 34.460658346], [-86.161813463, 34.460565155], [-86.163542905, 34.461295325], [-86.164290545, 34.461777976], [-86.165611055, 34.46237023], [-86.166773488, 34.463067093], [-86.168009458, 34.463470935], [-86.168476355, 34.465630344], [-86.167514144, 34.466486635], [-86.16836432, 34.467605887], [-86.170132596, 34.468174857], [-86.170584108, 34.46836478]], [[-84.995725133, 35.281507899], [-84.993826848, 35.278654486], [-84.992960577, 35.277514885], [-84.992029721, 35.275934899], [-84.98969523, 35.274817815], [-84.988483644, 35.272555757], [-84.98597245, 35.271938555], [-84.98477724, 35.272823666], [-84.983039919, 35.272481418], [-84.981179241, 35.269643892], [-84.979253826, 35.269336632], [-84.978757564, 35.269747559], [-84.977944616, 35.270141399], [-84.977087277, 35.271041296], [-84.975563526, 35.272298174], [-84.974750535, 35.27269199], [-84.975258872, 35.273536705], [-84.97459434, 35.275726054], [-84.973895567, 35.277319726], [-84.97329505, 35.27940966], [-84.974410223, 35.279676743], [-84.974521587, 35.279847439], [-84.976661657, 35.281060422], [-84.976783972, 35.281788753], [-84.977517676, 35.282287747], [-84.981332813, 35.282755504], [-84.98129433, 35.283021762], [-84.98162475, 35.283052772], [-84.981586267, 35.28331903], [-84.981916689, 35.28335004], [-84.981888559, 35.28457657], [-84.982551282, 35.284879113], [-84.982572002, 35.286799654], [-84.982956871, 35.287504114], [-84.98548307, 35.287169764], [-84.98717745, 35.287503694], [-84.988686075, 35.287493387], [-84.989717405, 35.285968799], [-84.990645916, 35.285518243], [-84.992106418, 35.285442242], [-84.993208885, 35.285073336], [-84.995252741, 35.285016141], [-84.997018459, 35.284601842], [-84.999396757, 35.284982822], [-85.000689645, 35.283221234], [-84.99948733, 35.281417723], [-84.997925044, 35.280948757], [-84.996410644, 35.281616425], [-84.995725133, 35.281507899]], [[-84.106657745, 35.937023415], [-84.106492138, 35.936162958], [-84.10566189, 35.934758968], [-84.105621293, 35.933105215], [-84.105373074, 35.932299739], [-84.105179023, 35.931301405], [-84.104091503, 35.930407371], [-84.10379082, 35.929432068], [-84.104791312, 35.926703672], [-84.103277616, 35.925564274], [-84.101844014, 35.924654409], [-84.100901314, 35.923428911], [-84.099533432, 35.923426412], [-84.098056881, 35.922923544], [-84.09806222, 35.920744866], [-84.098353529, 35.920103305], [-84.098984775, 35.919517019], [-84.100416389, 35.917924755], [-84.102024294, 35.91739234], [-84.102184367, 35.917248102], [-84.09887496, 35.913544235], [-84.098777262, 35.913125147], [-84.099499318, 35.912364457], [-84.100649245, 35.911754374], [-84.102390518, 35.909134207], [-84.105479734, 35.90749546], [-84.106181372, 35.905907833], [-84.106219097, 35.905232333], [-84.106631454, 35.903653601], [-84.106700251, 35.902445384], [-84.106855863, 35.901842909], [-84.105988216, 35.899538504], [-84.105440919, 35.899593192], [-84.10457356, 35.899936364], [-84.1042887, 35.900437241], [-84.100614127, 35.902993835], [-84.099283528, 35.90341064], [-84.097039849, 35.901963504], [-84.092418034, 35.904445688], [-84.089286282, 35.904594642], [-84.088262023, 35.904776349], [-84.087847236, 35.904074275], [-84.087795943, 35.901938358], [-84.086744265, 35.901724892], [-84.084455431, 35.90200498], [-84.082856972, 35.900687911], [-84.084779785, 35.899195916], [-84.084277444, 35.897894294], [-84.084224666, 35.896739206], [-84.085457371, 35.895084882], [-84.083925723, 35.89321125], [-84.083571435, 35.89128951], [-84.082457526, 35.890584491], [-84.081750146, 35.89034868], [-84.081830256, 35.88800022], [-84.08259406, 35.886321893], [-84.084210286, 35.885465705], [-84.084423612, 35.885067362], [-84.085162224, 35.883966652], [-84.083797478, 35.882843966], [-84.081759105, 35.882343269], [-84.080556826, 35.880776986], [-84.079113351, 35.881023943], [-84.07757782, 35.879930372], [-84.076025425, 35.879311874], [-84.073889475, 35.880132433], [-84.072005868, 35.881210472], [-84.071107683, 35.882233846], [-84.072977006, 35.884791553], [-84.072923645, 35.885296728], [-84.072357516, 35.885621512], [-84.071070881, 35.885626808], [-84.06949921, 35.886132889], [-84.066612208, 35.885404997], [-84.064622276, 35.88533295], [-84.063503681, 35.884675776], [-84.059821211, 35.886308439], [-84.05863775, 35.886596174], [-84.056094763, 35.88850198], [-84.055373804, 35.889454541], [-84.053776761, 35.891021195], [-84.053163945, 35.892742074], [-84.052265652, 35.893980521], [-84.051763691, 35.894883449], [-84.050558474, 35.896192161], [-84.050528319, 35.896716559], [-84.049628613, 35.897596188], [-84.04912999, 35.897860183], [-84.048704711, 35.898178], [-84.047471995, 35.898625232], [-84.046707632, 35.899383489], [-84.045139196, 35.900549977], [-84.044575297, 35.901309489], [-84.044535565, 35.902611428], [-84.043875664, 35.903610192], [-84.041180376, 35.903719703], [-84.039551987, 35.905913868], [-84.039543618, 35.906216831], [-84.039096183, 35.906690615], [-84.038838187, 35.907352328], [-84.038998146, 35.907492974], [-84.039390175, 35.907969323], [-84.040347026, 35.908815001], [-84.041229715, 35.909878921], [-84.041062783, 35.913834756], [-84.042435891, 35.915671859], [-84.042524495, 35.916096435], [-84.042310862, 35.916494693], [-84.041224122, 35.917619103], [-84.040278374, 35.91842019], [-84.040064723, 35.918818444], [-84.040751439, 35.919052396], [-84.041836514, 35.919723227], [-84.041683497, 35.92020567], [-84.042156548, 35.921738732], [-84.042823239, 35.922983326], [-84.043134655, 35.923869233], [-84.044150963, 35.925758847], [-84.044459476, 35.927363874], [-84.044130088, 35.92794243], [-84.042898746, 35.929311752], [-84.040213516, 35.92998565], [-84.035787308, 35.932359118], [-84.035460761, 35.932935834], [-84.035551375, 35.934497771], [-84.038405981, 35.938225121], [-84.038401998, 35.93998424], [-84.038385857, 35.940953087], [-84.038909988, 35.941814069], [-84.040617899, 35.942208123], [-84.041752813, 35.943183525], [-84.043762317, 35.94457635], [-84.0431522, 35.947126563], [-84.041770891, 35.947472299], [-84.039968827, 35.948321938], [-84.037050249, 35.948562968], [-84.035723403, 35.948798107], [-84.035262983, 35.949118676], [-84.035044676, 35.949512233], [-84.034510437, 35.950331677], [-84.031843607, 35.951317448], [-84.02907343, 35.952720996], [-84.029025238, 35.953557911], [-84.031068073, 35.954891013], [-84.03142426, 35.95582787], [-84.030386876, 35.956952989], [-84.031596002, 35.958760873], [-84.031077887, 35.960577725], [-84.031237944, 35.960718375], [-84.032342167, 35.962821545], [-84.034210519, 35.962890081], [-84.035425934, 35.963392625], [-84.034628003, 35.964624249], [-84.03457812, 35.965522164], [-84.03440412, 35.96618602], [-84.034718779, 35.967285321], [-84.036642983, 35.968986026], [-84.037953559, 35.969622614], [-84.040553417, 35.96909614], [-84.041842438, 35.968568071], [-84.045515157, 35.96647473], [-84.04723048, 35.966141536], [-84.048839889, 35.966844024], [-84.052090756, 35.967629811], [-84.052767665, 35.96607577], [-84.05275049, 35.965466457], [-84.053126677, 35.964392616], [-84.054183895, 35.96332418], [-84.057143508, 35.963361073], [-84.058297933, 35.963865656], [-84.059149118, 35.964449354], [-84.061025549, 35.964182845], [-84.061696126, 35.964638614], [-84.063389388, 35.965028686], [-84.063943021, 35.965405146], [-84.064637302, 35.965694515], [-84.06548191, 35.96637032], [-84.066176205, 35.96665968], [-84.06628653, 35.966831127], [-84.067158256, 35.966800819], [-84.069705112, 35.965403458], [-84.072700897, 35.964776965], [-84.072915685, 35.964688896], [-84.073675777, 35.964010202], [-84.074988214, 35.961876649], [-84.075913887, 35.961136562], [-84.078624656, 35.960673215], [-84.080519734, 35.960203662], [-84.08115776, 35.96049782], [-84.081423447, 35.959535164], [-84.081977855, 35.95886948], [-84.082159571, 35.958438426], [-84.083828754, 35.957808971], [-84.086373629, 35.957240169], [-84.089144403, 35.957801559], [-84.089742832, 35.956973619], [-84.089401156, 35.956342248], [-84.089488969, 35.956070507], [-84.089489793, 35.955395528], [-84.089730716, 35.954639218], [-84.092276241, 35.953395309], [-84.092697755, 35.95306852], [-84.092699166, 35.952423136], [-84.092014194, 35.951153913], [-84.093302845, 35.949819455], [-84.095488618, 35.949330406], [-84.097014708, 35.94814847], [-84.098490042, 35.947539434], [-84.099611654, 35.949542321], [-84.099777672, 35.94967925], [-84.100374138, 35.949599962], [-84.10163843, 35.948687], [-84.101146269, 35.944886766], [-84.102648038, 35.944092594], [-84.104988508, 35.94377715], [-84.107733781, 35.941797814], [-84.108725335, 35.941272979], [-84.109692809, 35.940414521], [-84.109486395, 35.939343242], [-84.108037155, 35.937457314], [-84.107024811, 35.937024426], [-84.106657745, 35.937023415]], [[-82.165340569, 36.856248695], [-82.162604408, 36.855416527], [-82.161698634, 36.856595147], [-82.160412644, 36.857626203], [-82.159809116, 36.858679079], [-82.157538767, 36.858917614], [-82.156043058, 36.859446559], [-82.155882755, 36.859068596], [-82.155056379, 36.858609361], [-82.154896083, 36.858231396], [-82.153073861, 36.857834548], [-82.151707812, 36.856773713], [-82.150467116, 36.85702764], [-82.149625395, 36.858494802], [-82.148079985, 36.859967213], [-82.147296524, 36.860328998], [-82.146991718, 36.860957605], [-82.146215242, 36.862793846], [-82.145566361, 36.863253657], [-82.145154073, 36.863451194], [-82.144360781, 36.864196627], [-82.143606524, 36.864559661], [-82.142671036, 36.865895427], [-82.139337709, 36.865805505], [-82.13787596, 36.86684139], [-82.137257467, 36.867137654], [-82.136898892, 36.867392131], [-82.136356647, 36.867451962], [-82.13615913, 36.868511611], [-82.13489566, 36.868914997], [-82.133912184, 36.871600431], [-82.131577949, 36.871761358], [-82.131311168, 36.873724253], [-82.129407526, 36.87436635], [-82.12876806, 36.874271115], [-82.128341227, 36.874502864], [-82.126911742, 36.87540707], [-82.125193961, 36.874146603], [-82.124083638, 36.87487845], [-82.12380406, 36.876951925], [-82.123077693, 36.876890991], [-82.121685224, 36.876086819], [-82.120739274, 36.876598775], [-82.119234841, 36.878378015], [-82.115705479, 36.877854586], [-82.115014173, 36.879732313], [-82.114816901, 36.879840525], [-82.114477657, 36.880665955], [-82.11156226, 36.88189666], [-82.109517448, 36.882473478], [-82.109333598, 36.882595926], [-82.108176317, 36.886736931], [-82.108539328, 36.888743303], [-82.109204315, 36.888788734], [-82.110366268, 36.889822133], [-82.109225159, 36.89041499], [-82.108758436, 36.89118968], [-82.108110906, 36.892142144], [-82.10681218, 36.892300166], [-82.105772073, 36.892467039], [-82.104359954, 36.892556905], [-82.103893167, 36.893331575], [-82.103436263, 36.893809262], [-82.103666814, 36.89537529], [-82.105716285, 36.896010608], [-82.106422194, 36.898063107], [-82.104839583, 36.898619516], [-82.103614401, 36.900335891], [-82.10277551, 36.901033552], [-82.102209635, 36.901720604], [-82.100411555, 36.902653696], [-82.098803077, 36.904122571], [-82.0981998, 36.90443525], [-82.098701465, 36.90531175], [-82.098353553, 36.906224957], [-82.09893011, 36.907074202], [-82.099069515, 36.907936138], [-82.099854299, 36.90909287], [-82.100215034, 36.909388461], [-82.100403992, 36.909985501], [-82.102409759, 36.912349541], [-82.102830495, 36.913688123], [-82.102924584, 36.914878857], [-82.103042542, 36.915281586], [-82.102104666, 36.915646389], [-82.101322821, 36.918219778], [-82.100883231, 36.918388666], [-82.100519044, 36.919589658], [-82.101785827, 36.919863503], [-82.103380257, 36.922160727], [-82.105621586, 36.92273575], [-82.106196456, 36.923106891], [-82.10686779, 36.923421558], [-82.107588634, 36.923887851], [-82.107984428, 36.925145266], [-82.107655252, 36.92600146], [-82.108969521, 36.927932015], [-82.11039827, 36.928431733], [-82.110973208, 36.92880285], [-82.112149763, 36.929057645], [-82.112983298, 36.928490369], [-82.114599646, 36.92784256], [-82.116368195, 36.928161697], [-82.1199916, 36.925693409], [-82.121399459, 36.925528798], [-82.122124155, 36.924709946], [-82.122319454, 36.924282226], [-82.12273662, 36.924089521], [-82.123268238, 36.923700757], [-82.123782153, 36.923464285], [-82.124514846, 36.923623151], [-82.126501623, 36.922988509], [-82.12733597, 36.920345023], [-82.130523936, 36.920177139], [-82.132985905, 36.918980057], [-82.134653968, 36.9189448], [-82.137040982, 36.917918683], [-82.137353999, 36.917362917], [-82.136761835, 36.916825022], [-82.13543513, 36.914800353], [-82.133015396, 36.912981066], [-82.131522913, 36.912708901], [-82.128933543, 36.912576098], [-82.127975261, 36.911253633], [-82.128550476, 36.909307448], [-82.129100201, 36.909022255], [-82.129555174, 36.908468144], [-82.130405781, 36.907577161], [-82.129611262, 36.906326523], [-82.129595687, 36.904684031], [-82.129372959, 36.903820977], [-82.12962684, 36.902863006], [-82.131098527, 36.902684581], [-82.132738138, 36.901605871], [-82.133864024, 36.899353437], [-82.133553498, 36.899061655], [-82.134030521, 36.898288089], [-82.136029407, 36.89741163], [-82.13734756, 36.898171019], [-82.139653607, 36.897877656], [-82.140827021, 36.896880214], [-82.140531186, 36.895674675], [-82.14104231, 36.895120692], [-82.141281227, 36.893363905], [-82.142486046, 36.892600544], [-82.14378367, 36.894089023], [-82.144764899, 36.894655005], [-82.151974889, 36.896051353], [-82.152591872, 36.895173411], [-82.152293594, 36.893504623], [-82.151544609, 36.89125938], [-82.151877774, 36.890219651], [-82.151863595, 36.88927295], [-82.154014739, 36.889348338], [-82.155841838, 36.889045834], [-82.158188601, 36.889035939], [-82.159737135, 36.888413646], [-82.161489776, 36.888366731], [-82.163032978, 36.887671901], [-82.165293648, 36.888081105], [-82.16740088, 36.886127909], [-82.168804879, 36.885964508], [-82.169322576, 36.885878427], [-82.168798049, 36.885005995], [-82.169502601, 36.884694139], [-82.171487077, 36.883024811], [-82.173951063, 36.883032398], [-82.17639648, 36.881999738], [-82.176596495, 36.881847355], [-82.178440393, 36.881337178], [-82.179107787, 36.880171095], [-82.178917406, 36.878597329], [-82.178270439, 36.877560702], [-82.176208681, 36.876299413], [-82.174008342, 36.874658438], [-82.175742196, 36.873382965], [-82.17545827, 36.87052353], [-82.176923287, 36.869828001], [-82.17778468, 36.869652618], [-82.178238441, 36.869318116], [-82.178199251, 36.868518664], [-82.176886909, 36.867743456], [-82.17548029, 36.868067286], [-82.174532414, 36.868693555], [-82.172771251, 36.868572601], [-82.172230096, 36.867414944], [-82.171959115, 36.866679618], [-82.170845157, 36.865631261], [-82.170316654, 36.864997257], [-82.169230403, 36.863973222], [-82.168886649, 36.863240045], [-82.168780453, 36.860234059], [-82.168290679, 36.859190129], [-82.170081091, 36.858777547], [-82.170633325, 36.857667969], [-82.17180377, 36.856435307], [-82.171429383, 36.85608338], [-82.169303928, 36.855442439], [-82.168130536, 36.854469614], [-82.165815199, 36.854893368], [-82.165340569, 36.856248695]], [[-83.552125085, 36.044661956], [-83.552203709, 36.042567687], [-83.55332041, 36.038965446], [-83.553960839, 36.03829387], [-83.553834265, 36.036047165], [-83.553632572, 36.034223204], [-83.555858493, 36.033103853], [-83.555948421, 36.030651898], [-83.55754747, 36.029977545], [-83.558028835, 36.028921941], [-83.55889896, 36.028012706], [-83.558914142, 36.027551997], [-83.559422642, 36.026636452], [-83.56100082, 36.026071753], [-83.560886831, 36.025046519], [-83.560564285, 36.02405005], [-83.559395226, 36.02351566], [-83.558992776, 36.022778887], [-83.559254674, 36.022042213], [-83.558005532, 36.021079308], [-83.557336242, 36.020772587], [-83.557208177, 36.019448211], [-83.555624086, 36.019087614], [-83.55344854, 36.019519812], [-83.551351482, 36.019044043], [-83.550318463, 36.018215634], [-83.550249244, 36.016679984], [-83.549625254, 36.016179536], [-83.549504251, 36.016014825], [-83.549736298, 36.015587455], [-83.55103426, 36.014298924], [-83.553156654, 36.013274336], [-83.552947477, 36.012714048], [-83.55108193, 36.0122478], [-83.550690456, 36.011108927], [-83.549596904, 36.009670378], [-83.546894634, 36.009255432], [-83.546717505, 36.009382472], [-83.545657444, 36.009935998], [-83.542995152, 36.011072564], [-83.540439266, 36.012893695], [-83.536156605, 36.014720997], [-83.53267544, 36.015173768], [-83.529729306, 36.016647528], [-83.527755295, 36.017364367], [-83.527578114, 36.017491377], [-83.522929087, 36.018825799], [-83.516810167, 36.021362622], [-83.515347031, 36.02236533], [-83.512496176, 36.023595427], [-83.50896514, 36.025239313], [-83.507764485, 36.026062727], [-83.506972738, 36.026255799], [-83.50589125, 36.026998874], [-83.503156599, 36.028483813], [-83.503467885, 36.029128875], [-83.503797146, 36.029984834], [-83.50409105, 36.031373289], [-83.504867067, 36.032983584], [-83.504724423, 36.033572323], [-83.505137669, 36.034432906], [-83.505472714, 36.035302129], [-83.506094935, 36.035876518], [-83.506802154, 36.036704753], [-83.505622148, 36.038328339], [-83.506388717, 36.039038276], [-83.505966461, 36.0398762], [-83.504438318, 36.040373737], [-83.503595276, 36.041114505], [-83.502068717, 36.041394737], [-83.501582036, 36.041822631], [-83.50093729, 36.042086074], [-83.50019312, 36.042868919], [-83.498674375, 36.043468716], [-83.4978089, 36.044375975], [-83.497121642, 36.044656027], [-83.496960152, 36.044799435], [-83.498806513, 36.047012455], [-83.499115092, 36.047817676], [-83.498557685, 36.050123332], [-83.497791101, 36.050960803], [-83.497755179, 36.051368682], [-83.497638161, 36.051850339], [-83.496136802, 36.053492738], [-83.497106623, 36.055212165], [-83.496915887, 36.055994267], [-83.498323177, 36.057056823], [-83.498649551, 36.058600688], [-83.500644516, 36.060447182], [-83.500777273, 36.060604736], [-83.501941946, 36.060847877], [-83.502892465, 36.061439979], [-83.504887004, 36.060767815], [-83.505677752, 36.058539534], [-83.505882169, 36.05844075], [-83.508009469, 36.058500304], [-83.509836561, 36.059252283], [-83.509421212, 36.058387308], [-83.509629761, 36.057528967], [-83.512846037, 36.05673843], [-83.515680705, 36.057674574], [-83.518481722, 36.056289168], [-83.521955722, 36.055540317], [-83.526529221, 36.054691762], [-83.526883759, 36.05443775], [-83.527738861, 36.054327188], [-83.530121794, 36.052633668], [-83.531346679, 36.052080674], [-83.53307283, 36.052802674], [-83.534057775, 36.053155371], [-83.534650658, 36.053509046], [-83.535573154, 36.053855161], [-83.538412963, 36.052519858], [-83.540535799, 36.051820531], [-83.541073296, 36.051756707], [-83.542085021, 36.051563294], [-83.544695135, 36.051535745], [-83.546635458, 36.05069048], [-83.547772345, 36.050556614], [-83.548520677, 36.049537529], [-83.550057566, 36.049578657], [-83.549948639, 36.047257814], [-83.549280955, 36.046267287], [-83.551820588, 36.045687568], [-83.552125085, 36.044661956]], [[-83.487589106, 36.070626044], [-83.485571777, 36.071464442], [-83.484806881, 36.074202044], [-83.48385331, 36.074998603], [-83.482162817, 36.076722245], [-83.480958612, 36.079392337], [-83.479976349, 36.079723506], [-83.476570742, 36.079015488], [-83.474177881, 36.080054727], [-83.472457702, 36.080043983], [-83.47210663, 36.080243336], [-83.471715199, 36.083598813], [-83.470858535, 36.084559643], [-83.469367236, 36.089190132], [-83.470973105, 36.090016387], [-83.471828013, 36.090499385], [-83.471902268, 36.09275981], [-83.47270825, 36.093982857], [-83.47373071, 36.091850961], [-83.475277268, 36.09097987], [-83.476548833, 36.091156392], [-83.478377025, 36.090614788], [-83.480147643, 36.092028301], [-83.48493805, 36.091550202], [-83.486310567, 36.092585929], [-83.486812255, 36.09248476], [-83.489230148, 36.092507658], [-83.491618371, 36.092390157], [-83.493148108, 36.091842186], [-83.493354024, 36.093058769], [-83.493351819, 36.094268178], [-83.495036029, 36.096411186], [-83.494754523, 36.097451808], [-83.494848999, 36.098350525], [-83.495347575, 36.098523427], [-83.496884721, 36.099255478], [-83.499466892, 36.099838001], [-83.502849832, 36.099858872], [-83.503776692, 36.098601255], [-83.504459345, 36.097904769], [-83.50579951, 36.098738382], [-83.506079642, 36.100243498], [-83.506961968, 36.100978194], [-83.507584585, 36.101313988], [-83.508934931, 36.103651663], [-83.512434708, 36.106323292], [-83.51299515, 36.106954375], [-83.513534252, 36.109375434], [-83.514102194, 36.110600482], [-83.513753859, 36.111150668], [-83.513940569, 36.112149816], [-83.515477593, 36.113428302], [-83.516039159, 36.114644216], [-83.515139411, 36.115562789], [-83.516648709, 36.116817219], [-83.517075796, 36.118061188], [-83.518819295, 36.11855917], [-83.519734253, 36.118955186], [-83.520731793, 36.119300773], [-83.521057268, 36.12024694], [-83.522136892, 36.122095695], [-83.519857527, 36.12289452], [-83.519054737, 36.124682477], [-83.519415502, 36.125879338], [-83.521204671, 36.127365762], [-83.522194286, 36.128670964], [-83.522359649, 36.128808678], [-83.523383893, 36.128274667], [-83.524855346, 36.127025627], [-83.52584965, 36.127759226], [-83.52742931, 36.127823973], [-83.530013844, 36.12660745], [-83.531857792, 36.127700487], [-83.532781992, 36.128825613], [-83.535570583, 36.128937059], [-83.536547349, 36.129105105], [-83.539409317, 36.131286496], [-83.540061818, 36.131604101], [-83.541133433, 36.132240123], [-83.542426869, 36.132705223], [-83.546495276, 36.135158708], [-83.546841853, 36.135579256], [-83.547001378, 36.135720537], [-83.547289333, 36.13508584], [-83.547914533, 36.13353454], [-83.549202233, 36.131263301], [-83.551229228, 36.129761978], [-83.553624246, 36.127188932], [-83.555552431, 36.126732605], [-83.557037561, 36.125140595], [-83.557254728, 36.124340145], [-83.556669073, 36.121454421], [-83.557404207, 36.119893511], [-83.558905697, 36.118826692], [-83.560301062, 36.118097018], [-83.560835406, 36.117718215], [-83.561042172, 36.117621689], [-83.561688974, 36.116722745], [-83.562723214, 36.11586864], [-83.565192762, 36.115084775], [-83.567025352, 36.114274214], [-83.567583285, 36.113832424], [-83.568976285, 36.11329239], [-83.572486806, 36.113409022], [-83.57353808, 36.112482745], [-83.57451502, 36.112937582], [-83.574566226, 36.113622624], [-83.574883067, 36.114303825], [-83.575733946, 36.115121167], [-83.57827239, 36.115893581], [-83.579840166, 36.116606532], [-83.582002525, 36.117265606], [-83.583670708, 36.119137266], [-83.585793571, 36.118783182], [-83.587949774, 36.119078441], [-83.588566795, 36.120607853], [-83.58879601, 36.122383752], [-83.591182556, 36.123999028], [-83.592747125, 36.125118811], [-83.594811812, 36.124507296], [-83.595923818, 36.124224629], [-83.596045922, 36.123146151], [-83.597436872, 36.122360734], [-83.599300946, 36.123110698], [-83.599859474, 36.12274482], [-83.600391424, 36.122443705], [-83.605344655, 36.123457274], [-83.605588332, 36.12308803], [-83.606419428, 36.121292108], [-83.607256804, 36.121324699], [-83.609362895, 36.121715633], [-83.609591418, 36.121019755], [-83.610391894, 36.120069113], [-83.610152102, 36.119497403], [-83.61060817, 36.118964591], [-83.611080438, 36.118832389], [-83.611308936, 36.118136506], [-83.611324674, 36.116092893], [-83.612137432, 36.11402064], [-83.612589999, 36.113557111], [-83.613200501, 36.112198253], [-83.61592726, 36.110313155], [-83.614623703, 36.109233585], [-83.614811991, 36.107155217], [-83.615027714, 36.107067984], [-83.615582745, 36.106577153], [-83.616746686, 36.106363067], [-83.61723608, 36.10562687], [-83.618005471, 36.105314597], [-83.618527608, 36.104073139], [-83.61955409, 36.104372352], [-83.62091969, 36.103850012], [-83.621802217, 36.103832356], [-83.621845891, 36.103566747], [-83.621276868, 36.103095783], [-83.620436967, 36.100663158], [-83.619049453, 36.098838224], [-83.616351583, 36.098231527], [-83.615971111, 36.097130118], [-83.615640183, 36.096854943], [-83.615479126, 36.095998065], [-83.615147821, 36.094903894], [-83.616743782, 36.093270108], [-83.61572938, 36.092640731], [-83.611926154, 36.092619234], [-83.60995745, 36.091398315], [-83.608720542, 36.091509708], [-83.607273791, 36.09213951], [-83.606170679, 36.091663298], [-83.60463709, 36.090390656], [-83.603773277, 36.088831284], [-83.603607853, 36.08869368], [-83.603822013, 36.088293915], [-83.604757289, 36.08735952], [-83.604722682, 36.085703183], [-83.605401759, 36.083798498], [-83.604844352, 36.083033131], [-83.603791887, 36.082555841], [-83.602011159, 36.08112854], [-83.601929875, 36.079450423], [-83.601515698, 36.078748555], [-83.600048999, 36.078776708], [-83.599443932, 36.077867008], [-83.599315054, 36.076751702], [-83.597942387, 36.076080435], [-83.596960078, 36.074888515], [-83.594015764, 36.073516633], [-83.590351184, 36.073382205], [-83.588374665, 36.073515154], [-83.584941055, 36.073377297], [-83.583676036, 36.073162504], [-83.582887287, 36.073721594], [-83.582290044, 36.074034772], [-83.582202451, 36.074565972], [-83.581426542, 36.074324281], [-83.579246898, 36.073986196], [-83.578743196, 36.074085408], [-83.576409252, 36.074104725], [-83.575792549, 36.075258065], [-83.574357333, 36.075753585], [-83.573099424, 36.076314111], [-83.573138446, 36.076767814], [-83.573301205, 36.077145829], [-83.573085519, 36.077232988], [-83.572028495, 36.078164964], [-83.570775448, 36.078438903], [-83.569592877, 36.078093291], [-83.568609787, 36.078496831], [-83.567599626, 36.079385137], [-83.565271203, 36.079385835], [-83.564281777, 36.079602921], [-83.56235582, 36.079780869], [-83.561506832, 36.08018998], [-83.561007746, 36.080870102], [-83.559756856, 36.082060286], [-83.559104169, 36.084182912], [-83.557724316, 36.08523923], [-83.556421784, 36.085843475], [-83.555074914, 36.087196644], [-83.552793981, 36.08737309], [-83.551585879, 36.086604557], [-83.551084306, 36.086433691], [-83.549463519, 36.085037083], [-83.547926637, 36.084286755], [-83.54411656, 36.084355212], [-83.54182875, 36.083964988], [-83.541249735, 36.083942149], [-83.541017696, 36.082798969], [-83.540629788, 36.082021489], [-83.539399608, 36.08092329], [-83.538511029, 36.079841979], [-83.535350075, 36.07903053], [-83.534656479, 36.080260079], [-83.533522415, 36.080389941], [-83.532805745, 36.07951875], [-83.531695291, 36.07913811], [-83.529911666, 36.080407109], [-83.526038961, 36.079414997], [-83.524367546, 36.079942103], [-83.522813595, 36.078049673], [-83.52276545, 36.076134146], [-83.52082843, 36.075562963], [-83.519731314, 36.074750842], [-83.51882344, 36.07364409], [-83.515416039, 36.072020809], [-83.51383567, 36.072686122], [-83.513153362, 36.072567816], [-83.512110157, 36.073922997], [-83.511435786, 36.075114365], [-83.511035914, 36.075321346], [-83.51085857, 36.075448326], [-83.508019755, 36.074836808], [-83.507124753, 36.074387844], [-83.506689212, 36.073261086], [-83.505260343, 36.073363829], [-83.504344833, 36.073645217], [-83.502671974, 36.072297241], [-83.500863164, 36.072454875], [-83.499957626, 36.073075055], [-83.49840629, 36.072527257], [-83.498059033, 36.071810867], [-83.497837583, 36.071230186], [-83.497568974, 36.070678309], [-83.497280628, 36.069320022], [-83.492164518, 36.068531217], [-83.490347544, 36.069376047], [-83.489439338, 36.069677093], [-83.489203251, 36.069742956], [-83.488730508, 36.070292621], [-83.487974172, 36.07033313], [-83.487589106, 36.070626044]], [[-83.81261793, 35.642346169], [-83.812494029, 35.642183487], [-83.811632445, 35.642335043], [-83.80884153, 35.641632697], [-83.807705951, 35.641916314], [-83.80704145, 35.643084562], [-83.806289611, 35.643044787], [-83.805606106, 35.642940306], [-83.803992244, 35.643070977], [-83.801983056, 35.643694778], [-83.800750567, 35.641587203], [-83.797208435, 35.639533935], [-83.794754921, 35.638633959], [-83.793810184, 35.637945067], [-83.792328373, 35.637664947], [-83.792122653, 35.63755287], [-83.791956824, 35.637176834], [-83.791131033, 35.636730328], [-83.789708475, 35.637716546], [-83.788732104, 35.63795948], [-83.788044421, 35.638175322], [-83.786813867, 35.638345466], [-83.785219302, 35.640006208], [-83.783781395, 35.645512439], [-83.782838026, 35.647346191], [-83.782224272, 35.649192991], [-83.785220786, 35.651969089], [-83.784767928, 35.65837106], [-83.78492397, 35.658513882], [-83.785153037, 35.659624739], [-83.786643716, 35.66151856], [-83.787095812, 35.662732724], [-83.787030045, 35.665231561], [-83.785429265, 35.666796692], [-83.784934434, 35.667938095], [-83.785688222, 35.669453704], [-83.785690969, 35.670481998], [-83.78690368, 35.670229755], [-83.788094057, 35.671161509], [-83.789365309, 35.671117948], [-83.789755724, 35.670362569], [-83.790135017, 35.669185971], [-83.790141159, 35.668118495], [-83.791253257, 35.667575046], [-83.791767499, 35.667178668], [-83.792376479, 35.666880755], [-83.7927193, 35.6666165], [-83.793716168, 35.665790908], [-83.79438739, 35.664845055], [-83.795382873, 35.664730676], [-83.796983059, 35.664066718], [-83.797627844, 35.662892251], [-83.799744476, 35.661817314], [-83.800091761, 35.661557725], [-83.80082474, 35.661388703], [-83.803902191, 35.6599065], [-83.804541066, 35.659045913], [-83.805344111, 35.658195971], [-83.804836522, 35.657210466], [-83.803052003, 35.656878108], [-83.803757782, 35.656370629], [-83.805804215, 35.655288344], [-83.806692874, 35.651975421], [-83.807362401, 35.651250979], [-83.807546103, 35.64821132], [-83.811510821, 35.648296232], [-83.811517226, 35.646979713], [-83.812024155, 35.646037906], [-83.812722619, 35.645001914], [-83.81261793, 35.642346169]], [[-83.311252489, 36.102431416], [-83.312435418, 36.101231911], [-83.31244976, 36.099983382], [-83.314322413, 36.099864889], [-83.316847325, 36.09875401], [-83.318207217, 36.098280768], [-83.318942, 36.097506275], [-83.319375906, 36.096771396], [-83.325612902, 36.092533082], [-83.326974153, 36.091405316], [-83.327480394, 36.091121576], [-83.326903584, 36.090470797], [-83.325272464, 36.089219534], [-83.327237912, 36.087493327], [-83.326862844, 36.086462909], [-83.324702425, 36.085585805], [-83.322572065, 36.085049724], [-83.322231574, 36.085025983], [-83.321734587, 36.084955942], [-83.32123201, 36.084919087], [-83.320900919, 36.084871008], [-83.319916942, 36.084797442], [-83.319648202, 36.08376569], [-83.320343009, 36.082110608], [-83.321264728, 36.080665614], [-83.3206982, 36.078664461], [-83.319217898, 36.07615801], [-83.318069308, 36.075505116], [-83.317004846, 36.075815662], [-83.314030669, 36.076232244], [-83.31271776, 36.076617523], [-83.311940702, 36.075867075], [-83.312042031, 36.075014264], [-83.311903738, 36.074860093], [-83.312097185, 36.074749879], [-83.312537605, 36.074463382], [-83.312924507, 36.07117686], [-83.314466473, 36.069667375], [-83.314129796, 36.068379141], [-83.312563455, 36.065914014], [-83.309715073, 36.064658819], [-83.307431832, 36.063178995], [-83.304748747, 36.06344276], [-83.303276482, 36.064412678], [-83.302312767, 36.066404213], [-83.301881111, 36.066890109], [-83.301422693, 36.067660324], [-83.300992219, 36.067903501], [-83.296680565, 36.067988377], [-83.295616948, 36.067838474], [-83.294301139, 36.068225348], [-83.293150486, 36.06838707], [-83.291058263, 36.068821593], [-83.289343662, 36.069326145], [-83.286435887, 36.07074588], [-83.284144491, 36.072970784], [-83.284695834, 36.074161812], [-83.284805249, 36.074659243], [-83.28352375, 36.075406576], [-83.282984263, 36.076263071], [-83.282763327, 36.077806262], [-83.281658744, 36.078243133], [-83.279930221, 36.0783892], [-83.278103041, 36.079213077], [-83.277009373, 36.079632076], [-83.275087478, 36.080498541], [-83.273260254, 36.07977022], [-83.27278003, 36.079585621], [-83.273034277, 36.080793382], [-83.273909499, 36.081996008], [-83.274084381, 36.082842582], [-83.274927964, 36.083997452], [-83.275111043, 36.085548107], [-83.276898587, 36.086747258], [-83.279999458, 36.090980332], [-83.281046422, 36.091952118], [-83.281357736, 36.092321275], [-83.281120469, 36.093286208], [-83.281353929, 36.094147484], [-83.281528923, 36.09499404], [-83.281936862, 36.095842354], [-83.283081842, 36.09690909], [-83.285401182, 36.096845297], [-83.287177515, 36.095445676], [-83.288545194, 36.095759135], [-83.289567709, 36.095558338], [-83.290788569, 36.094339855], [-83.291906642, 36.093824087], [-83.292480023, 36.09235881], [-83.292687061, 36.092262747], [-83.294569146, 36.092354646], [-83.295076441, 36.091908545], [-83.29673037, 36.092425743], [-83.297068208, 36.092873712], [-83.299875757, 36.093512344], [-83.302022728, 36.096354388], [-83.302135096, 36.097479251], [-83.303164181, 36.098339079], [-83.304659752, 36.099041902], [-83.305997735, 36.099877757], [-83.306286157, 36.101027788], [-83.305467115, 36.10186077], [-83.304986274, 36.10292], [-83.304278968, 36.103640353], [-83.305339136, 36.105652189], [-83.307666326, 36.106030102], [-83.308999425, 36.106172777], [-83.308965395, 36.105478644], [-83.308755724, 36.104332834], [-83.311252489, 36.102431416]], [[-82.064440178, 36.680857201], [-82.066394541, 36.679520401], [-82.06579367, 36.678583228], [-82.068796357, 36.676518627], [-82.069570242, 36.675555796], [-82.073233598, 36.673777558], [-82.073414764, 36.673652777], [-82.074677717, 36.673408883], [-82.077204174, 36.672244415], [-82.078034357, 36.671165458], [-82.079579023, 36.671003012], [-82.081371953, 36.670370424], [-82.08309062, 36.670278976], [-82.08385918, 36.668439974], [-82.083871298, 36.667959237], [-82.084519246, 36.667368645], [-82.084119058, 36.666660092], [-82.083969583, 36.665769297], [-82.082938637, 36.663838917], [-82.081308778, 36.663354928], [-82.07982418, 36.662092723], [-82.080096253, 36.661709969], [-82.079942369, 36.660556421], [-82.078972413, 36.659303461], [-82.078134639, 36.657915762], [-82.077593526, 36.657518515], [-82.077486748, 36.65734534], [-82.077327271, 36.656967233], [-82.076915434, 36.656737323], [-82.076938557, 36.655595951], [-82.075101942, 36.653197153], [-82.076767188, 36.651483948], [-82.075125623, 36.649344741], [-82.075800424, 36.648882104], [-82.07689783, 36.648333427], [-82.07624384, 36.646965015], [-82.07846286, 36.646196145], [-82.07748727, 36.645304102], [-82.077960851, 36.644815866], [-82.07766427, 36.643696401], [-82.078096733, 36.64307014], [-82.077925051, 36.642929569], [-82.078110516, 36.642437325], [-82.077606814, 36.641481905], [-82.079467236, 36.64012559], [-82.079843323, 36.639213602], [-82.080352728, 36.639120767], [-82.08244802, 36.639128328], [-82.083223271, 36.638871934], [-82.083223105, 36.638184627], [-82.083805784, 36.637383432], [-82.083807011, 36.637104431], [-82.084148148, 36.636207392], [-82.087209422, 36.635623334], [-82.088406263, 36.63471187], [-82.089256427, 36.634627012], [-82.089240467, 36.633679873], [-82.089508562, 36.632915996], [-82.088916499, 36.631760001], [-82.088771717, 36.630901461], [-82.088281814, 36.629943466], [-82.089221073, 36.6295095], [-82.089898937, 36.628326047], [-82.090835673, 36.628134971], [-82.090320228, 36.627127481], [-82.090983356, 36.625233876], [-82.089865576, 36.624832865], [-82.089326615, 36.623822624], [-82.088772637, 36.623351998], [-82.088414681, 36.622618738], [-82.088096551, 36.622317297], [-82.085739239, 36.619472955], [-82.085372324, 36.618744979], [-82.08446379, 36.618340818], [-82.082336818, 36.619323464], [-82.081723365, 36.619774235], [-82.080718257, 36.618411363], [-82.079211651, 36.617873927], [-82.078204409, 36.617855771], [-82.076976061, 36.617073742], [-82.073299275, 36.616403439], [-82.073177551, 36.616239077], [-82.072888297, 36.616385062], [-82.072719762, 36.618391353], [-82.071153984, 36.618572275], [-82.069090586, 36.622049133], [-82.066930656, 36.625182673], [-82.066151999, 36.626775111], [-82.064869091, 36.6274162], [-82.064138095, 36.628910572], [-82.063571854, 36.62919337], [-82.063738253, 36.629705558], [-82.063529141, 36.630137929], [-82.063609958, 36.630821992], [-82.063359081, 36.630919574], [-82.062492044, 36.631695934], [-82.062563397, 36.632459255], [-82.061915965, 36.633792082], [-82.063052721, 36.635265659], [-82.062761387, 36.635866068], [-82.062799699, 36.636276585], [-82.062426155, 36.637045034], [-82.062578419, 36.638663724], [-82.061646444, 36.640202287], [-82.061982928, 36.641922856], [-82.060360973, 36.642644867], [-82.058719968, 36.642924753], [-82.057718681, 36.643287825], [-82.057164606, 36.643333055], [-82.057571865, 36.643801488], [-82.058888621, 36.645099443], [-82.055681293, 36.648907785], [-82.055217345, 36.6492004], [-82.054141749, 36.649459603], [-82.054311308, 36.650612958], [-82.055475521, 36.651224833], [-82.055617816, 36.65249554], [-82.056146422, 36.653016216], [-82.055955182, 36.654425593], [-82.055889953, 36.654688666], [-82.055761809, 36.655631699], [-82.054574464, 36.657561243], [-82.05267487, 36.658935947], [-82.052533816, 36.659962064], [-82.051412069, 36.660395626], [-82.050495522, 36.660690321], [-82.050160414, 36.660651155], [-82.050110867, 36.66091606], [-82.051687397, 36.662056205], [-82.052616568, 36.663482309], [-82.054363399, 36.662867992], [-82.054840359, 36.663092902], [-82.054995174, 36.663237878], [-82.05504583, 36.664683971], [-82.054193301, 36.665580435], [-82.053714636, 36.666423296], [-82.055425365, 36.668048531], [-82.054166286, 36.669373331], [-82.054377549, 36.670203748], [-82.054359721, 36.671157549], [-82.054989727, 36.672438691], [-82.055155266, 36.673342008], [-82.056828221, 36.674869732], [-82.055995421, 36.676075162], [-82.055255631, 36.677798999], [-82.055575768, 36.678462367], [-82.055752989, 36.679417797], [-82.056642022, 36.680230081], [-82.056419879, 36.680988716], [-82.057048505, 36.681963024], [-82.0584632, 36.682039411], [-82.059318181, 36.683105691], [-82.060241663, 36.682818058], [-82.061633643, 36.682257329], [-82.063171291, 36.681003034], [-82.064440178, 36.680857201]], [[-83.705277134, 36.423687643], [-83.70545383, 36.425189198], [-83.706022446, 36.426037001], [-83.706197064, 36.42688635], [-83.706866265, 36.428807954], [-83.707333693, 36.429413208], [-83.708721537, 36.42842964], [-83.711323757, 36.427811836], [-83.713189517, 36.429316625], [-83.714107144, 36.430421906], [-83.715126836, 36.431326702], [-83.713675315, 36.432082229], [-83.713045474, 36.43253212], [-83.712123603, 36.434519596], [-83.711628342, 36.435268203], [-83.711865713, 36.436092352], [-83.712073489, 36.437097015], [-83.713235512, 36.438124099], [-83.713497331, 36.438442264], [-83.713657809, 36.438583295], [-83.714047172, 36.438285843], [-83.715935278, 36.438292683], [-83.717911473, 36.439141996], [-83.719308073, 36.439030611], [-83.721644086, 36.437245768], [-83.722987752, 36.436791303], [-83.723998053, 36.436796208], [-83.724706075, 36.436940873], [-83.72549313, 36.435872032], [-83.725994677, 36.43536034], [-83.725998557, 36.434719325], [-83.726577367, 36.43393075], [-83.728250009, 36.433124001], [-83.729405328, 36.432242866], [-83.730574827, 36.432103761], [-83.730921344, 36.43183983], [-83.731126478, 36.431740684], [-83.731289931, 36.431879887], [-83.734872313, 36.432571454], [-83.736548166, 36.433581545], [-83.737175492, 36.435308687], [-83.738291467, 36.436261133], [-83.740474271, 36.437295881], [-83.740639953, 36.438121004], [-83.741859033, 36.438134573], [-83.743279032, 36.437424009], [-83.745117988, 36.437324065], [-83.746000595, 36.435359815], [-83.745467466, 36.434454723], [-83.745301733, 36.433743537], [-83.745819448, 36.43352249], [-83.744179502, 36.431381125], [-83.743200028, 36.430928041], [-83.742560787, 36.429094217], [-83.740867892, 36.427700563], [-83.740874201, 36.426734886], [-83.742146494, 36.425673685], [-83.742104104, 36.424078473], [-83.740648964, 36.422337917], [-83.739900305, 36.420994953], [-83.738440518, 36.420340475], [-83.738138737, 36.419355744], [-83.737993359, 36.417984116], [-83.737683605, 36.416966912], [-83.738203463, 36.415366247], [-83.737888468, 36.414462437], [-83.737403319, 36.414062259], [-83.737355471, 36.410582308], [-83.737747544, 36.410006568], [-83.736999311, 36.409507569], [-83.735991032, 36.409167467], [-83.735339779, 36.408758616], [-83.733893015, 36.409261631], [-83.73247742, 36.408923867], [-83.732286008, 36.409037082], [-83.731490544, 36.409769601], [-83.728832501, 36.409791236], [-83.72812428, 36.411241662], [-83.726175191, 36.411530384], [-83.725650668, 36.412134648], [-83.724961836, 36.413287448], [-83.722852231, 36.413597562], [-83.721171782, 36.413869584], [-83.718299233, 36.413527077], [-83.717316418, 36.414103057], [-83.716384205, 36.414694798], [-83.714295086, 36.414749464], [-83.713011997, 36.415566636], [-83.711372979, 36.416526435], [-83.710468656, 36.41756411], [-83.710412161, 36.41786001], [-83.710694183, 36.418963081], [-83.71021967, 36.418920466], [-83.707998381, 36.417703848], [-83.706196215, 36.418522265], [-83.700050102, 36.417733898], [-83.699742165, 36.418200071], [-83.699614281, 36.420389721], [-83.700371244, 36.420883536], [-83.70404652, 36.421815692], [-83.704487043, 36.422989998], [-83.705277134, 36.423687643]], [[-82.40220045, 36.806497804], [-82.401121642, 36.805715768], [-82.400764108, 36.804593007], [-82.399593232, 36.804696618], [-82.398528707, 36.804892623], [-82.396493625, 36.803948974], [-82.395510619, 36.802643045], [-82.395319582, 36.802046439], [-82.393882505, 36.800293618], [-82.393079128, 36.799031336], [-82.391518429, 36.799553386], [-82.389335501, 36.799038728], [-82.386498763, 36.799565587], [-82.384523896, 36.798880067], [-82.383375468, 36.797982119], [-82.382368208, 36.797630736], [-82.381289312, 36.797085192], [-82.380727598, 36.797315028], [-82.380091383, 36.798728444], [-82.378284602, 36.79946749], [-82.377274674, 36.801385763], [-82.377009294, 36.801738102], [-82.375685452, 36.802238325], [-82.373851181, 36.803170753], [-82.373498147, 36.803065019], [-82.372254519, 36.803360872], [-82.371433255, 36.805344992], [-82.370260422, 36.807405305], [-82.368347961, 36.806992955], [-82.366641086, 36.808252626], [-82.365072893, 36.807832956], [-82.363504747, 36.806842588], [-82.362226869, 36.80714924], [-82.362164504, 36.809596061], [-82.361406681, 36.811202695], [-82.36119872, 36.811299466], [-82.36040766, 36.810820374], [-82.359193819, 36.809870344], [-82.358398099, 36.810557438], [-82.357762938, 36.812108294], [-82.357141416, 36.811800694], [-82.355819773, 36.810766471], [-82.354767315, 36.810836668], [-82.354798841, 36.811527202], [-82.354991257, 36.812743362], [-82.352323671, 36.813950366], [-82.35158074, 36.814115031], [-82.349344546, 36.815233801], [-82.347840038, 36.815328462], [-82.345542939, 36.816968642], [-82.345464615, 36.817936223], [-82.344897527, 36.818763478], [-82.344312317, 36.819967013], [-82.342758744, 36.820313891], [-82.3417937, 36.820797684], [-82.340877529, 36.82267997], [-82.339932578, 36.823857222], [-82.339663697, 36.823993509], [-82.339836556, 36.8257824], [-82.339946631, 36.826190226], [-82.34007529, 36.826350757], [-82.340583229, 36.826810339], [-82.341208442, 36.827653199], [-82.340236456, 36.828656163], [-82.337528685, 36.830018975], [-82.338876652, 36.832020225], [-82.339462829, 36.831922271], [-82.341074075, 36.832211866], [-82.344418086, 36.835123546], [-82.343689412, 36.837648663], [-82.344097153, 36.838494152], [-82.343574158, 36.840307182], [-82.344857799, 36.841214557], [-82.346769369, 36.840350441], [-82.348365861, 36.840283138], [-82.350810539, 36.842299364], [-82.353296575, 36.842424316], [-82.353963376, 36.843246449], [-82.356942431, 36.84426452], [-82.358371372, 36.844336499], [-82.358926345, 36.845023262], [-82.360153545, 36.846137483], [-82.360056796, 36.846475203], [-82.360023322, 36.8468772], [-82.359785602, 36.84770612], [-82.360084579, 36.848824466], [-82.359126891, 36.849617843], [-82.360115228, 36.85051461], [-82.359746358, 36.851795691], [-82.361417703, 36.852301047], [-82.362793826, 36.853144739], [-82.362898809, 36.856141079], [-82.365042044, 36.857729435], [-82.365391333, 36.858705529], [-82.36541133, 36.860717812], [-82.365023998, 36.862055976], [-82.366080482, 36.862582094], [-82.365777028, 36.863638138], [-82.366761136, 36.864530105], [-82.369270653, 36.865130748], [-82.369477563, 36.866225875], [-82.37117174, 36.86735503], [-82.371576316, 36.866376011], [-82.373727722, 36.865477447], [-82.375155444, 36.865221442], [-82.376486452, 36.865508162], [-82.377297684, 36.863347442], [-82.378162376, 36.862710316], [-82.3789947, 36.862323125], [-82.379800747, 36.861727929], [-82.38066157, 36.861551096], [-82.382237122, 36.861043418], [-82.385017814, 36.861084908], [-82.386686358, 36.861035813], [-82.388803107, 36.860016833], [-82.390043996, 36.85963798], [-82.391273645, 36.860375874], [-82.392556581, 36.860441381], [-82.396838664, 36.858370681], [-82.398105919, 36.858125784], [-82.398280244, 36.85799342], [-82.39832869, 36.8577284], [-82.398664859, 36.857766592], [-82.399136491, 36.856110378], [-82.400371008, 36.854914911], [-82.401696129, 36.854323609], [-82.401984057, 36.853994912], [-82.402371088, 36.853138538], [-82.402610582, 36.853074862], [-82.402818606, 36.852978022], [-82.404532446, 36.852870443], [-82.406644361, 36.850715729], [-82.410628831, 36.850709484], [-82.413383266, 36.851303213], [-82.414436434, 36.850526644], [-82.41534868, 36.849332526], [-82.416352142, 36.849224485], [-82.418193365, 36.849181899], [-82.419379779, 36.848306288], [-82.421231008, 36.847444793], [-82.423173178, 36.845820084], [-82.424392723, 36.845687882], [-82.425622874, 36.845468108], [-82.426363404, 36.844920177], [-82.426987313, 36.844629533], [-82.428018844, 36.843867323], [-82.428057068, 36.842290842], [-82.428527324, 36.841828494], [-82.429097698, 36.841081621], [-82.431358541, 36.84102937], [-82.432867423, 36.84039732], [-82.434371433, 36.840085934], [-82.436726398, 36.83932571], [-82.437959339, 36.838810271], [-82.438503381, 36.83875145], [-82.438282122, 36.837935985], [-82.438185206, 36.835864476], [-82.437964714, 36.835044868], [-82.438062606, 36.834698801], [-82.434448457, 36.831958171], [-82.434221927, 36.830524983], [-82.434656064, 36.82901029], [-82.433950927, 36.827556662], [-82.434057382, 36.826237296], [-82.435355524, 36.824892395], [-82.434992464, 36.824164392], [-82.432742594, 36.823571199], [-82.432140929, 36.821903144], [-82.42979909, 36.821785541], [-82.429244719, 36.819829061], [-82.427880813, 36.819006536], [-82.426713925, 36.81874949], [-82.423634313, 36.815978135], [-82.422541515, 36.81530042], [-82.422373666, 36.815163021], [-82.422119624, 36.814367017], [-82.420098982, 36.813429699], [-82.419978203, 36.811374403], [-82.419858406, 36.811208637], [-82.419552911, 36.810797769], [-82.418599124, 36.810592288], [-82.416677938, 36.810564404], [-82.414833697, 36.809365913], [-82.411916848, 36.806910635], [-82.411128513, 36.806430103], [-82.409958876, 36.806174665], [-82.405867986, 36.805177295], [-82.404359539, 36.806601577], [-82.40220045, 36.806497804]]]}, "properties": {"arm": "276", "name": "Baker Spring Branch", "comid": 19650136, "kind": "aboveHead"}}