id,fullPoolFt,basis,conf,winterPoolFt,source,note
Abiquiu Lake|NM,6220.0,fullPool,high,,CWMS Abiquiu.Elev.Inst.0.Top of Conservation (max),
Alamo|AZ,1160.4,fullPool,low,,CWMS Alamo Top of Conservation (= bottom of flood control),flood-control lake normally far below; sheet 1235 is top of flood
Alcova Reservoir|WY,5498.0,fullPool,high,5488.0,https://www.usbr.gov/gp/aop/np/24np.pdf,"USBR holds 5498 (+/-1) May-Sep, 5488 otherwise; top of active conservation 5500; sheet 5500.0"
Allatoona|GA,840.0,fullPool,high,,CWMS Allatoona.Elev.Inst.0.Top of Conservation (max),
Allegheny Reservoir|PA,1327.53,fullPool,high,,CWMS Kinzua.Elev.Inst.0.Top of Conservation (max),sheet 1328.0
Almanor|CA,4494.0,fullPool,high,,https://www.pge.com/assets/pge/docs/about/land-use-and-sales/Almanor-Agreement-Assignment.pdf,"PG&E: 'operating high water line of the lake, which is 4,494 feet (PG&E datum)'. USGS (WDR CA 2000, sta 11399000): gage datum is 10.23 ft below sea level (levels by PG&E), so 4,494 PG&E is about 4,483.8 ft above sea level; USGS max storage limit is 4,495.5 ft gage height. CDEC ALM elevations are PG&E-supplied (PG&E datum). Typical summer peaks are 4,486-4,493."
Alum Creek Lake|OH,888.0,fullPool,high,,CWMS AlumCr.Elev.Inst.0.Top of Normal (max),
American Falls Reservoir|ID,4354.5,fullPool,high,,https://www.usbr.gov/projects/index.php?id=24,"USBR: top of active conservation = normal water surface 4,354.5 ft (1,672,590 AF); max water surface 4,356.2; dam crest 4,366.5."
Amistad Reservoir|TX,1117.0,fullPool,high,,https://www.waterdatafortexas.org/reservoirs/individual/amistad,"Top of conservation pool is 1,117.00 ft NGVD29 and the flood pool runs to 1,140.4. It is an IBWC international reservoir. It was about 60 ft below conservation pool in Sep 2026."
Anderson Ranch Reservoir|ID,4196.0,fullPool,high,,https://www.usbr.gov/pn//studies/boisefeasibility/deis/B22envirojustice.pdf,"USBR: 'current full pool elevation of 4196 feet'; facility data: top of joint use/active conservation 4,196.0 (top of radial gates on the 4,174 crest). USACE CWMS lists Top of Normal 4,194.0 and Max Non-Damaging 4,196.0. Planned 6-ft raise to 4,202 not yet built (news: construction ~2027). Datum per USBR RISE."
Andrews Lake|DE,8.4,fullPool,low,,https://epqs.nationalmap.gov/v1/json?x=-75.51070&y=39.02415&wkid=4326&units=Feet,"No DNREC elevation found (the DNREC pond map gives depth and area only). NHD 'Andrews Lake' (GNIS 00213561, Kent Co.) is at 39.022,-75.513, about 13 km from the input coordinates. 3DEP lidar (spring 2014) shows a flat water surface of 8.43 ft NAVD88 at 12 of 12 points. USGS topo gives 10 ft (older NGVD29). This is a measured surface, not a published full pool. The sheet's 35 is not supported."
Angostura Reservoir|SD,3187.2,fullPool,high,,https://www.usbr.gov/gp/aop/resaloc/angostura.pdf,USBR top of active conservation; sheet 3187.0
Apache|AZ,1914.0,fullPool,high,,https://streamflow.watershedconnection.com/Dwr,"SRP report 26 Sep 2026: Apache Lake (Horse Mesa Dam) at 1,907.26 ft, 93% full, 6.74 ft 'remaining available', so full = 1,914.00 ft (245,138 af). Datum not stated.; sheet 1912.0"
Apopka|FL,66.14,fullPool,high,,https://aws.sjrwmd.com/SJRWMD/hydrologicdata/watercontrol/UORB_Daily_Levels.pdf,"SJRWMD's regulation line (NAVD88): 66.14 from Nov 1 to Mar 1, falling to 65.64 by Jun 1, held there to Aug 1, and rising back to 66.14 by Nov 1. Its 'max desirable' is 66.39 and 'min desirable' 65.39. I read these values from the vector data of SJRWMD's own chart (the current chart plus an archived 2025-03-17 copy that covers 2023-25); they are consistent with the chart's printed regulation value of 65.95 on 2026-09-26. Florida schedules peak in the dry season, so the low pool (65.64) falls in early summer, not winter. SJRWMD now publishes in NAVD88; NGVD29 values are roughly 1 ft higher, so confirm which datum the live gauge uses.; sheet 66.0"
Arkabutla Lake|MS,220.0,fullPool,high,,CWMS Arkabutla Lake.Elev.Inst.0.Top of Guide Curve (max),
Badin Lake|NC,541.1,fullPool,high,,https://www.federalregister.gov/documents/full_text/text/2007/01/08/E6-22679.txt,"Yadkin local (1926 Alcoa) datum, the one the operator's lake level and NWS BADN7 read in; = 509.8 ft USGS datum (FERC); sheet 541.0"
Bankhead|AL,255.0,fullPool,high,,CWMS Bankhead.Elev.Inst.0.Top of Normal (max),
Banks Lake|WA,1570.0,fullPool,high,,https://www.usbr.gov/projects/index.php?id=228,USBR top of active conservation = normal water surface
Barkhamsted Reservoir|CT,530.0,fullPool,low,,"https://hydro.nationalmap.gov/arcgis/rest/services/nhd/MapServer/12/query?where=gnis_id%3D%2700205259%27&outFields=GNIS_NAME,ELEVATION&returnGeometry=false&f=json","MDC publishes only capacity online (30.3 billion gal), not an elevation. USGS NHD/topo gives a water surface of 530 ft. USGS 3DEP lidar shows 526.1 ft NAVD88 (Mar 2016, drought year) and 528.5 ft (2024), which fits a full level near 530 ft NGVD29. Saville Dam has an uncontrolled spillway, so full = crest. The sheet's 720 ft is not supported by any source and is far above the measured water surface."
Barren River Lake|KY,552.0,fullPool,high,,CWMS Barren.Elev.Inst.0.Top of Conservation (max),
Bartlett|AZ,1798.0,fullPool,high,,https://streamflow.watershedconnection.com/dwr,"SRP DWR (Sep 2026): elevation 1,784.98 ft + 13.02 ft 'remaining' (SRP glossary: feet below the maximum conservation storage level) = 1,798.00. USGS 09509502 gage repeatedly caps at ~198.0 ft gage height in wet years, consistent. srpnet.com pages return 403."
Bay Springs Lake|MS,414.0,fullPool,high,,CWMS Whitten Top of Normal (408-414 band),sheet 413
Beaver|AR,1120.43,fullPool,high,,CWMS Beaver_Dam.Elev-Pool.Inst.0.Top of Conservation (min),sheet 1120.0
Becks Pond|DE,24.5,fullPool,low,,https://epqs.nationalmap.gov/v1/json?x=-75.70477&y=39.62426&wkid=4326&units=Feet,"No DNREC elevation found. 3DEP lidar (spring 2014) shows a flat water surface of 24.54 ft NAVD88 at 11 of 12 points in the NHD polygon, so the pond was essentially full. Conflict: USGS NHD/topo gives 31 ft. The 6.5-ft gap may be an old map error or a changed dam; treat the value as uncertain. The sheet's 50 is not supported."
Beech Fork Lake|WV,592.0,fullPool,high,,CWMS BeechFk.Elev.Inst.0.Top of Normal (max),
Beltzville Lake|PA,627.34,fullPool,high,,CWMS Beltzville.Elev.Inst.0.Top of Conservation (max),sheet 627.5
Berlin Lake|OH,1024.01,fullPool,high,,CWMS Berlin.Elev.Inst.0.Top of Conservation (max),
Berryessa|CA,440.0,fullPool,high,,https://www.usbr.gov/projects/index.php?id=186,"Uncontrolled morning-glory ('Glory Hole') spillway: USBR says water spills when the lake rises above 440 ft, so the crest is the normal full level (1,602,000 AF). Dam crest 456."
Big Creek Lake|IA,920.0,fullPool,med,,https://en.wikipedia.org/wiki/Saylorville_Lake,terminal spillway crest 920 ft NGVD (USACE Rock Island); USACE gage PLKI4 median 919.9 over the past year; sheet 896 is ~24 ft below the observed pool
Bighorn Lake|WY,3640.0,fullPool,high,,https://www.usbr.gov/gp/aop/resaloc/bighorn_lake.pdf,USBR top of joint use (active conservation 3614)
Blackshear|GA,237.0,fullPool,high,,https://crispcountypower.com/lake-blackshear,CCPC: 'Normal full pool is 237' msl (mean sea level)'. It also notes that rainfall causes exceptions and that it occasionally makes planned drawdowns (see its /lake-drawdown page). NWS gauge WWCG1 has action stage 237 and minor flood 239. The sheet's 235 is 2 ft low.
Blue Marsh Lake|PA,289.27,fullPool,high,,CWMS BlueMarsh.Elev.Inst.0.Top of Conservation (max),sheet 290.0
Blue Mesa Reservoir|CO,7519.4,fullPool,high,,https://www.usbr.gov/projects/index.php?id=62,"USBR: top of joint use = top of active conservation 7,519.4 ft. Gated spillway crest 7,487.9; dam crest 7,528."
Bluestone Lake|WV,1410.0,fullPool,high,,CWMS Bluestone.Elev.Inst.0.Top of Conservation (max),
Bluewater Lake|NM,7402.6,fullPool,high,,https://pubs.usgs.gov/wdr/2005/wdr-nm-05-1/pdf/wdr-nm-05-1.pdf,"USGS: capacity 38,500 AF at 7,402.6 ft, crest of an uncontrolled (vented) siphon spillway; the ungated overflow spillway over the dam is at 7,405.6 ft (44,200 AF). NM Game & Fish owns the water below the conservation-pool level of 7,365.36 ft. Gage datum NGVD29; USGS 08341400 reports NGVD29 elevation. The lake has not approached full since 2005 (annual peaks 7,360-7,387 ft).; sheet 7400.0"
Bowdish Reservoir|RI,569.0,fullPool,low,,https://hydro.nationalmap.gov/arcgis/rest/services/nhd/MapServer/12,No operator or state figure found. NHD waterbody elevation is 569 ft (average water elevation from the topo map); 3DEP lidar water surface also reads 569.0 ft NAVD88. Sheet 700 is not supported.; sheet 700.0
Bowman-Haley Reservoir|ND,2754.8,fullPool,high,,https://cwms-data.usace.army.mil/cwms-data/levels?office=NWDM&level-id-mask=BOHA.Elev*&unit=EN,Top of Conservation = bottom of flood 2754.8; top of inactive 2740; spillway crest / top of flood 2777; dam 2794. CWMS datum tag 'LOCAL' (values are ft above sea level); no USGS lake gage found.
Box Butte Reservoir|NE,4007.0,fullPool,high,,https://www.usbr.gov/gp/aop/resaloc/box_butte.pdf,"USBR: top of active conservation 4,007.0 ft = service spillway crest (normal full level); aux spillway 4,014; max surface 4,016. Sheet's 3,990 is 17 ft low. Datum per USBR RISE.; sheet 3990.0"
Boysen Reservoir|WY,4725.0,fullPool,high,,https://www.usbr.gov/gp/aop/resaloc/boysen.pdf,USBR top of joint use (active conservation 4717)
Branched Oak Lake|NE,1284.0,fullPool,high,,https://cwms-data.usace.army.mil/cwms-data/levels?office=NWDM&level-id-mask=SC18.Elev*&unit=EN,"Top of Conservation 1284.0; flood pool to uncontrolled spillway crest 1311; dam 1320; record 1287.9. Dam 18 identity matches NWS gauge RAYN1 'Branched Oak Reservoir' (spillway flow ~1311.6, max surcharge 1317.3). Nebraska Game & Parks lake map also cites conservation pool 1284 ft. CWMS datum tag 'LOCAL'.; sheet 1230.0"
Broken Bow Lake|OK,602.5,fullPool,high,599.5,https://cwms-data.usace.army.mil/cwms-data/levels?office=SWT&level-id-mask=BROK.Elev*&unit=EN,"Seasonal conservation pool: CWMS Top of Conservation 599.5 Jan-Apr, rising to 602.5 by early June, held through Sep, back to 599.5 by Nov. SWT lake page lists 'Conservation Pool *602.50 - project has seasonal conservation pool'. 599.5 (sheet) is the top of constant conservation / power pool; flood top 627.5; dam 645."
Brookville Lake|IN,748.0,fullPool,high,,CWMS Brookville.Elev.Inst.0.Top of Conservation (max),
Buckeye Lake|OH,891.6,fullPool,high,888.6,http://web.archive.org/web/20230528025210/https://ohiodnr.gov/discover-and-learn/land-water/inland-lakes/osp-winter-drawdowns,"ODNR lists a standard pool of 891.6' and a desired winter pool of 888.6' (3 ft drawdown mid-Nov to mid-Dec, refill Mar-May). ODNR's Division of Wildlife lake map says 'normal summer pool elevation of 891.75 ft'. ODNR states no datum; the USGS gages on the lake report NGVD29."
Buckhorn Lake|KY,782.0,fullPool,high,,CWMS Buckhorn.Elev.Inst.0.Top of Conservation (max),
Buffalo Bill Reservoir|WY,5393.5,fullPool,high,,https://www.usbr.gov/gp/aop/resaloc/buffalo_bill.pdf,USBR top of active conservation
Bull Shoals Lake|AR,659.0,fullPool,high,,CWMS Bull_Shoals_Dam Top of Conservation (base of 659-662 seasonal pool),sheet 654 is the pre-reallocation power pool
Burnsville Lake|WV,789.0,fullPool,high,,CWMS Burnsville.Elev.Inst.0.Top of Normal (max),
Burton|GA,1866.6,fullPool,high,,https://lakes.southernco.com/default.aspx,Georgia Power lists Burton's Full Elevation as 1866.6 ft; the current reading was 1864.13 on 2026-09-26. NWS gauge TIGG1 (Burton Dam) also uses 1866.6 as its action stage. The sheet's 1866.0 is 0.6 ft low. Georgia Power publishes no winter pool figure.
C.J. Strike Reservoir|ID,2455.0,fullPool,high,,https://pubs.usgs.gov/wdr/2004/wdr-id-04-2/ID04v2-06.pdf,"USGS: total capacity 250,000 AF at 2,455 ft (top of spillway gates); gage datum NGVD29. The reservoir is held within ~1 ft of this all year (WY2004 range 2,454.44-2,455.08), so 2,455 is the operating full pool, not a surcharge. USGS 13171500 now reports gage height above a ~2,400 ft datum (54.48 ft on 2026-09-26). Idaho Power pages render client-side and could not be read."
Caballo Lake|NM,4172.44,fullPool,high,,https://www.usbr.gov/projects/index.php?id=42,"USBR: top of active conservation 4,172.44 ft; gated spillway crest 4,161; flood space above; max water surface 4,186. USBR: stores winter power releases from Elephant Butte for summer irrigation."
Caddo Lake|TX,168.5,fullPool,high,,https://www.waterdatafortexas.org/reservoirs/individual/caddo,"TWDB gives conservation pool 168.50 ft NGVD29. TPWD gives 168.5 ft msl with USACE as controlling authority. Caddo began as a natural lake but is held by a dam built in 1914 and replaced in 1971, so it is treated as regulated."
Caesar Creek Lake|OH,849.0,fullPool,high,,CWMS CaesarCreek.Elev.Inst.0.Top of Conservation (max),
Cagles Mill Lake|IN,639.5,fullPool,high,,CWMS CaglesMill Top of Conservation (summer),sheet 653 matched no normal level
Calamus Reservoir|NE,2244.0,fullPool,high,,https://www.usbr.gov/gp/aop/resaloc/calamus.pdf,"USBR (Virginia Smith Dam): top of active conservation 2,244.0 ft = spillway crest (normal full level); max surface 2,252.8. USBR Hydromet read ~2,243.9 in June 2023. Datum per USBR RISE.; sheet 2230.0"
Candlewood Lake|CT,429.5,fullPool,med,424.0,https://www.firstlightpower.com/annual-drawdown-schedule-for-candlewood-lake-lake-lillinonah-lake-zoar/,"FirstLight: normal summer operating range 427-429.5 ft. Candlewood Lake Authority: full pond 429.5 ft. Winter drawdown target is 424 ft in shallow years and 418-420 ft in deep-drawdown years. Datum not stated. FERC's 2000 notice describes the impoundment as 5,610 acres at 428.1 ft NGVD, and USGS topo shows 429 ft. See the Lillinonah and Zoar notes for a possible datum offset in FirstLight figures. Use 429.5 against FirstLight readings.; sheet 429.0"
Canton Lake|OK,1615.4,fullPool,high,,CWMS CANT.Elev.Inst.0.Top of Conservation (max),
Canyon Ferry Lake|MT,3797.0,fullPool,high,,https://www.usbr.gov/gp/aop/resaloc/canyon_ferry.pdf,"USBR: top of joint use 3,797.0 ft (full pool per definition); USACE CWMS lists 3,797.0 as Top of Conservation. The sheet's 3,800.0 is max water surface / top of exclusive flood control. Top of active conservation 3,770."
Canyon Lake|TX,909.0,fullPool,high,,CWMS SMCT2.Elev.Inst.0.Top of Conservation (max),
Canyon|AZ,1660.5,fullPool,high,,https://streamflow.watershedconnection.com/dwr,"SRP DWR: 1,639.16 ft + 21.34 ft below maximum conservation storage level = 1,660.50 (exactly 0.5 ft above the sheet). Lake is currently drawn down for a fall-2026 dam inspection/maintenance project, so today's level is not representative."
Carlyle Lake|IL,445.0,fullPool,high,,CWMS Carlyle Lk-Kaskaskia.Elev.Inst.0.Summer Guide Curve (max),
Carters|GA,1074.0,fullPool,high,,CWMS Carters.Elev.Inst.0.Top of Conservation (max),
Castle Rock Lake|WI,882.0,fullPool,med,,https://prd-tnm.s3.amazonaws.com/StagedProducts/Maps/HistoricalTopo/PDF/WI/24000/WI_Dellwood_500334_1983_24000_geo.pdf,"USGS maps label the flowage 'ELEVATION 882', the reference level for the maps' depth contours. WRPCO publishes no number but says the flowage must be full at normal summer level by May 1 and may fluctuate no more than 1 ft from Jun 15 to Feb 1. Its spring flood drawdown starts in February, sized to the snowpack. WPS/WRPCO live headwater was 881.75 on 2026-09-26."
Catherine|AR,305.0,fullPool,med,300.0,https://www.federalregister.gov/documents/full_text/text/1998/03/04/98-5514.txt,"FERC 1998 (Remmel Dam): '1,940-acre reservoir at elevation 305 feet msl datum'. FERC's 2001 notice lists '1,642 acres ... at El. 304 msl', so the two agency figures disagree by 1 ft. Entergy publishes no elevation figure. Its FERC license limits daily fluctuation to 24 inches. USGS 07359000 (2024-26): summer median 304.1, p95 304.4, max 304.9, which fits 305 being the top of the normal band. Winter: Entergy's standard FERC-approved drawdown is 5 ft, starting Nov 1 with refill by about Mar 15, so ~300 (derived). Some years it is only 3 ft, and in Dec-Jan 2025 Catherine went 2 ft lower still. USGS winter median ~299. The sheet's 302 matches neither agency figure."
Cave Run Lake|KY,730.0,fullPool,high,,CWMS CaveRun.Elev.Inst.0.Top of Conservation (max),
Cecil M. Harden Lake|IN,662.0,fullPool,high,,CWMS CMHarden Top of Conservation (summer),sheet 660
Cedar Bluff Reservoir|KS,2144.0,fullPool,high,,https://www.usbr.gov/gp/aop/resaloc/cedar_bluff.pdf,"USBR: top of active conservation 2,144.0 ft (USACE CWMS agrees); exclusive flood control to 2,166.0 (spillway crest); max surface 2,192. Datum per USBR RISE."
Cedar Creek Reservoir|TX,322.0,fullPool,high,,https://www.waterdatafortexas.org/reservoirs/individual/cedar-creek,TWDB gives conservation pool 322.00 ft NGVD29 (TRWD).
Center Hill Lake|TN,648.0,fullPool,high,627,"USACE published pool, inside TVA summer zone 640.5-648 (CEHT1)",
Chatfield Reservoir|CO,5444.0,fullPool,high,,CWMS NWDM CHFI Top of Conservation,sheet 5432.0
Cheat Lake|WV,870.0,fullPool,high,857.0,https://www.govinfo.gov/content/pkg/FR-2023-06-16/html/2023-12943.htm,"FERC: 72,300 ac-ft at normal water surface 870 ft NGVD29; normal minimum 857 ft. Operating bands: 868-870 May 1-Oct 31; 857-870 Nov 1-Mar 31; 863-870 in April. The sheet's 868 is the bottom of the summer band. winterPoolFt is the lower limit of the winter band, not a fixed target."
Cheney Reservoir|KS,1421.6,fullPool,high,,CWMS CHEN.Elev.Inst.0.Top of Conservation (max),
Cherokee Lake|TN,1070.8,fullPool,high,1039,TVA operating guide max (June fill target) (CRKT1),sheet 1075.0 = top of gates
Cherry Creek Reservoir|CO,5550.0,fullPool,high,,CWMS NWDM CHCR Top of Multipurpose,
Chesuncook Lake|ME,941.59,fullPool,high,,https://www.federalregister.gov/documents/2024/10/22/2024-24378/notice-of-application-tendered-for-filing-with-the-commission-and-establishing-procedural-schedule,"Ripogenus impoundment (Chesuncook): 29,270 ac at normal full pond 941.59 ft NGVD29. Storage reservoir with up to 44 ft of drawdown (to 897.59); no fixed winter target.; sheet 942.0"
Chickahominy Lake|VA,,,,,,"no published pool; Walkers Dam is a low-head tidal barrier, GNIS ~3 ft, lidar 1-2 ft NAVD88 near the dam; the sheet's 23 is not plausible"
Chickamauga Lake|TN,682.5,fullPool,high,676,TVA top of summer operating zone (CKDT1),
Chippewa Flowage|WI,1313.0,fullPool,high,,https://dnr.wisconsin.gov/sites/default/files/topic/Watersheds/chippewaFlowageFMP807.pdf,"WDNR: 'Normal Full Pool Elevation 1313.0 feet above mean sea level'. Under Xcel/NSPW's FERC exemption the summer pool is held at 1310.0-1313.0 (normal full level), and may reach 1315.0 only in unusual circumstances. Winter: the license allows a normal maximum drawdown to 1300.0 (absolute limit 1297.0), but since 1998 winter drawdowns have been only 4-5 ft, so there is no fixed winter pool. winterPoolFt left null for that reason."
Clarks Hill / J.S. Thurmond|GA,330.0,fullPool,high,,CWMS Thurmond.Elev.Inst.0.Top of Conservation (max),
Claytor Lake|VA,1846.0,fullPool,high,,https://www.govinfo.gov/content/pkg/FR-2009-07-09/html/E9-16158.htm,"FERC notice: 4,472-acre reservoir, 225,000 ac-ft at normal pool 1,846.0 ft NGVD. Operating bands: 1,845-1,846 ft from Apr 1 to Nov 30 (levelized flow) and 1,844-1,846 ft from Dec 1 to Mar 31 (peaking). AEP's claytorhydro.com also gives normal full pool 1846.0 ft. No separate winter pool."
Clearwater Lake|MO,498.0,fullPool,high,,CWMS Clearwater_Dam.Elev-Pool.Inst.0.Top of Conservation (max),
Clinton Lake|IL,690.0,fullPool,high,,https://www.nrc.gov/docs/ML0619/ML061930264.pdf,"NRC: 74,200 AF 'at the normal pool level elevation of 210 m (690 ft) above MSL. The normal pool level is the height of the crest of the service spillway'; flood storage extends to the auxiliary spillway crest at 700 ft. Cooling lake for Clinton Power Station. nrc.gov blocks direct fetch; read via Wayback copy of the same PDF."
Clinton Lake|KS,875.5,fullPool,high,,CWMS NWDM CLIN Top of Multi-Purpose,
Cochiti Lake|NM,5345.5,fullPool,high,,CWMS Cochiti Top of Conservation (permanent pool),sheet 5335
Coeur d'Alene|ID,2128.0,fullPool,high,,https://www.myavista.com/about-us/celebrate-our-rivers/water-flow-information,"Avista (Sep 2026): lake at 2,127.12, 'about 11 inches below its maximum summer level', which gives 2,128.0; fall drawdown underway, end-of-October target 2,125.50. Elevations are on the local USGS/Avista datum: USGS 12415500 gage datum 2,100.00 ft = 2,097.00 ft NGVD29 (1947 adj.), so 2,128 local is about 2,125.0 NGVD29; live elevation = USGS gage height + 2,100. Avista states no winter pool."
Columbus Lake|MS,164.0,fullPool,high,,CWMS Stennis Top of Normal (162-164 band),sheet 163 is mid-band
Conchas Lake|NM,4201.0,fullPool,high,,CWMS Conchas.Elev.Inst.0.Top of Conservation (max),
Concord Pond|DE,7.6,fullPool,low,,https://epqs.nationalmap.gov/v1/json?x=-75.54292&y=38.64454&wkid=4326&units=Feet,"No DNREC elevation found. NHD Concord Pond (GNIS 00213824, near Seaford) is at 38.644,-75.546. 3DEP lidar (spring 2014) shows a water surface of 7.55 ft NAVD88 at 11 of 12 points. This is a measured surface, not a published full pool. The sheet's 20 is not supported."
Conowingo Reservoir|MD,109.2,fullPool,low,,https://en.wikipedia.org/wiki/Conowingo_Dam,"Constellation/Exelon and FERC documents could not be reached this session (the web-search budget ran out). Wikipedia gives normal elevation 109.2 ft and a 1972 Agnes crest of 111.5 ft. 3DEP lidar (fall 2020) shows 105.3 ft NAVD88, which fits a daily-cycling peaking pond below full. Verify the datum against Constellation's FERC filings before use."
Coralville Lake|IA,683.0,fullPool,high,,CWMS CRVI4.Elev-Pool.Const.0.Top of Conservation (max),
Crab Orchard Lake|IL,405.0,fullPool,high,,https://iris.fws.gov/APPS/ServCat/DownloadFile/40334?Reference=40611,"USFWS lists Crab Orchard spillway elevation 405.0 (dam crest 415, being raised to 420.7) and reports lake level relative to the spillway (1987 low was '13 inches below spillway'). The spillway is a fixed-crest concrete sill, so the crest is the normal full level. Secondary fishing sources also say normal lake elevation is 405 ft msl."
Cranberry Lake|NY,1486.43,fullPool,high,,https://pubs.usgs.gov/wdr/2005/wdr-ny-05-1/wdrny051.rept.data.pdf,"Natural lake raised by an 1867 dam and managed for storage. Spillway crest 1,486.43 ft (110 ft long); gauge datum is 1,469.75 NGVD29, so the crest reads 16.68 ft. The lake refills to about the crest each spring (Apr-May 2005 month-ends 1486.55-1486.85). Sheet 1497 is wrong.; sheet 1497.0"
Crescent Lake|OR,4845.0,fullPool,med,,https://www.tumalo.org/files/4727769ed/Water+User%27s+Handbook.pdf,"TID: 'Crescent Lake (elevation 4,845)... active storage capacity of 86,050 acre-feet' on top of the natural lake. The OWRD capacity curve for gage 14059500 puts 86,050 AF at 4,845.32 ft (the curve runs from 4,821.50 = 0 AF to 4,853.0). OWRD reports midnight stage as elevation (4,826.05 ft, 9,240 AF on 2026-09-25). The sheet's 4,839 corresponds to only ~61,600 AF."
Cross Lake|LA,171.1,fullPool,med,,https://water.noaa.gov/gauges/crll1,"The NWS impact statement at 173 ft says the Shreveport water plant opens the gates and keeps them open 'until the lake recedes to near the 171.1 foot conservation pool stage'. LDWF (AVCP 2021) reported the lake about 5.5 in below pool stage on 2020-08-04, when USGS 07344480 read 170.73, which implies a pool of ~171.2. The lake is a City of Shreveport water supply with a timber/concrete weir spillway and 4 hinged crest gates (3 ft); it has no drawdowns. The NWS stage is USGS 07344480 gage height (gage datum -0.13 ft NAVD88); no datum is stated for 171.1. NWS action stage is 172.5. The sheet's 172.0 is 0.9 ft high. I found no City of Shreveport figure."
Dale Hollow Lake|TN,651.0,fullPool,high,635,"USACE published pool, inside TVA summer zone 644.7-651 (DLHT1)",
Dardanelle|AR,338.0,fullPool,high,,CWMS LD10_Dardanelle.Elev-Pool.Inst.0.Top of Normal (max),
DeGray|AR,408.0,fullPool,high,,CWMS Degray Lake.Elev.Inst.0.Top of Conservation (max),
Deep Creek Lake|MD,2462.0,fullPool,med,,https://waterdata.usgs.gov/monitoring-location/USGS-03075871/,"USGS publishes reservoir elevation (parameter 00062) on the 'Historical Spillway Datum 2462' alongside NAVD88 (62615), and states NAVD88 = spillway datum + 1.82 ft. So the spillway crest, 2462.0 ft on the local datum, is 2463.82 ft NAVD88. The spillway is ungated and the lake is operated below it within MDE rule bands, so the crest is the full level. Latest reading (2026-09-26): 2459.18 local / 2461.00 NAVD88. The operator's (Brookfield) rule-band page was unreachable, so winter targets are not given."
Deer Creek Reservoir|UT,5417.0,fullPool,high,,https://www.usbr.gov/projects/index.php?id=76,USBR top of active conservation
Detroit Lake|OR,1563.5,fullPool,high,,CWMS NWDP DET Top of Conservation,
Devil's Kitchen Lake|IL,510.0,fullPool,high,,https://iris.fws.gov/APPS/ServCat/DownloadFile/40334?Reference=40611,"USFWS gives Devils Kitchen Dam spillway elevation 510.0 (1987 max 510.45, min 508.90). The main spillway is uncontrolled (554 ft wide), so the crest is the normal full level. The auxiliary spillway crest was later raised to 514 (GFT project page). The sheet's 540 is wrong."
Dillon Reservoir|CO,9017.0,fullPool,high,,https://www.denverwater.org/your-water/water-supply-and-planning/reservoir-levels,"Denver Water CSV (2026-09-24): Full Elevation 9,017 ft, capacity 257,304 AF; current 8,983.45 ft (65%). Datum not stated."
Don Pedro|CA,830.0,fullPool,high,802.0,https://www.tid.org/facilities/don-pedro-reservoir/,"TID: full at 830 ft (2,030,000 AF). USGS WDR CA 2000: 830.0 ft is the top of the uncontrolled spillway. USACE CWMS: top of gross pool 830.0 (surcharge 850, dam 855). winterPoolFt 802.0 = bottom of flood-control reservation (340,000 AF space) in the USACE 1972 water control manual, i.e. the flood-season cap. CDEC DNP (TID levels) matches the USGS NGVD29 series (788.0 vs 787.98 on 2026-09-26), not NAVD88 (790.57)."
Douglas Lake|TN,993.88,fullPool,high,948,TVA operating guide max (June fill target) (DUGT1),sheet 1002.0 = top of gates
Douthat Lake|VA,1444.2,fullPool,low,,https://epqs.nationalmap.gov/v1/json?x=-79.80241&y=37.90559&wkid=4326&units=Feet,"No DCR or DWR elevation found; their pages give only the 50-acre size and the CCC dam and spillway. USGS 3DEP lidar (spring 2018) shows one flat water surface of 1,444.24 ft NAVD88 at all 12 sampled points in the NHD lake polygon. USGS NHD/topo gives 440.7 m (about 1,445.9 ft, older map datum). This is a measured water surface, not a published full pool; it should be close to the fixed spillway crest. The sheet's 1,450 is not supported. The input coordinates are about 1.2 km south of the lake."
Dworshak Reservoir|ID,1600.0,fullPool,high,,CWMS NWDP DWR Top of Normal,
Eagle Creek Reservoir|IN,790.0,fullPool,high,,https://www.in.gov/drought/files/drought-water-soil-conditions-08072025.pdf,"IDNR's table of Citizens-managed reservoirs gives normal pool 790. Its footnote says NAVD88, but USGS gage 03353450 reports in NGVD29 and its readings match the table's current values, so this is NGVD29 (NAVD88 = NGVD29 - 0.39 here). Design pool was 790 and the flood-control level 811.5; the sheet's 810 is near the flood level."
Eagle Lake|MS,76.9,fullPool,med,75.0,https://www.wlf.louisiana.gov/news/vicksburg-district-begins-drawdown-at-eagle-lake,"Oxbow regulated by USACE Muddy Bayou Control Structure. Under the Eagle Lake Water Level Management Agreement, 75 ft is the designated normal winter elevation, then raised with rainfall to 76.9 ft through winter and spring; periodic fishery drawdowns to ~70 ft. 76.9 is the normal high level but is not explicitly labelled 'summer pool'. Datum not stated (MVK gages are NGVD29). MVK pages returned 403.; sheet 72.0"
Eagle Nest Lake|NM,,,,,,"no agency full-pool elevation; the 2019 peak of 8,180.85 ft NGVD29 held 51,240 of 79,120 AF, so full is higher but unpublished; the sheet's 8,300 is implausible"
East Lake Tohopekaliga|FL,58.0,fullPool,high,,https://cwms.sec.usace.army.mil/cwms-data/timeseries?name=E%20Tohopekaliga.Elev-Zone.Inst.~1Day.0.ZoneB_NGVD&office=SAJ&unit=EN&begin=2025-01-01T00:00:00Z&end=2026-01-01T00:00:00Z,"The regulation line (the one USACE reports daily departures from): 58.0 ft NGVD from Nov 1 to Mar 1, declining to 55.0 by Jun 1, 56.5 in Jul-Aug, and rising back to 58.0 by Nov 1. On 2026-09-26 the lake was at 56.98 against a regulation of 56.92. The low point (55.0) is in early summer, which is why winterPoolFt is null."
East Lynn Lake|WV,662.0,fullPool,high,,CWMS EastLynn.Elev.Inst.0.Top of Normal (max),
El Dorado Lake|KS,1339.0,fullPool,high,,CWMS ELDR.Elev.Inst.0.Top of Conservation (max),
El Vado Lake|NM,6902.0,fullPool,high,,https://www.usbr.gov/projects/index.php?id=96,"USBR: top of active conservation 6,902.0 ft; max water surface 6,908.6; dam crest 6,914.5."
Elephant Butte Reservoir|NM,4407.0,fullPool,high,,https://www.usbr.gov/projects/index.php?id=94,"USBR: top of active conservation 4,407.0 ft (2,109,423 AF at 4,407); dam crest 4,414."
Eleven Mile Reservoir|CO,8597.0,fullPool,high,,https://www.denverwater.org/your-water/water-supply-and-planning/reservoir-levels,"Denver Water CSV: Full Elevation 8,597 ft, capacity 97,779 AF; 8,596.53 ft (98% full) on 2026-09-24. The sheet's 8,564 is about 33 ft low."
Enid Lake|MS,250.0,fullPool,high,,CWMS Enid Lake.Elev.Inst.0.Top of Guide Curve (max),
Eufaula / W.F. George|AL,190.0,fullPool,high,188.0,https://water.sam.usace.army.mil/wfg-pert.htm,"USACE Mobile guide curve: 190 Jun-Sep, 188 Dec-Apr"
Falcon Lake|TX,301.2,fullPool,high,,https://www.waterdatafortexas.org/reservoirs/individual/falcon,TWDB gives conservation pool 301.20 ft NGVD29; top of gates and flood pool are 306.7 and top of dam 323. It is an IBWC international reservoir. The sheet's 301.1 is within 0.1.
Falls Lake|NC,251.5,fullPool,high,,CWMS NEU FLP.Elev.Inst.0.Top of Conservation (max),
Fern Ridge Reservoir|OR,373.5,fullPool,high,,CWMS NWDP FRN Top of Conservation,
First Connecticut Lake|NH,1640.0,fullPool,med,,https://www.greatriverhydro.com/facilities-location/first-connecticut-lake-storage-reservoir/,"GRH: 3,125-acre reservoir at 1,640 ft above sea level with 30 ft of usable storage managed seasonally; the figure is rounded. USGS topo lake elevation is 499.3 m (1,638 ft). The dam is First Connecticut Lake Dam (GRH), not Murphy Dam (that is Lake Francis). USGS 01128000 has no active data.; sheet 1624.0"
Flagstaff Lake|ME,1146.0,fullPool,high,,https://www.govinfo.gov/content/pkg/FR-1996-09-09/html/96-22913.htm,"17,950 ac and 275,482 acre-ft at full pond / normal maximum 1,146.0 ft (USGS datum). Long Falls Dam spillway has 2-ft flashboards and 5 Taintor gates. Seasonal storage drawdown with no published winter target. Brookfield SafeWaters read 1141.79 on 2026-09-27."
Flaming Gorge Reservoir|UT,6040.0,fullPool,high,,https://www.usbr.gov/projects/index.php?id=105,USBR top of active conservation
Flaming Gorge Reservoir|WY,6040.0,fullPool,high,,https://www.usbr.gov/projects/index.php?id=105,USBR top of active conservation; same reservoir as the UT entry
Flannagan Reservoir|VA,1396.0,fullPool,high,,CWMS JWFlannagan.Elev.Inst.0.Top of Normal (max),
Flat River Res. (Johnson's Pond)|RI,248.0,fullPool,low,,https://hydro.nationalmap.gov/arcgis/rest/services/nhd/MapServer/12,No dam-owner figure found. NHD lists Flat River Reservoir at 248 ft (average water elevation from the topo map). The dam is privately owned and the pond gets winter drawdowns. USGS 01115960 is inactive. Sheet 274 is not supported.; sheet 274.0
Flathead Lake|MT,2893.0,fullPool,high,2883.0,https://pubs.usgs.gov/wdr/2005/wdr-mt-05/pdf/Vol2_8.pdf,"USGS: usable capacity 1,791,000 AF at 2,893.00 ft; minimum operating level 2,883.00 ft; all elevations NGVD29. CWMS (Kerr / Seli'š Ksanka Qlispe'): top of normal 2,893.00, bottom of normal 2,883.00. winterPoolFt is the spring drawdown floor. USGS 12371550 read 2,892.87 on 2026-09-26."
Folsom|CA,466.0,fullPool,high,,https://www.usbr.gov/projects/index.php?id=74,"USBR lists reservoir storage at elevation 466 ft (gross pool); dam crest 480.5, max water surface 480. Winter flood-control space lowers the allowed level (varies by conditions). USACE gives gross pool as 466.0 ft NGVD29 = 468.34 ft NAVD88 (USACE page blocked; seen in excerpt) - confirm the live feed's datum."
Fontana Lake|NC,1703,fullPool,high,1645.2,TVA operating guide max (June fill target) (FONN7),sheet 1710.0 = top of gates
Fontenelle Reservoir|WY,6506.0,fullPool,high,,https://www.usbr.gov/projects/index.php?id=288,USBR top of active conservation
Fort Gibson Lake|OK,554.0,fullPool,high,,CWMS FGIB.Elev.Inst.0.Top of Conservation (max),
Fort Loudoun Lake|TN,813,fullPool,high,808,TVA top of summer operating zone (FLDT1),
Fort Peck Lake|MT,2234.0,fullPool,high,,CWMS NWDM FTPK Top of Conservation (= base of flood control; USACE AOP full-reservoir shoreline),annual flood control & multiple use zone 2234-2246 (sheet 2246 = max normal operating pool)
Fresno Reservoir|MT,2575.0,fullPool,high,,https://www.usbr.gov/gp/aop/resaloc/fresno.pdf,"USBR: top of joint use 2,575.0 ft = uncontrolled spillway crest (normal full level); top of active conservation 2,567.0; max water surface 2,591. Datum per USBR RISE metadata."
Garrisons Lake|DE,4.9,fullPool,low,,https://epqs.nationalmap.gov/v1/json?x=-75.59833&y=39.24488&wkid=4326&units=Feet,"No DNREC elevation found. NHD Garrisons Lake (GNIS 00216733) is at 39.244,-75.598. 3DEP lidar (spring 2014) shows a water surface of 4.92 ft NAVD88 at 11 of 12 points. The lake sits just above tidal water. This is a measured surface, not a published full pool. The sheet's 40 is not supported."
Geist Reservoir|IN,784.26,fullPool,high,,https://www.in.gov/drought/files/drought-water-soil-conditions-08072025.pdf,"Citizens/IDNR normal pool is 784.26 ft NAVD88, the same datum as USGS gage 03351700. USGS SIR 2020-5067 gives the spillway crest as 784.03 NAVD88 (784.47 NGVD29) and the historic full pool as 785.00 NGVD29 (784.56 NAVD88). The sheet's 786 is too high."
Georgetown Lake|MT,,,,,,"no agency full pool; USGS NAVD88 annual peaks 6,428.9-6,430.4 (usually ~6,429.5); the sheet's 6,425 is below the whole observed range"
Glendo Reservoir|WY,4635.0,fullPool,high,,https://www.usbr.gov/gp/aop/resaloc/glendo.pdf,USBR top of active conservation
Grand Lake St. Marys|OH,870.6,fullPool,high,,http://web.archive.org/web/20230528025210/https://ohiodnr.gov/discover-and-learn/land-water/inland-lakes/osp-winter-drawdowns,"ODNR Parks lists a standard pool of 870.6', and the ODNR Wildlife map says 'normal summer pool elevation of 871 ft'. The winter drawdown is small and ODNR's figures are inconsistent (9 in and 1 in; winter pools of 861.6' and 869.6'), so winterPoolFt is left null. The sheet's 872 is 1.4 ft high."
Grand Lake o' the Cherokees|OK,744.0,fullPool,high,742.0,https://grda.com/wp-content/uploads/2023/05/20230530-Pensacola-FINAL-FLA-Exhibit-B.pdf,"All values are Pensacola Datum (PD); NGVD29 = PD + 1.07 (744 PD = 745.07 NGVD29). The FERC rule curve holds 742 Oct 1-Apr 30, raises to 744 in May, holds 744 Jun 1-Jul 31, then 743, back to 742 by Sep 30. 745 PD is the top of the power pool, above which USACE runs flood control up to 755; the sheet's 745 and OWRB's 'normal elevation' 745 are that boundary. GRDA and the USACE Tulsa page both report in PD (742.2 on 9/26). The relicensing proposes 742-745 with no seasonal curve."
Great Sacandaga Lake|NY,768.0,fullPool,high,750.0,https://pubs.usgs.gov/wdr/2005/wdr-ny-05-1/wdrny051.rept.data.pdf,Regulation storage is 735.0-768.0 ft; 768-771 (uncontrolled spillway crest) is flood storage only. FERC: normal maximum surface elevation 768 ft NGVD. HRBRRD's target curve peaks about 767.1 ft NAVD88 in June (NAVD88 = NGVD29 - 0.88 here). winterPoolFt is approximate: HRBRRD's chart shows a mid-March target of about 749.2 NAVD88. Sheet 771 is the spillway crest.; sheet 771.0
Green River Lake|KY,675.0,fullPool,high,,CWMS Green.Elev.Inst.0.Top of Conservation (max),
Greers Ferry|AR,462.04,fullPool,high,,CWMS GreersFerry_Dam.Elev-Pool.Inst.0.Top of Conservation (min),sheet 461.5
Grenada Lake|MS,215.0,fullPool,high,,CWMS Grenada Lake.Elev.Inst.0.Top of Guide Curve (max),
Griffin|FL,58.21,fullPool,high,,https://aws.sjrwmd.com/SJRWMD/hydrologicdata/watercontrol/UORB_Daily_Levels.pdf,"SJRWMD's regulation line (NAVD88): 58.21 from Nov 1 to May 1, falling to 57.72 by Aug 1, then rising back to 58.21 by Nov 1. Its 'max desirable' is 58.46 and 'min desirable' 56.96. The level is controlled by the Moss Bluff Lock & Dam; Burrell L&D is upstream and controls the Eustis/Harris pool. Values were read from the vector data of SJRWMD's chart (current and 2025-03-17 copies). The sheet's 59.0 is probably an old NGVD29 figure (NGVD is about 1 ft higher here). Match the datum to the live gauge."
Griffith Lake|DE,20.0,fullPool,low,,https://epqs.nationalmap.gov/v1/json?x=-75.47453&y=38.90710&wkid=4326&units=Feet,"No DNREC elevation found. NHD Griffith Lake (GNIS 00216876, Milford) is at 38.909,-75.470, about 7 km from the input coordinates. 3DEP lidar (spring 2014) shows a flat water surface of 19.95 ft NAVD88 at 12 of 12 points. This is a measured surface, not a published full pool. The sheet's 40 is not supported."
Gull Lake|MN,1194.0,fullPool,high,,CWMS MissHW_Gull.Elev.Inst.0.Top of Conservation (max),
Guntersville|AL,595,fullPool,high,593.3,TVA top of summer operating zone (GVDA1),sheet 595.44 = top of gates
Hamilton|AR,400.0,fullPool,med,395.0,https://www.federalregister.gov/documents/full_text/text/1998/03/04/98-5514.txt,"FERC 1998 (Carpenter Dam): '7,200-acre reservoir at elevation 400 feet USGS datum'. FERC's 2001 notice gives '6,897 acres ... at El. 399.9 mean sea level'. Entergy limits daily fluctuation to 12 inches. USGS 07358500 (gage datum NAVD88): summer median 399.6, max 399.9. Winter: Entergy's standard 5-ft drawdown (Nov 1 to Mar 15; some years only 3 ft) gives ~395 (derived); USGS winter median 394.7. The sheet's 300 is wrong; the lake sits near 400."
Harlan County Lake|NE,1946.0,fullPool,high,,CWMS NWDM HACO Top of Multi-Purpose,
Harriman Reservoir (Whitingham)|VT,1497.66,fullPool,med,,https://lowimpacthydro.org/wp-content/uploads/2021/02/FERC_Final_EIS_1996.pdf,"Morning-glory spillway fixed crest 1,491.66; normally fitted 6-ft flashboards give 1,497.66, the maximum elevation. Typically filled to about 1,494 by late May. License drawdown floors: 1,475 (Apr-Oct) and 1,440 (Nov-Mar). GRH's web page says 'reservoir at 1,480.66 ft' but also 57.66 ft of usable storage, and 1,497.66 - 1,440 = 57.66, so 1,480.66 looks inconsistent. Sheet 1490 is wrong.; sheet 1490.0"
Harris|FL,62.21,fullPool,high,,https://aws.sjrwmd.com/SJRWMD/hydrologicdata/watercontrol/UORB_Daily_Levels.pdf,"Lakes Harris, Eustis, Dora and Beauclair share SJRWMD's Burrell regulation line (interim schedules adopted in 2012). In NAVD88 it is 62.21 from Nov 1 to May 1, falling to 61.72 by Aug 1, and back by Nov 1. For Harris and Eustis, 'max desirable' is 62.46 and 'min desirable' 60.96. Values were read from the vector data of SJRWMD's chart; the chart's printed regulation was 62.03 on 2026-09-26. NGVD29 values are about 1 ft higher, so confirm the live gauge's datum.; sheet 62.0"
Havasu|AZ,450.0,fullPool,high,,https://www.usbr.gov/ColoradoRiverBasin/post2026/draft-eis/docs/vol-3/P26-DEIS-TA-15.pdf,USBR: max reservoir elevation 450 ft; Parker Dam rule curve holds 445-450 ft. 450 is also top of spillway gates and USBR's available-capacity elevation (LC levels page). Datum: Reclamation Project Vertical Datum (RPVD Parker = NAVD88 - 2.72 ft).
Hebgen Lake|MT,6534.87,fullPool,high,,https://madisondss.com/page/dashboard.php,"Dashboard: 'Hebgen Lake Elevation | USGS 06038000 | ... full at 6534.87 ft'. NorthWestern drought page: 6,532.83 ft, 2.07 ft from full pool (implies 6,534.90). CWMS HEBN: top of conservation = spillway crest = 1991.83752 m (6,534.90 ft). USGS 06038000 reports NGVD29 elevation (param 62614). No published winter drawdown level."
Henrys Lake|ID,6473.86,fullPool,high,,https://pubs.usgs.gov/wdr/2004/wdr-id-04-1/ID04v1-05.pdf,"USGS: capacity 90,420 AF between gage heights 0.00 and 16.7 ft (top of 4.7-ft flashboards on spillway); gage datum 6,457.16 ft NGVD29, so full = 6,473.86 ft NGVD29. USGS 13039000 live data is gage height (12.67 ft on 2026-09-26), so full = 16.7 ft on that gage. The spillway crest without flashboards is 12.0 ft (6,469.16).; sheet 6472.0"
Heron Lake|NM,7186.1,fullPool,high,,https://www.usbr.gov/projects/index.php?id=118,"USBR: top of active conservation = normal water surface 7,186.1 ft; small uncontrolled spillway; dam crest 7,199.; sheet 7186.0"
Herrington Lake|KY,740.0,fullPool,high,725.0,https://lge-ku.com/sites/default/files/media/files/downloads/EW_Brown_Corrective_Action_ISARA_Report_Text_Tables_Figures_June_2019b_1_1.pdf,"The operator's report gives Herrington's 'summer time pool elevation (740 feet asl) and the winter time pool elevation (725 feet asl)'. NWS DIXK2 impact statements agree: 740 Summer Pool, 725 Winter Pool, 748 flood pool/lowest spillway gates, 750 crest of the other eight gates, 760 top of spillway gates. The sheet's 760 is the top of the gates, also the maximum lake level (KU owns the land up to 760). USGS 03286000 (NGVD29): summer median ~740, winter ~727. The Herrington Lake Conservation League gives the same 740/725."
High Rock Lake|NC,655.0,fullPool,high,,https://www.federalregister.gov/documents/full_text/text/2007/01/08/E6-22679.txt,"Yadkin local (1926 Alcoa) datum, the one the operator's lake level and NWS HGRN7 read in; = 623.9 ft USGS datum (FERC); drawn down in winter (no published target); sheet 655.2"
Hiwassee Lake|NC,1520.9,fullPool,high,1476,TVA operating guide max (June fill target) (HIWN7),sheet 1526.5 = top of gates
Hoover Reservoir|OH,894.0,fullPool,high,,https://web.archive.org/web/20220407202839/https://ohiodnr.gov/static/documents/wildlife/maps/hooverreservoir2.pdf,"The map says 'Depths based on normal summer pool elevation of 894 ft'. No City of Columbus (operator) figure was found. USGS gage 03228400 (NGVD29) read 893.52 on 2026-09-26. Wikipedia's 890 is the spillway, not the pool."
Horsetooth Reservoir|CO,5430.0,fullPool,high,,https://www.usbr.gov/gp/aop/resaloc/horsetooth.pdf,"USBR: top of active conservation 5,430.0 ft; max surface 5,439.6; dam crest 5,443. Operated by Northern Water."
Hungry Horse Reservoir|MT,3560.0,fullPool,high,,https://www.usbr.gov/projects/index.php?id=255,"USBR: top of active conservation 3,560.0 ft (3,467,179 AF); USACE CWMS Top of Normal 3,560.0 agrees. Gated morning-glory spillway."
Indian Lake|NY,1651.29,fullPool,high,1637.0,https://pubs.usgs.gov/wdr/2005/wdr-ny-05-1/wdrny051.rept.data.pdf,"USGS: usable capacity 4.668 bil ft3 at 1,651.29 ft, the spillway crest (1898 masonry dam). HRBRRD chart: spillway 1651.01 NAVD88 (NAVD88 = NGVD29 - 0.25 here); target peaks about 1650.6 NAVD88 in May. winterPoolFt is approximate: the chart shows a late-March target of about 1636.7 NAVD88. USGS 01314500 carries both datums; its data end 2025-10-01.; sheet 1651.0"
Indian Lake|OH,996.3,fullPool,high,,https://web.archive.org/web/20210214113514/https://ohiodnr.gov/static/documents/wildlife/maps/indianlake2.pdf,"The map says 'Depths based on normal summer pool elevation of 996.3 ft'. USGS gage 03260500 reports both NGVD29 (996.21) and NAVD88 (995.58, 0.63 lower); the ODNR value matches NGVD29. Indian Lake is not on ODNR's winter-drawdown list.; sheet 996.0"
Isabella|CA,2585.5,fullPool,med,,CWMS Isabella Dam Top of Conservation max,gross pool 2605.5; sheet 2609.9 matched no level
Istokpoga|FL,39.5,fullPool,high,,https://cwms.sec.usace.army.mil/cwms-data/timeseries?name=Lake%20Istokpoga.Elev-Zone.Inst.~1Day.0.ZoneB_NGVD&office=SAJ&unit=EN&begin=2025-01-01T00:00:00Z&end=2026-01-01T00:00:00Z,"The Zone B line (top of the regulation schedule) is 39.5 ft NGVD from Nov to Mar, recedes in Apr-May to 38.25 by June, holds through July, and rises Aug-Oct. The lower Zone C line runs 37.5-39.0. This matches Wikipedia's stated range of 37.5-39.5. USACE is also studying a '2026 Proposed Dev Alt 1' schedule. The sheet's 39.0 is exactly 0.5 ft low."
Jackson Lake|WY,6769.0,fullPool,high,,https://www.usbr.gov/projects/index.php?id=162,USBR top of active conservation = normal water surface; natural lake raised by the dam; sheet 6772.0
Jamestown Reservoir|ND,1431.0,fullPool,high,,https://www.usbr.gov/gp/aop/resaloc/jamestown.pdf,"USBR: top of joint use 1,431.0 ft (top of active conservation 1,428.0); USACE CWMS: Top of Multipurpose/Joint Use 1,431.0 = bottom of flood pool (its 'Top of Conservation' is 1,428.0). Flood control to 1,454.0 (glory-hole crest). Sheet's 1,432 is 1 ft high. Datum per USBR RISE.; sheet 1432.0"
Jennings Randolph Lake|MD,1466.0,fullPool,high,,CWMS Randolph.Elev.Inst.0.Top of Conservation (max),
John Martin Reservoir|CO,3851.9,fullPool,high,,CWMS John Martin Top of Conservation,sheet 3851
John Redmond Reservoir|KS,1041.0,fullPool,high,,CWMS JOHN.Elev.Inst.0.Top of Conservation (max),
Johnson Lake|NE,2618.0,fullPool,med,,https://cnppid.com/about/news/fall-hydrocycling-set-begin,"The value is derived from CNPPID's own wording: 'elevation will be approximately 2,613 ft, which is five feet below normal', giving about 2,618. Another CNPPID notice puts the 'lower end of the operation range' at 2617.0; the top of the range is not published. The USGS 1971 topo labels the lake 2617. CNPPID live data showed 2,618.2 on 2026-09-26. The sheet's 2631 is wrong."
Jordan Lake|NC,216.0,fullPool,high,,https://epec.saw.usace.army.mil/BEJPERT.TXT,Top of conservation pool (bottom of flood pool) 216.0 ft msl; water control plan holds a normal pool of 216.0 year-round (guide curve 216.00). Flood pool to 240.0 (uncontrolled spillway crest).
Jordanelle Reservoir|UT,6166.4,fullPool,high,,https://www.usbr.gov/projects/index.php?id=176,USBR top of joint use (active conservation 6130.0); sheet 6166.0
Jordan|AL,252.0,fullPool,high,,https://apcshorelines.com/lake/jordan/,"Alabama Power's operating guide chart is flat at 252 ft all year. APC defines the guide as 'the maximum elevation at which Alabama Power may maintain the reservoir under normal conditions', and the reservoir facts list 'Elevation above sea level: 252 feet'. It is a run-of-river project; Walter Bouldin Dam shares the same pool."
Kanopolis Lake|KS,1463.0,fullPool,high,,https://cwms-data.usace.army.mil/cwms-data/levels?office=NWDM&level-id-mask=KANS.Elev*&unit=EN,"Top of Conservation 1463.0; spillway crest 1507, top of flood 1508, dam 1537. USACE readings equal USGS 06865000 NGVD29 values (CWMS tag 'LOCAL')."
Kaw Lake|OK,1010.0,fullPool,high,,CWMS KAWL.Elev.Inst.0.Top of Conservation (max),
Kentucky Lake|KY,359.0,fullPool,high,354,TVA operating guide max (shares Barkley's pool) (KYDK2),
Kentucky Lake|TN,359.0,fullPool,high,354.0,https://lakeinfo.tva.gov/web/sites/kentucky.htm,"TVA: typical summer target 359 ft; minimum winter elevation 354 ft, held for navigation. Fill in Apr-May; drawdown after July 4 to reach winter pool by Dec 1. The page says feet but does not name the datum (TVA uses MSL)."
Kerr Lake (John H. Kerr)|NC,300.0,fullPool,high,295.5,https://epec.saw.usace.army.mil/KERRWCP.pdf,"USACE top of conservation, fixed at 300.0; guide curve 295.5 Jan-Mar, 299.5 Aug-Oct, 302 Apr-Jun (striped-bass storage in the flood pool)"
Kerr Reservoir (Buggs Island)|VA,300.0,fullPool,high,295.5,https://epec.saw.usace.army.mil/KERRWCP.pdf,same reservoir as Kerr Lake|NC; USACE top of conservation 300.0
Keyhole Reservoir|WY,4099.3,fullPool,high,,https://www.usbr.gov/gp/aop/resaloc/keyhole.pdf,USBR top of active conservation = spillway crest; sheet 4099.0
Keystone Lake|OK,723.0,fullPool,high,,CWMS KEYS.Elev.Inst.0.Top of Conservation (max),
Killens Pond|DE,17.5,fullPool,low,,https://epqs.nationalmap.gov/v1/json?x=-75.53921&y=38.98096&wkid=4326&units=Feet,"No DNREC or State Parks elevation found. The NHD/GNIS name is 'Killen Pond' (GNIS 00217871). 3DEP lidar (spring 2014) shows a water surface of 17.45 ft NAVD88 at 10 of 12 points. USGS topo gives 16 ft (older NGVD29). This is a measured surface, not a published full pool. The sheet's 40 is not supported."
Kissimmee|FL,53.0,fullPool,high,,https://cwms.sec.usace.army.mil/cwms-data/timeseries?name=Kissimmee.Elev-Zone.Inst.~1Day.0.ZoneB1_NGVD&office=SAJ&unit=EN&begin=2025-01-01T00:00:00Z&end=2026-01-01T00:00:00Z,"Zone B1 is the line USACE reports as the 'Regulation' (51.91 on 2026-09-26). It is 53.0 ft NGVD from Dec 1 to Jan 1, falls to 51.5 by Jun 1, holds through Aug, and rises back Sep-Nov. Above it, Zone A (flood) is 54.0; below it, lines B2-B5 run 52.0-49.0 and Zone C is 48.5. The schedule covers Lakes Kissimmee, Cypress and Hatchineha. The sheet's 52.5 is exactly 0.5 ft low and probably comes from the older schedule."
Koele ponds (Lanai)|HI,,,,,,"small ornamental ponds, no dam in the DLNR/NID inventories; ground at the point is ~1,717 ft, so the sheet's 1,620 can't be the water surface"
Lahontan Reservoir|NV,4162.0,fullPool,med,,https://www.usbr.gov/projects/index.php?id=142,"USBR: top of active conservation = normal water surface = spillway crest 4,162.0 ft, but the same table lists top of joint use 4,163.67 (unexplained). Datum per USBR RISE (NGVD29); USGS now reports this lake in NAVD88 - check the live feed's datum."
Lake Anna|VA,250.0,fullPool,high,,https://www.nrc.gov/docs/ML1105/ML110530340.pdf,"Dominion: current normal pool level 250 ft msl. A proposed +3 in change to 250.25 ft applies only if North Anna Unit 3 is built, and it has not been. USGS NHD/topo gives 76.2 m (250.0 ft). 3DEP lidar (Jan 2020) 248.1 ft NAVD88."
Lake Arthur|PA,1189.8,fullPool,high,,https://pubs.usgs.gov/wdr/2004/wdr-pa-04-3/WDR-PA-04-3.pdf,"Earthfill dam with concrete spillway; usable capacity 37,000 acre-ft between 1,160 ft (outlet sill) and 1,189.8 ft (spillway crest). USGS 03106280 (00062, sea-level datum) read 1190.0-1190.5 in June-July 2026. Sheet 1225 is wrong.; sheet 1225.0"
Lake Ashtabula|ND,1266.0,fullPool,high,1262.5,https://cwms-data.usace.army.mil/cwms-data/levels?office=MVP&level-id-mask=Baldhill_Dam.Elev*&unit=EN,Top of Conservation 1266.0 (normal band 1265.8-1266.2); seasonal curve draws down to 1262.5 by Mar 1 and refills to 1266 by May 1; exclusive flood top 1271; dam 1278.5. USGS 05057500 publishes NGVD29 and NAVD88 (~1.2 ft higher) series; compare in NGVD29.
Lake Barkley|KY,359.0,fullPool,high,354,"USACE published pool, inside TVA summer zone 358.5-359.5 (BARK2)",
Lake Billy Chinook|OR,1945.0,fullPool,high,,https://pubs.usgs.gov/wdr/2005/wdr-or-05/pdf/deschutes.pdf,"USGS: total capacity 534,700 AF at 1,945.0 ft, upper limit of operation (usable between 1,860 and 1,945); datum NGVD29. Held at 1,942-1,945 year-round (WY2005). PGE links to the USGS 14087520 NGVD29 series (param 62614) for current levels."
Lake Bistineau|LA,141.0,fullPool,high,,https://web.archive.org/web/20190829211108/http://www.wlf.louisiana.gov:80/sites/default/files/pdf/document/42905-lake-bistineau-mp-2019/lake_bistineau_mp-a_2019.pdf,"LDWF: 'Surface elevation of Lake Bistineau is set at the spillway elevation of 141' NGVD'. The 1,200-ft broad-crested spillway is uncontrolled, so its crest is the normal pool. Twelve sluice gates can lower the lake up to 8 ft (to 133'); these are periodic fall drawdowns for vegetation control, not a seasonal pool. The structure is operated by LDOTD. NWS gauge LBUL1 has action stage 142. The sheet's 141.5 is exactly 0.5 ft high."
Lake Buchanan|TX,1020.0,fullPool,high,,https://www.waterdatafortexas.org/reservoirs/individual/buchanan,"Conservation pool is 1,020.00 year-round. LCRA ended the seasonal 1,018 summer pool (used May-Nov, 1990-2024) effective Jan 2025. The service spillway crest is 1,020.49, so the sheet's 1020.5 is really the crest (within 0.5 of the correct value). TWDB labels the datum 'NAVD88 +0.26', which is LCRA's datum."
Lake Cascade|ID,4828.0,fullPool,high,,https://www.usbr.gov/projects/index.php?id=10,"USBR: top of active conservation = normal water surface 4,828.0 ft (top of two 20-ft radial gates on the 4,808 crest); USACE CWMS Top of Normal 4,828.0 agrees. Datum per USBR RISE."
Lake Chelan|WA,1100.0,fullPool,high,1079.0,https://pubs.usgs.gov/wdr/2005/wdr-wa-05-1/pdf/wa00103ADR2005_Figure54.pdf,"USGS: usable capacity 677,400 AF between 1,079 and 1,100 ft (FPC-stipulated regulation range); the lake is held at 1,092-1,100 from Aug 16 to Sep 15. The gage datum is NGVD of 1912: subtract 1.73 ft for NGVD29 (1,100 = 1,098.27 NGVD29). winterPoolFt is the 1,079 lower regulation limit (spring drawdown). The Chelan PUD site returns 403."
Lake Chesdin|VA,157.2,fullPool,high,,https://arwava.org/wp-content/uploads/2024/10/Dam_Reading_Explanation.pdf,"ARWA: daily pool level is reported in inches below the normal (full) pool of 157.2 ft. Brasfield Dam spills over a fixed spillway, so full = crest. Datum not stated. A VA DEQ modeling wiki says full pool is 158.0 ft and that 157.2 reflects a different datum; USGS NHD/topo gives 48.2 m (158.1 ft). So 157.2 is probably NAVD88 and 158.0 about NGVD29 (inference). Use 157.2 against ARWA readings."
Lake Conroe|TX,201.0,fullPool,high,,https://www.waterdatafortexas.org/reservoirs/individual/conroe,TWDB gives conservation pool 201.00 ft NGVD29 (SJRA). SJRA has in past years run seasonal flood-mitigation lowerings; I did not verify whether that applies in 2026.
Lake Cumberland|KY,723.0,fullPool,high,690,"USACE published pool, inside TVA summer zone 711-723 (WLCK2)",
Lake Cushman|WA,738.0,fullPool,high,,https://www.mytpu.org/community-environment-parks/parks-recreation/river-flows-lake-levels/,Tacoma Power lists Lake Cushman (Cushman Dam No. 1) with 'maximum of 738 ft'. Datum not stated.
Lake D'Arbonne|LA,80.0,fullPool,high,,https://web.archive.org/web/20161224185327/http://www.wlf.louisiana.gov/sites/default/files/pdf/document/38653-darbonne-lake/darbonne_lake_mp-a_update_2013.pdf,"LDWF gives '80 foot, MSL (pool stage)' and states 'The normal pool stage for Lake D'Arbonne is 80 feet'. At 84 ft the lake is at flood stage and closed to boats. Periodic 5-ft drawdowns after Labor Day run on about a 4-year schedule (2015 plan update); they are not a seasonal pool. NWS gauge LDBL1 has action stage 82.25."
Lake Darling|ND,1597.0,fullPool,high,,CWMS LakeDarling_Dam Top of Conservation,sheet 1598
Lake Eufaula|OK,585.0,fullPool,high,,CWMS EUFA.Elev.Inst.0.Top of Conservation (max),
Lake Fork Reservoir|TX,403.0,fullPool,high,,https://www.waterdatafortexas.org/reservoirs/individual/fork,TWDB gives conservation pool 403.00 ft NGVD29 (SRA); maximum design elevation is 407.9.
Lake Francis Case|SD,1355.0,fullPool,high,1337.5,https://www.nwd-mr.usace.army.mil/rcc/reports/mmanual/MissouriMainstemMasterManual2018.pdf,"Master Manual: drawn to ~1337.5 each fall (by early Dec) to recapture winter releases, refilled to 1350 (seasonal base of flood control) by Mar 1, then held ~1353-1355 Apr-Sep (deliberate fill 'normally limited to 1355'); AOP: 1350-1355 spring/summer. 1350 (sheet) is the CWMS Top of Conservation; annual FC & MU zone 1350-1365; exclusive FC to 1375; dam 1395."
Lake Freeman|IN,610.35,fullPool,high,,https://www.nipsco.com/about-us/hydro-power/current-lake-levels-flow,"NIPSCO's normal level is 610.35 ft in a local datum (operating band 610.10-611.10), and IDNR reports the same local figure. The FERC P-12514 notice (govinfo FR 2015-03444) licenses Lake Freeman at 612.45 ft NGVD with the same -0.25/+0.75 band, so local = NGVD - 2.10 and full pool in MSL terms is 612.45 NGVD29. NIPSCO's live levels are in the local datum.; sheet 611.0"
Lake Gaston|VA,200.0,fullPool,high,,https://www.dominionenergy.com/about/lakes-and-recreation/lake-gaston-and-roanoke-rapids-lake-nc/operational-modes,Dominion: normal operation 199-200 ft. Fish-spawning weekend storage up to 201 ft (Mar-Jun). Flood storage 200-203 ft. The page gives elevations in ft-NGVD29.
Lake Granby|CO,8280.0,fullPool,high,,https://www.usbr.gov/gp/aop/resaloc/lake_granby.pdf,"USBR: top of active conservation (also listed as max water surface) 8,280.0 ft; gated spillway crest 8,260; dam crest 8,290."
Lake Greenwood|SC,439.0,fullPool,high,434.5,https://www.federalregister.gov/documents/full_text/text/2015/09/17/2015-23319.txt,"Article 407 as amended in 2010 sets the rule curve: '439 feet mean sea level (msl) between April 15 and November 1', a gradual descent to 437 by Dec 1, then to 434.5 by Jan 15, held there until Jan 31, and a gradual rise back to 439 between Feb 1 and Apr 15. A 2026 license-amendment notice (spillway work) says there are no changes to normal operation. NWS gauge CHPS1 has action stage 440 and read 439.03."
Lake Habeeb (Rocky Gap)|MD,1166.4,fullPool,low,,https://epqs.nationalmap.gov/v1/json?x=-78.64149&y=39.71445&wkid=4326&units=Feet,"No MD DNR or USACE figure found. Wikipedia's 115 ft is an error. 3DEP lidar (fall 2021) shows a flat water surface of 1,166.40 ft NAVD88 at 12 of 12 points in the NHD polygon. This is a measured surface, not a published full pool. The sheet's 875 is far off."
Lake Hartwell|SC,660.0,fullPool,high,,CWMS Hartwell.Elev.Inst.0.Top of Conservation (max),
Lake Hickory|NC,935.0,fullPool,high,931.0,https://api.hydro-derived.duke-energy.app/lakes/current-level,"Duke gives full pond as 935.0 ft (AMSL, NGVD 29 datum). Duke publishes levels on a local scale where 100.0 = full pond; NWS OXFN7 also reports on this scale. Duke's normal target (2021-26) is 97.0 (932.0 ft) from March to December and 96.0 (931.0 ft) from January to Feb 1. winterPoolFt is that winter target, not a separate pool. Normal minimum is 92-94."
Lake Hopatcong|NJ,923.57,fullPool,high,921.4,https://lakehopatcongcommission.org/wp-content/uploads/2026/03/lake_hopatcong_water_level_management_plan.pdf,"Normal pool = spillway crest = 9.0 ft on the dam gauge; summer is held at 9.0 (max 9.5). Gauge datum is 914.57 ft NGVD29, so full = 923.57. Fall drawdown of 26 in to 6.83 ft (921.40) by Dec 15; every 5th year to 4.0 ft (918.57). USGS 01455400 reports gage height (00065), where 9.0 = full. Sheet 926 is wrong.; sheet 926.0"
Lake Hudson|OK,619.0,fullPool,high,,CWMS HUDS.Elev.Inst.0.Top of Conservation (max),
Lake James|NC,1200.0,fullPool,high,1196.0,https://api.hydro-derived.duke-energy.app/lakes/current-level,"Duke gives full pond as 1200.0 ft (AMSL, NGVD 29 datum), on a local scale where 100 = full pond (NWS BRWN7 also reports on this scale). Duke's normal targets: 98.5 (1198.5 ft) from May to October; 96.0 (1196.0 ft) from November to January 1; a low of 94.0 (1194.0 ft) on Feb 1; then rising back through March and April. winterPoolFt is the Nov-Jan winter target."
Lake Jocassee|SC,1110.0,fullPool,high,1106.0,https://api.hydro-derived.duke-energy.app/lakes/current-level,"Duke gives full pond as 1110.0 ft (AMSL, NGVD 29 datum), on a local scale where 100 = full pond. NWS JCSS1 says '100 FULL POOL ELEVATION'. Duke's normal targets: 99.5 (1109.5 ft) from May to October; declining to 96.0 (1106.0 ft) on Jan 1; then rising back through April. The normal minimum is as low as 77-86 local, because Jocassee is a pumped-storage upper reservoir. winterPoolFt is the Jan 1 target."
Lake Keowee|SC,800.0,fullPool,high,,https://api.hydro-derived.duke-energy.app/lakes/current-level,"Duke gives full pond as 800.0 ft (AMSL, NGVD 29 datum), on a local scale where 100 = full pond. NWS KEOS1 says '100 FULL POOL ELEVATION'. Duke publishes no seasonal target for Keowee; its normal minimum is 93-96 local (793-796 ft). Keowee is the lower pool for Jocassee pumped storage and cooling water for Oconee Nuclear. Daily averages in 2021-26 ran 96-99 local."
Lake Koocanusa|MT,2459.0,fullPool,high,,CWMS NWDP LIB (Libby Dam) Top of Normal,
Lake Lillinonah|CT,200.0,fullPool,med,,https://www.firstlightpower.com/annual-drawdown-schedule-for-candlewood-lake-lake-lillinonah-lake-zoar/,"FirstLight: normal summer operating range 195.5-200 ft; brief fall drawdown to 191 ft. Conflict: FERC's 2000 Federal Register notice (https://www.govinfo.gov/content/pkg/FR-2000-04-24/html/00-10100.htm) gives the Shepaug impoundment a maximum operational elevation of 198.3 ft NGVD, and USGS topo shows 198 ft. That is 1.7 ft below FirstLight's figure, the same offset as at Lake Zoar, which suggests FirstLight uses a local datum about 1.7 ft above NGVD29 (inference, not confirmed). Use 200 against FirstLight readings and about 198.3 against NGVD29 data. The sheet's 198 matches the NGVD figure."
Lake Livingston|TX,131.0,fullPool,high,,https://www.waterdatafortexas.org/reservoirs/individual/livingston,TWDB gives conservation pool 131.00 ft NGVD29 (TRA).
Lake Macbride|IA,,,,,,"no published normal pool (Iowa DNR, USGS gage ended 1971); lidar water surface 711.25 ft NAVD88; the sheet's 744 is ~33 ft above it"
Lake Marburg|PA,623.0,fullPool,med,,https://pubs.usgs.gov/wdr/2004/wdr-pa-04-2/WDR-PA-04-2.pdf,"Two 7-ft bascule gates sit on a 616.0-ft crest, with tops at 623.00 ft; top of dam is 627.0. The lake is held with gates raised: WY2004 maxima were exactly 623.00 on several dates. So top of gates is the operating full level here, not a surcharge level. Sheet 588 is wrong.; sheet 588.0"
Lake Marion|SC,75.5,fullPool,high,72.0,https://www.santeecooper.com/community/lakes/lake-data/,"Santee Cooper: 'The normal range of the Rule Curve is just above 72.0 ft in winter to 75.5 feet in the summer'. It separately says the FERC license 'stipulates a maximum elevation of Lake Marion at the Santee Dam (76.8')', which is the spill trigger. So the sheet's 76.8 is the maximum, not the normal pool; NWS gauge PNVS1 also labels 76.8 'Full pool'. FERC's 2005 scoping notice gave a normal pool of 75.0. USGS 02171000 medians: ~75.6 in Apr-Jun and ~74.4-74.7 in Dec-Jan (the lake often runs above the curve in winter). The winter value is 'just above 72.0', recorded here as 72.0."
Lake Martin|AL,490.0,fullPool,high,,CWMS Martin.Elev.Inst.0.Top of Conservation (max),
Lake Mary|AZ,6831.82,fullPool,high,,https://pubs.usgs.gov/publication/ofr20261011,"Upper Lake Mary (input coords are at its NW/dam end). USGS defines full pool as the concrete spillway elevation: 6,831.82 ft NAVD88 = 6,828.5 ft NGVD29 (2006 USGS survey; USGS says NGVD29 is ~3.45 ft lower here). Sheet's 6,900 is wrong. No live USGS lake gage (historical sites only).; sheet 6900.0"
Lake McConaughy|NE,3265.0,fullPool,high,,https://www.cnppid.com/operations/lake-mcconaughy-operating-levels,"CNPPID's operating-level table sets a 3,265.0 maximum for Jan 1-Feb 28 and May 21-Sep 30. The cap is 3,260 for Oct 1-Dec 31 and during the spring fill, which steps from 3,260 to 3,265 between March and late May. This is an irrigation storage reservoir that usually sits well below full (3,201.5 on 2026-09-26). No true winter pool."
Lake Mead|NV,1219.6,fullPool,high,,https://www.usbr.gov/lc/region/g4000/LakeMeadReservoirCapacityAllocations_2022.pdf,"USBR: top of joint use 1,219.64 ft; the sheet's 1,229.0 is max water surface / top of exclusive flood control. Raised spillway gates top out at 1,221.4. USBR's available-capacity elevation is 1,219.6. Datum: Reclamation project datum (RISE: 'USGS 1912'; sheet says msl)."
Lake Milton|OH,947.43,fullPool,high,,CWMS Milton.Elev.Inst.0.Top of Conservation (max),sheet 948.0
Lake Mohave|NV,647.0,fullPool,high,,https://www.usbr.gov/projects/index.php?id=47,"USBR: top of active conservation 647.0 ft, also top of spillway gates and USBR's available-capacity elevation; normal operating range 630-646 ft. Datum: RPVD Davis = NAVD88 - 3.39 ft."
Lake Monticello|SC,424.3,fullPool,high,,https://www.federalregister.gov/documents/full_text/text/2019/08/08/2019-16995.txt,"FERC: 'the 6,800-acre Monticello Reservoir (upper reservoir), at normal maximum elevation 424.3 feet NAVD 88'. It is the upper pool of Fairfield Pumped Storage (Parr Reservoir is the lower pool), so the level cycles daily below the maximum. The sheet's 425.0 is probably the same level on the older NGVD29/plant datum (about 0.7 ft higher), but I found no operator source stating 425; Dominion's Monticello page gives no elevation. Match the datum to the live feed."
Lake Moomaw|VA,1582.0,fullPool,high,,CWMS Moomaw.Elev.Inst.0.Top of Conservation (max),
Lake Moultrie|SC,75.5,fullPool,med,,https://water.noaa.gov/gauges/pins1,"NWS PINS1 (USGS 02172000): '75.5 Full pool level as defined by Santee Cooper' and '74 Normal operating level as defined by Santee Cooper'. Santee Cooper's own FAQ says Moultrie has no rule curve: its level is driven by Lake Marion's rule curve (75.5 summer, just above 72 winter). FERC's 2005 notice says Moultrie normally runs 0.2-1.0 ft below Marion. USGS 02172000 medians: ~75.2 in May-Jul and ~74.0 in Dec-Jan. The number comes via NWS, not directly from Santee Cooper's site, hence med confidence."
Lake Murray (OK)|OK,750.0,fullPool,high,,https://oklahoma.gov/content/dam/ok/en/owrb/documents/maps-and-data/lakes-of-oklahoma-data.xlsx,"OWRB lists Lake Murray (State of Oklahoma, 1937, Anadarche Creek) with normal elevation 750 ft, 5,930 acres and 161,642 ac-ft. The sheet's 705 is wrong."
Lake Murray (SC)|SC,360.0,fullPool,high,,https://www.dominionenergy.com/about/lakes-and-recreation/lake-murray-sc,"Dominion's gauge measures from 360.0 ('-4.2' at 355.8'' on 2026-09-27). FERC notices call 360 ft msl the full pool (2002 and 2022). DATUM: 360 is on Saluda Plant Datum. FERC's 2009 notice gives 'full pool elevation of 358.5 feet NAVD88' and says to subtract 1.5 ft to go from Plant Datum to NAVD88. USGS 02168500 series 00062 (gage datum -1.31 ft NAVD88) reads about 0.2 ft below plant datum; USGS series 62615 is NAVD88, so compare it to 358.5. In practice the lake runs below full pool: USGS medians are ~358 in Apr-Jun and ~355.5 in Dec-Jan. I found no published guide-curve number, so winterPoolFt is null."
Lake Nockamixon|PA,395.0,fullPool,high,,https://pubs.usgs.gov/wdr/2004/wdr-pa-04-1/WDR-PA-04-1.pdf,Earthfill dam with concrete spillway at 395.0 ft; total capacity is quoted at 410 ft. WY2004 month-ends were 395.1-395.8; USGS topo lists normal pool 395. Sheet 385 is wrong.; sheet 385.0
Lake Norman|NC,760.0,fullPool,high,756.0,https://api.hydro-derived.duke-energy.app/lakes/current-level,"Duke gives full pond as 760.0 ft (AMSL, NGVD 29 datum), on a local scale where 100 = full pond (NWS CWAN7 also reports on this scale). Duke's normal targets: 98.5 (758.5 ft) from May 1 to Oct 31; 97 on Nov 1; 96.0 (756.0 ft) from Dec 1 to Jan 1; a low of 94.0 (754.0 ft) on Feb 1; then rising to 98.5 by May 1. winterPoolFt is the Dec-Jan target."
Lake Oahe|ND,1607.5,fullPool,high,,https://www.nwd-mr.usace.army.mil/rcc/reports/pdfs/finalAOP2025-2026.pdf,base of flood control (USACE AOP full-reservoir shoreline); annual flood control & multiple use 1607.5-1617; sheet 1620 is the max operating pool
Lake Oahe|SD,1607.5,fullPool,high,,https://www.nwd-mr.usace.army.mil/rcc/reports/pdfs/finalAOP2025-2026.pdf,same reservoir as Lake Oahe|ND; base of flood control 1607.5; sheet 1620.0
Lake Ogallala|NE,3122.0,fullPool,low,,https://prd-tnm.s3.amazonaws.com/StagedProducts/Maps/HistoricalTopo/PDF/NE/24000/NE_Ogallala_316900_1971_24000_geo.pdf,"No CNPPID figure was found; CNPPID pages and data feeds omit Lake Ogallala. The 1971 USGS map prints water elevation 3122 in the lake behind Keystone Diversion Dam, on a sea-level datum (NGVD29). That is the level on the mapping date, not a stated normal pool. The sheet's 3221 looks like transposed digits. The 'SPILLWAY ELEV 3277' on the same map belongs to Kingsley Dam and Lake McConaughy."
Lake Owyhee|OR,2670.0,fullPool,high,,https://www.usbr.gov/projects/index.php?id=315,USBR top of active conservation = normal water surface
Lake Pend Oreille|ID,2062.5,fullPool,high,,CWMS NWDP ALF (Albeni Falls Dam) Top of Normal,summer pool; winter 2051-2055
Lake Petenwell|WI,923.9,fullPool,high,,https://www.govinfo.gov/content/pkg/FR-1997-01-07/pdf/97-208.pdf,"FERC gives Petenwell's 'normal operating water surface elevation of 923.9 feet NGVD'. The spillway crest is 905.9 and the dike crests are 933.9. Wisconsin River Power Co. says: the flood-control drawdown starts in February and can reach 5 ft depending on snowpack; the flowage must be full at its normal summer level by May 1; from Jun 15 to Dec 31 the headwater may vary by at most 1 ft. No fixed winter elevation is published. NWS gauge PETW3: action stage 924, minor flood 925. Wikipedia's 892 ft (from GNIS) is wrong.; sheet 924.0"
Lake Powell|UT,3700.0,fullPool,high,,https://www.usbr.gov/uc/rm/crsp/gc/,USBR full pool; levels reported as feet below full pool
Lake Red Rock|IA,742.0,fullPool,high,,CWMS Red Rock.Elev.Const.0.Top of Conservation (max),
Lake Robinson|SC,221.6,fullPool,high,,https://api.hydro-derived.duke-energy.app/lakes/current-level,"Duke gives full elevation as '221.6 ft (AMSL, NGVD 29 datum)'. Unlike the Catawba lakes, Robinson is reported in real feet, not on the 100-scale: normal operating range 220.50-221.65, reading 220.50 on 2026-09-27. Robinson is the cooling lake for the H.B. Robinson nuclear plant. The sheet's 220.0 (low confidence) is 1.6 ft low."
Lake Roosevelt (FDR)|WA,1290.0,fullPool,high,,https://www.usbr.gov/projects/index.php?id=155,"USBR top of active conservation; drafted seasonally, no fixed winter pool"
Lake Russell (R.B. Russell)|GA,475.0,fullPool,high,,CWMS Russell.Elev.Inst.0.Top of Conservation (max),
Lake Sakakawea|ND,1837.5,fullPool,high,,https://www.nwd-mr.usace.army.mil/rcc/reports/pdfs/finalAOP2025-2026.pdf,base of flood control (USACE AOP full-reservoir shoreline); annual flood control & multiple use 1837.5-1850; sheet 1854 is the max operating pool
Lake Shafer|IN,645.15,fullPool,high,,https://www.nipsco.com/about-us/hydro-power/current-lake-levels-flow,"NIPSCO's normal level is 645.15 ft in a local datum (band 644.90-645.90), and IDNR reports the same. FERC P-12514 licenses Lake Shafer at 647.47 ft NGVD, -0.25/+0.75 (govinfo FR 2015-03444), so local = NGVD - 2.32 and full pool in MSL terms is 647.47 NGVD29. The sheet's 635 is wrong."
Lake Sharpe|SD,1420.0,fullPool,high,,https://www.nwd-mr.usace.army.mil/rcc/reports/mmanual/MissouriMainstemMasterManual2018.pdf,Master Manual: held very near the normal operating elevation of 1420 since 1964; tribal agreement band 1419-1421.5; AOP normal range 1420.0-1421.0. CWMS Top of Conservation 1420; top of annual FC & MU 1422; exclusive FC top 1423; dam 1440. Not seasonal.
Lake Shelbyville|IL,599.7,fullPool,high,,CWMS Lk Shelbyville-Kaskaskia.Elev.Inst.0.Summer Guide Curve (max),
Lake Springfield|IL,560.0,fullPool,high,559.6,https://www.cwlp.com/lakesparkshome/lakesparksinformation/lakewaterlevels.aspx,"CWLP says the lake is full at nominal pool 560 ft, where water starts flowing over the gate crests. That figure is in 'CWLP datum'; the USGS official elevation of the same level is 559.35 ft, and the USGS New City topo labels the spillway 559. CWLP reports daily levels in its own datum. Its summer operating target is 560.5 and its winter target is 559.6, Nov-Mar (CWLP blog)."
Lake Strom Thurmond (Clarks Hill)|SC,330.0,fullPool,high,,CWMS Thurmond.Elev.Inst.0.Top of Conservation (max),
Lake Tahoe|NV,6229.1,fullPool,high,,https://pubs.usgs.gov/wri/wri024030/text/environmental.htm,"1935 Truckee River Agreement legal max, Lake Tahoe datum (USGS: = 6227.96 ft asl); natural rim 6223.0; USGS gage 10337000 reports in the same datum"
Lake Taneycomo|MO,701.1,fullPool,high,,https://www.ferc.gov/sites/default/files/2020-04/P-2221-039-EA.pdf,"FERC gives 2,200 acres at 'normal pool elevation of 701.1 feet msl'; another section of the same EA says 2,200 acres at 701.35. The spillway crest is 697.1, topped by 4-ft flashboards and gates. The licensee targets keeping the lake above 699.75 and typically draws it down about 1 ft daily for generation. USGS gage 07053820 reports in NAVD88 (700.94 on 2026-09-26).; sheet 700.0"
Lake Tawakoni|TX,437.5,fullPool,high,,https://www.waterdatafortexas.org/reservoirs/individual/tawakoni,"TWDB gives conservation pool 437.50 ft NGVD29, the same as the spillway crest listed (SRA, Iron Bridge Dam)."
Lake Tenkiller|OK,632.0,fullPool,high,,CWMS TENK.Elev.Inst.0.Top of Conservation (max),
Lake Texoma|TX,617.0,fullPool,high,,CWMS DENI.Elev.Inst.0.Top of Constant Conservation (max),
Lake Travis|TX,681.0,fullPool,high,,https://www.waterdatafortexas.org/reservoirs/individual/travis,"Conservation pool is 681.00 (LCRA). Above that is USACE flood storage; emergency spillway 714, flood pool listed 721.4. TWDB labels the datum 'NAVD88 +0.6', which is LCRA's datum."
Lake Tschida|ND,2064.5,fullPool,high,,https://www.usbr.gov/gp/aop/resaloc/lake_tschida.pdf,"USBR (Heart Butte Dam): top of active conservation 2,064.5 ft = uncontrolled morning-glory sill (normal full level); flood control to 2,094.5; USACE CWMS agrees. USBR safety-of-dams work (construction planned ~2027) will need a drawdown. Datum per USBR RISE."
Lake Wallenpaupack|PA,1187.0,fullPool,med,1179.0,https://en.wikipedia.org/wiki/Lake_Wallenpaupack,"Lake rises to a 1,187 ft target for June 1, then is lowered through summer and fall to 1,179. USGS/PPL: spillway crest 1,176.0 with 14-ft roller gates (top 1,190); WY2004 max 1,187.3 on May 16; USGS topo normal pool 1,185. Brookfield's cited page (safewaters.com/facility/11) now returns 404. The sheet's 1180 is near the low level, not full pool."
Lake Wateree|SC,225.5,fullPool,high,220.0,https://files.nc.gov/ncdeq/Water%20Resources/files/ibt/Concord/09Final_Environmental_Impact_Statement_May_2006/FEIS_Appendices/Appendix-D_%20Low_Inflow_Protocol_Catawba.pdf,"Duke full-pond table: Lake Wateree 225.5 ft above MSL, which is 100.0 ft on Duke's local datum. Duke defines full pond as the level where spill would begin (top of spillway/flashboards or flood gates). Relicensing lake-level table (local datum): normal max 100.0; normal target 97.0 (222.5 ft MSL) Mar-Nov, 95.0 Feb/Dec, 94.5 (220.0 ft MSL) on Jan 1. winterPoolFt is that Jan 1 target, not a separate drawdown pool. SCDNR also gives 225.5 ft."
Lake Winnebago|WI,746.8,fullPool,med,745.3,https://www.lrc-wc.usace.army.mil/data/winnebago_strategy/Winnebago_Annual_Regulation_Presentation.pdf,"Regulated natural lake. USACE targets are in the local Oshkosh datum: summer (Jun 15-Sep 1) 2.90 ft (band 2.80-3.00); winter (Mar 1-Apr 1) 1.40 ft (band 1.20-1.70); Marshall Order upper limit 3.45; Menasha spillway crest 1.68. Converted using the USGS Lake Winnebago at Oshkosh (04082500) gage datum of 743.91 ft NAVD88, whose gage height tracks the Corps' Oshkosh readings. The operator does not publish an MSL equivalent.; sheet 746.5"
Lake Winnibigoshish|MN,1298.44,fullPool,high,,CWMS MissHW_Winni.Elev.Inst.0.Top of Normal (max),sheet 1298.0
Lake Winnipesaukee|NH,504.32,fullPool,high,,https://www.des.nh.gov/sites/g/files/ehbemt341/files/documents/winnipesaukee-graph2023.pdf,NHDES graph: FULL LAKE 504.32 ft (4.32 on its lake-level scale). Target is full by Memorial Day; summer range about 502.80-504.32. The graph also marks a drawdown level near 2.3 ft (about 502.3). The +500.00 ft offset is the USGS 01080000 gage datum (NGVD29). des.nh.gov blocks bots; read via Wayback.
Lake Wisconsin|WI,774.4,fullPool,high,,https://www.federalregister.gov/documents/full_text/text/1997/01/07/97-211.txt,"FERC's text reads 'normal operating water surface elevation of 744.4 feet NGVD'. That is an obvious typo for 774.4: the spillway crest is 760.4 and the gates are 14 ft high. Alliant confirms it: its FERC project boundary is at 774.4 ft, its license tightly limits how far the level may vary, and its live headwater read 774.36 ft NGVD on 2026-09-26 (alliantenergy.com/our-energy/hydro/flow-rate). The lake is run-of-river with no seasonal drawdown. The sheet's 774.0 is 0.4 ft low."
Lake Wylie|SC,569.4,fullPool,high,,https://files.nc.gov/ncdeq/Water%20Resources/files/ibt/Concord/09Final_Environmental_Impact_Statement_May_2006/FEIS_Appendices/Appendix-D_%20Low_Inflow_Protocol_Catawba.pdf,"569.4 ft above MSL, which is 100.0 ft on Duke's local datum (full pond = top of flood gates, where spill begins). Lake Wylie Marine Commission: normal target about 97 ft local (566.4 ft MSL), minimum 93 ft local. The lake normally sits 2-4 ft below full pond. Seasonal target table not checked."
Lake Zoar|CT,103.0,fullPool,med,,https://www.firstlightpower.com/annual-drawdown-schedule-for-candlewood-lake-lake-lillinonah-lake-zoar/,"FirstLight: normal summer operating range 100-103 ft (100.5 in some notices); brief fall drawdown to 98.5 ft. Conflict: FERC's 2000 Federal Register notice (https://www.govinfo.gov/content/pkg/FR-2000-04-24/html/00-10100.htm) puts the Stevenson impoundment at 101.3 ft NGVD, and USGS topo shows 101 ft. That is the same ~1.7 ft offset as at Lillinonah, so FirstLight's datum is probably local (inference, not confirmed). Use 103 against FirstLight readings and about 101.3 against NGVD29 data. The sheet's 100 is the bottom of the summer range."
Lake of Egypt|IL,500.0,fullPool,med,,https://prd-tnm.s3.amazonaws.com/StagedProducts/Maps/HistoricalTopo/PDF/IL/24000/IL_Goreville_307696_1996_24000_geo.pdf,"The USGS topo labels the lake 'SPILLWAY ELEV 500'. The IL EPA TMDL (from USACE dam data) lists the outlet as uncontrolled, so the crest is the normal full level. This fits SIPC owning the shoreline up to the 505 contour, and a secondary account says the 1962 fill reached about 497, just below the crest. No SIPC-published figure was found. The GNIS/Wikipedia 466 ft is wrong.; sheet 495.0"
Lake of the Ozarks|MO,660.0,fullPool,high,654.0,https://www.fws.gov/sites/default/files/documents/2025-12/joint-explanatory-statement.pdf,"Full pool is 660.0 ft in Union Electric Datum (UED). The FERC filing says 'UED is 0.9 feet higher than NGVD' without stating which way to convert, so the NGVD29 value is 659.1 or 660.9. Ameren's live levels are in UED. A designated flood pool runs from 660 to 661. On Ameren's guide curve the summer target is 659.0 from Memorial Day through Labor Day, and it drops to 654 in March-April; winterPoolFt uses that spring low (ameren.com lake-flood-guide-curve.pdf)."
Lanier (Sidney Lanier)|GA,1071.0,fullPool,high,,CWMS Buford.Elev.Inst.0.Top of Conservation (max),
Laurel River Lake|KY,1018.5,fullPool,high,,CWMS LAUREL Top of Conservation / Top of Power,sheet 1012 matched no normal level
Lay|AL,396.0,fullPool,high,,https://apcshorelines.com/lake/lay/,"Alabama Power's operating guide chart is flat at 396 ft all year, and the reservoir facts list 'Elevation above sea level: 396 feet'. It is a run-of-river project. NWS gauge CLTA1 read 395.39."
Leech Lake|MN,1294.9,fullPool,high,,CWMS MissHW_Leech Top of Normal,sheet 1294; regulating band 1293.8-1294.7
Lewis and Clark Lake|SD,1207.5,fullPool,med,,https://www.nwd-mr.usace.army.mil/rcc/reports/mmanual/MissouriMainstemMasterManual2018.pdf,"Seasonal but inverted: held near 1206.0 Mar-Aug (flood space and tern/plover nesting), raised to 1207.5 by ~Oct 1 and 'normally maintained at 1207.5' through Feb for recreation/hydropower. Reported 1207.5 as normal full; use 1206.0 if you need the spring-summer pool. Zones: 1204.5 top of carryover MU (CWMS Top of Conservation); 1208 max normal operating pool (sheet); 1210 exclusive FC top; dam 1234."
Liberty Reservoir|MD,420.0,fullPool,high,,https://mde.maryland.gov/programs/water/water_supply/Source_Water_Assessment_Program/Documents/www.mde.state.md.us/assets/document/watersupply/SWAPS/Baltimore%20City/Liberty%20SWA%20Report%20w%20apx%20A.pdf,"MDE: concrete gravity dam with spillway crest at 420 ft MSL. Water leaves only over the crest and no gates control the level, so the crest is the normal full level. Baltimore DPW also lists 420 ft above MSL. No USGS lake gauge found."
Loch Raven Reservoir|MD,240.0,fullPool,high,,https://www.baltimorecity.gov/publicworks/water-system-in-the-city/reservoirs/reservoir-natural-resources/reservoir-facts,"Crest was raised to 240 ft in 1918-1923 (MDE). The 288-ft spillway is uncontrolled (NID), so the crest is the full level. MGS defines mean pool level as 240 ft MSL (NGVD29); USGS NHD lists 240 as the spillway elevation."
Logan Martin|AL,465.0,fullPool,high,,CWMS LoganMartin.Elev.Inst.0.Top of Conservation (max),
Longview Lake|MO,891.0,fullPool,high,,CWMS NWDM LGVM Top of Multi-Purpose,sheet 890.0
Lucky Peak Lake|ID,3055.0,fullPool,high,,CWMS NWDP LUC Top of Normal,sheet 3060.0
Lums Pond|DE,41.6,fullPool,low,,https://epqs.nationalmap.gov/v1/json?x=-75.70540&y=39.56419&wkid=4326&units=Feet,"No DNREC or State Parks elevation found. 3DEP lidar (spring 2014) shows a flat water surface of 41.63 ft NAVD88 at 12 of 12 points (and 12 of 49 on a grid). USGS NHD/topo gives 45 ft (older NGVD29, about 44.2 NAVD88). The 2.6-ft gap may reflect dam work or map error. This is a measured surface, not a published full pool. The sheet's 40 is 1.6 ft lower."
Manasquan Reservoir|NJ,103.0,fullPool,high,,https://pubs.usgs.gov/wdr/2005/wdr-nj-05-1/,"USGS: usable capacity 4.67 BG at 103.0 ft, 'the normal and service spillway elevation'; dam crest 112.0. Off-stream pumped-storage reservoir. NJWSA daily elevations use the same datum (96.43 ft = 70.2% full on 2026-09-24). Sheet 50 is wrong.; sheet 50.0"
Mansfield Hollow Lake|CT,210.0,fullPool,low,,https://web.archive.org/web/20060520061417/http://www.dep.state.ct.us/cgnhs/lakes/mhollow/lake.htm,"CT DEP normal pool 210; USACE CWMS MHD.Elev has held 211.2-213.5 (median 212.6) the past year, so the held pool or the datum differs; sheet 192.0"
Marion Reservoir|KS,1350.5,fullPool,high,,CWMS MARI.Elev.Inst.0.Top of Conservation (max),
Mark Twain Lake|MO,606.0,fullPool,high,,CWMS Mark Twain Lk.Elev.Inst.0.Top of Conservation (max),
Melvern Lake|KS,1036.0,fullPool,high,,CWMS NWDM MELN Top of Multi-Purpose,
Merrill Creek Reservoir|NJ,,,,,,"USGS quotes 16.617 BG at a 929.0 ft spillway, but the record high is 923.3 and the same capacity sits at ~923, so 929 may be a typo; needs MCOG; the sheet's 940 is unsupported"
Merritt Reservoir|NE,2946.0,fullPool,high,,https://www.usbr.gov/gp/aop/resaloc/merritt.pdf,"USBR: top of active conservation 2,946.0 ft = spillway crest (normal full level); 2,949.8 is max water surface (near the sheet's 2,949)."
Milford Lake|KS,1144.4,fullPool,high,,CWMS NWDM MILD Top of Multi-Purpose,
Millwood|AR,259.2,fullPool,high,,CWMS Millwood_Dam.Elev-Pool.Inst.0.Top of Conservation (max),
Mississinewa Lake|IN,737.0,fullPool,high,712.0,https://cwms-data.usace.army.mil/cwms-data/levels?office=LRL&level-id-mask=Mississinewa.Elev*&unit=EN,"Top of Conservation 737 (summer pool); Top of Normal / Guide Curve 712 (winter pool). Drawdown Oct-Dec, refill by ~May 1. Top of flood 779, top of dam 797."
Monksville Reservoir|NJ,400.0,fullPool,high,,https://pubs.usgs.gov/wdr/2005/wdr-nj-05-1/,"RCC dam (1988): total capacity 7.0 BG at spillway level, 400.0 ft. Outflow is through cone valves; the spillway is uncontrolled. WY2005 month-ends were 399.8-401.1. Sheet 745 is wrong.; sheet 745.0"
Monroe Lake|IN,538.0,fullPool,high,,CWMS Monroe.Elev.Inst.0.Top of Conservation (max),
Mosquito Creek Lake|OH,900.73,fullPool,high,,CWMS Mosquito.Elev.Inst.0.Top of Conservation (max),sheet 900.5
Mount Storm Lake|WV,3244.0,fullPool,med,,https://www.wvencyclopedia.org/entries/1386,"e-WV and WVDNR (cited by Wikipedia) give the lake elevation as 3,244 ft. No Dominion (operator) figure found. USGS 3DEP lidar water surface 3,244.42 ft NAVD88 (2020) and 3,243.18 (2017) supports a steady cooling-lake level near 3,244. The input coordinates fall off the lake."
Navajo Reservoir|NM,6085.0,fullPool,high,,https://www.usbr.gov/projects/index.php?id=310,"USBR: top of joint use 6,085.0 ft = crest of the ungated spillway (normal full level); max water surface 6,101.6; dam crest 6,108."
Neely Henry|AL,508.0,fullPool,high,507.0,https://apcshorelines.com/lake/neely-henry/,"Alabama Power operating guide (gcurve-henry-2023): 507 ft from January through April, up to 508 by May, held at 508 through October, then back down to 507 by December. The reservoir facts list 508 ft."
Nelson Lake|ND,1925.0,fullPool,med,,https://prd-tnm.s3.amazonaws.com/StagedProducts/Maps/HistoricalTopo/PDF/ND/24000/ND_Nelson%20Lake_284612_1972_24000_geo.pdf,"The USGS map labels the reservoir 'Nelson Lake ELEVATION 1925'; this is the mapped water surface, not an operator-stated normal pool. No Minnkota figure was found (checked the Minnkota site and CCR documents, govinfo, ND G&F). Minnkota describes a 660-acre lake behind a 45-ft dam on Square Butte Creek. The sheet's 1800 is wrong."
Nickajack Lake|TN,634.5,fullPool,high,633.5,TVA top of summer operating zone (NKJT1),
Nimrod|AR,342.0,fullPool,high,,CWMS Nimrod_Dam.Elev-Pool.Inst.0.Top of Conservation (min),
Nolin River Lake|KY,515.0,fullPool,high,,CWMS Nolin.Elev.Inst.0.Top of Conservation (max),
Norfork|AR,553.75,fullPool,high,,CWMS Norfork_Dam.Elev-Pool.Inst.0.Top of Conservation (min),
Norris Lake|TN,1020,fullPool,high,991,TVA operating guide max (June fill target) (NRST1),
Nuuanu Reservoir|HI,,,,,,"Honolulu BWS holds No. 4 about half full, ~30 ft on a toe-of-dam depth scale (not an elevation); no sea-level figure published; USGS site on the lake ~1,025 ft MSL; the sheet's 810 is doubtful"
Oconee|GA,435.0,fullPool,high,,https://lakes.southernco.com/default.aspx,"Georgia Power lists the Full Elevation of Oconee (Wallace Dam) as 435. NWS gauge WDMG1 has action stage 435, minor flood 435.5, and read 433.45. Wallace Dam is a pumped-storage plant, so the level cycles below full daily. On the Georgia Power page the current-elevation column is misaligned for Jackson, Oconee and Sinclair, but the Full Elevation column is not."
Okatibbee Lake|MS,344.0,fullPool,high,,CWMS Okatibbee Top of Conservation max (summer),sheet 341; winter 339
Okeechobee|FL,15.5,fullPool,low,,https://en.wikipedia.org/wiki/Lake_Okeechobee,no fixed full pool: LOSOM seasonal zones; 12.5-15.5 ft NGVD29 target band (2011); SFWMD reports NAVD88 = NGVD29 - 1.25 ft here
Old Hickory Lake|TN,445.0,fullPool,high,444,"USACE published pool, inside TVA summer zone 444-446 (OHHT1)",
Oologah Lake|OK,638.0,fullPool,high,,CWMS OOLO.Elev.Inst.0.Top of Conservation (max),
Oroville|CA,900.0,fullPool,high,848.5,https://pubs.usgs.gov/wdr/WDR-CA-00-4/pdf/WRD.CA.00.Vol4.pdf,"USGS: usable capacity between 640.0 ft (minimum power pool) and 900.0 ft, normal maximum pool (3,537,577 AF). USACE CWMS top of gross pool 900.0; dam crest 922. Flood season (Oct 15-Apr 1) needs 375,000-750,000 AF of space depending on wetness; winterPoolFt 848.5 is the bottom of the full 750,000 AF flood pool (USACE 1970 manual), the lowest flood-season cap. USGS gage datum is 0.47 ft above sea level."
Otis Reservoir|MA,,,,,,"no DCR figure; proxies disagree (Wikipedia 1,417, NHD 1,415.7, lidar 1,419.62 NAVD88); the sheet's 1,400 is below all of them"
Ouachita (L. Ouachita)|AR,578.0,fullPool,high,,CWMS Blakely.Elev.Inst.0.Top of Conservation (max),
Pachaug Pond|CT,159.0,fullPool,low,,"https://hydro.nationalmap.gov/arcgis/rest/services/nhd/MapServer/12/query?where=gnis_id%3D%2700209579%27&outFields=GNIS_NAME,ELEVATION&returnGeometry=false&f=json","No CT DEEP or owner elevation found. USGS NHD/topo gives a water surface of 159 ft. USGS 3DEP lidar (spring 2016) shows a flat water surface of 158.00 ft NAVD88, roughly 159 ft NGVD29, so the two agree. The sheet's 68 ft is far off. The input coordinates fall off the pond."
Pactola Reservoir|SD,4580.2,fullPool,high,,https://www.usbr.gov/gp/aop/resaloc/pactola.pdf,USBR allocation chart top of active conservation (facility page 4580.0); sheet 4580.0
Palisades Reservoir|ID,5620.0,fullPool,high,,https://www.usbr.gov/projects/index.php?id=317,"USBR: top of joint use/active conservation = normal water surface 5,620.0 ft; USACE WCM: 'normal water surface El. 5620' (top of spillway gates), msl. USACE CWMS lists Top of Normal 5,619.0 and Max Non-Damaging 5,620.0. Sheet's 5,620.5 is 0.5 ft high.; sheet 5620.5"
Pascoag Reservoir|RI,441.0,fullPool,low,,https://hydro.nationalmap.gov/arcgis/rest/services/nhd/MapServer/12,No dam-owner figure found. NHD waterbody elevation is 441 ft (average water elevation from the topo map); 3DEP lidar water surface reads about 438.9 ft NAVD88. Sheet 500 is not supported.; sheet 500.0
Pathfinder Reservoir|WY,5852.49,fullPool,high,,https://www.usbr.gov/gp/aop/resaloc/pathfinder.pdf,2012 spillway rebuild raised the crest (= top of active conservation) to 5852.49; sheet 5850.1 is the pre-2012 crest
Patoka Lake|IN,536.0,fullPool,high,,CWMS Patoka.Elev.Inst.0.Top of Normal (max),
Patterson Lake|ND,2420.0,fullPool,high,,https://www.usbr.gov/gp/aop/resaloc/dickinson.pdf,"USBR (Dickinson Dam): top of active conservation 2,420.0 ft = spillway crest (bascule gate); aux spillway 2,423.5; max surface 2,430.6; USACE CWMS agrees. Sheet's 2,413 is 7 ft low. Datum per USBR RISE.; sheet 2413.0"
Payette Lake|ID,4988.8,fullPool,med,,https://waterdata.usgs.gov/monitoring-location/13238500/,"USGS 13238500 shows the lake held every summer 1995-2026 at 7.05-7.12 ft gage height (gage datum 4,981.73 NGVD29); Wikipedia's uncited 4,990 is ~1.2 ft higher; sheet 5000.0"
Percy Priest Lake|TN,490.0,fullPool,high,483,"USACE published pool, inside TVA summer zone 489.5-490.5 (JPHT1)",
Perry Lake|KS,891.5,fullPool,high,,CWMS NWDM PERY Top of Multi-Purpose,
Philpott Lake|VA,974.0,fullPool,high,,CWMS ROA PLP.Elev.Inst.0.Top of Power (max),
Pickwick Lake|TN,414,fullPool,high,409,TVA top of summer operating zone (PICT1),
Pineview Reservoir|UT,4900.0,fullPool,high,,https://www.usbr.gov/projects/index.php?id=218,USBR top of joint use
Piney Run Lake|MD,523.0,fullPool,high,,https://www.carrollcountymd.gov/media/12935/20201106_hh-report_optimized.pdf,Table 1: principal spillway crest / normal pool 523.0 ft NAVD88 (290 ac). Auxiliary spillway crest 531.2; dam crest 540.5. As-built plans read about 1.01 ft higher on the old datum. Sheet 490 is wrong.; sheet 490.0
Pleasant|AZ,1702.0,fullPool,high,,https://www.usbr.gov/lc/phoenix/projects/waddelldamproj.html,"USBR: 'Elevation at Maximum Conservation Storage 1,702 ft'; CAP fact sheet: maximum operating surface elevation 1,702 ft. Max water surface 1,725; dam crest ~1,728-1,730 (flood space above 1,702). No separate winter pool published."
Pomme de Terre Lake|MO,839.0,fullPool,high,,CWMS NWDM PODT Top of Multi-Purpose,
Pomona Lake|KS,974.0,fullPool,high,,CWMS NWDM POMA Top of Multi-Purpose,
Possum Kingdom Lake|TX,999.0,fullPool,high,,https://www.twdb.texas.gov/surfacewater/surveys/completed/files/PossumKingdom/2016-12/PossumKingdom2016_FinalReport.pdf,"TWDB states 'the normal operating level of Possum Kingdom Lake is 999.0 feet above mean sea level (NGVD29)'. Top of gates is 1,000.0, spillway crest 987.0 and top of dam 1,024. Water Data for Texas also uses 999.00 as conservation pool. The sheet's 1000 is the top of the gates."
Potholes Reservoir|WA,1046.5,fullPool,high,,https://www.usbr.gov/projects/index.php?id=194,USBR top of active conservation = normal water surface; sheet 1046.0
Prettyboy Reservoir|MD,520.0,fullPool,high,,https://www.mgs.md.gov/reports/pbrbathy.pdf,"MGS: mean pool level defined as 520 ft MSL (NGVD29). Baltimore DPW: elevation 520 ft with a 274-ft uncontrolled spillway, so the crest is the full level. USGS NHD lists 520 as the spillway elevation."
Priest Lake|ID,2437.64,fullPool,high,,https://legislature.idaho.gov/statutesrules/idstat/title70/t70ch5/sect70-507/,"Statute: lake maintained at 3.0 ft on the USGS Priest Lake outlet gage (gage datum 2,434.64 ft MSL, NGVD29 1947 supplementary adjustment) during the recreation season, or 3.0-3.5 ft in dry years. Never above 3.5 ft (2,438.14) and never released below 0.1 ft (2,434.74). After the season the lake may recede below 3.0 ft; there is no fixed winter pool. USGS 12393000 reports gage height (3.00 ft on 2026-09-26).; sheet 2438.0"
Pueblo Reservoir|CO,4880.38,fullPool,high,,CWMS Pueblo.Elev.Inst.0.Top of Conservation (min),sheet 4880.0
Puu Loa Reservoir|HI,,,,,,"no such reservoir in DLNR/NID (nearest is Pu'u Lua, Koke'e); ground at the point is ~3,076 ft, so the sheet's 120 can't be right"
Pymatuning Reservoir|PA,1008.0,fullPool,high,,https://pubs.usgs.gov/wdr/2004/wdr-pa-04-3/WDR-PA-04-3.pdf,"Main dam spillway crest 1,008.0 ft; capacity 188,040 acre-ft between 975.3 (gate sill) and 1,008.0. Winter levels ran about 1,005.6-1,006.3 in WY2004, but no winter target is published. USGS 03100500 read 1008.1-1008.3 in June 2026. Sheet 1015 is wrong.; sheet 1015.0"
Quabbin Reservoir|MA,530.0,fullPool,high,,https://www.mwra.com/your-water-system/reservoirs-watersheds/water-supply-demand,"MWRA's table ties elevation to percent capacity: 530.03 ft = 100.1%, 530.12 = 100.2%, 530.45 = 100.9% (spilling), so full = 530.0 ft. MWRA does not state the datum; it is historically Boston City Base (BCB is about NGVD29 + 5.65 ft, about NAVD88 + 6.5 ft). 3DEP lidar puts the near-full 2024 water surface at 522.5 ft NAVD88, which confirms MWRA figures run about 6-8 ft above NAVD88. Do not mix with NGVD or NAVD gauges. Level varies with runoff: 518.53 ft (79.1%) on Sep 1, 2026."
R.D. Bailey Lake|WV,1035.0,fullPool,high,,CWMS RDBailey.Elev.Inst.0.Top of Normal (max),
Rathbun Lake|IA,904.0,fullPool,high,,https://cwms-data.usace.army.mil/cwms-data/levels?office=NWDM&level-id-mask=RATN.Elev.Inst.0.Top%20of%20Conservation&unit=EN,USACE Kansas City (CWMS office NWDM) top of conservation; USGS lake gage 06903880 is NAVD88
Raystown Lake|PA,786.0,fullPool,high,,CWMS Raystown.Elev.Inst.0.Top of Conservation (max),
Records Pond|DE,7.4,fullPool,low,,https://epqs.nationalmap.gov/v1/json?x=-75.56389&y=38.55878&wkid=4326&units=Feet,"No DNREC elevation found. NHD Records Pond (GNIS 00214521, Laurel, Broad Creek) is at 38.558,-75.558. 3DEP lidar (spring 2014) gives 7.39-7.43 ft NAVD88 across the pond (a river-style surface with a slight gradient). This is a measured surface, not a published full pool. The sheet's 25 is not supported."
Red Mill Pond|DE,4.6,fullPool,low,,https://epqs.nationalmap.gov/v1/json?x=-75.20625&y=38.75523&wkid=4326&units=Feet,"No DNREC elevation found. NHD Red Mill Pond (GNIS 00214527) is at 38.755,-75.206. 3DEP lidar (spring 2014) gives 4.56 ft NAVD88 at 10 of 12 points; the 2023 lidar gives 5.32 ft at the north end; USGS topo gives 7 ft (older NGVD29). The sources span about 1.5 ft, so treat as uncertain. This is a measured surface, not a published full pool.; sheet 10.0"
Rend Lake|IL,405.0,fullPool,high,,CWMS Rend Lk.Elev.Inst.0.Top of Conservation (max),
Riffe Lake|WA,749.0,fullPool,med,,https://www.mytpu.org/community-environment-parks/parks-recreation/river-flows-lake-levels/,"Tacoma Power currently lists Riffe Lake with 'maximum of approx. 749 ft' and says it 'is working to restore Riffe Lake to its original elevation', i.e. an operating restriction. Original/licensed: USACE CWMS top of conservation 778.5 ft (= top of taintor gates; spillway crest 728.5); USGS in 2005 called 770 ft the 'normal operating pool'. USGS 14234800 datum is NGVD29 (levels by Tacoma). Switch to 778.5 only if the restriction is lifted.; sheet 778.5"
Rocky Gorge Reservoir|MD,286.4,fullPool,med,,https://princegeorgescountymd.gov/sites/default/files/media-document/dcv28018_2018-wsp_chap3_adopted_cr642019-n.pdf,T.H. Duckett crest elevation 286.4 ft above sea level; MGS uses 286.4 ft MSL as mean pool level. The dam has 7 tainter gates; USGS topo lists 270 as the spillway elevation (likely the gate sill). WSSC says it now keeps storage about 1 billion gal (both reservoirs) below full as a flood buffer; April 2015 levels ran 2.3-3 ft below 286.4. No public level gauge found.; sheet 290.0
Roosevelt|AZ,2151.0,fullPool,high,,CWMS Mod Roosevelt.Elev.Inst.0.Top of Conservation (max),
Ross Barnett Reservoir|MS,297.5,fullPool,high,297.0,https://web.archive.org/web/20131115131632/http://www.therez.ms/current%20news22011.html,"PRVWSD's board raised the winter pool 'from 296 feet above sea level to 297 feet, from December 1 through April 10'; the 'summer or recreational pool will remain 297.5' for the rest of the year. An older PRVWSD bridge-clearance sheet lists normal summer pool 297.5 and winter 296.0, which predates the 2013 change."
Ross Lake|WA,1602.5,fullPool,high,,https://pubs.usgs.gov/wdr/2005/wdr-wa-05-1/pdf/wa00103ADR2005_Figure40.pdf,"USGS: usable storage between 1,475 ft (lower limit) and 1,602.5 ft (top of taintor gates); surcharge to 1,610.5 ft only in major floods. CWMS: top of normal 1,602.5. Elevations are on the City of Seattle Ross Dam datum, which USGS states is 1.79 ft above NGVD29 (USC&GS); USGS 12175000 publishes in that datum. Deep winter drawdown for power and flood control (CWMS flood-season top of conservation 1,592.1); no fixed winter pool."
Rough River Lake|KY,495.0,fullPool,high,,CWMS Rough.Elev.Inst.0.Top of Conservation (max),
Round Valley Reservoir|NJ,384.2,fullPool,high,,https://www.njwsa.org/uploads/1/0/8/0/108064771/data.pdf,"NJWSA: full pool 384.20 ft NAVD88. Since 2025-11-19 NJWSA reports NAVD88 (NAVD88 = NGVD29 - 0.8), so this equals 385.00 ft NGVD29, the USGS spillway level (55 BG). The sheet's 385 is the same pool in NGVD29. Pumped-storage reservoir; USGS gauges are inactive."
Ruedi Reservoir|CO,7766.0,fullPool,high,,https://www.usbr.gov/gp/aop/resaloc/ruedi.pdf,"USBR: top of active conservation 7,766.0 ft = spillway crest (normal full level); max surface 7,781.8; dam crest 7,788."
Rye Patch Reservoir|NV,4136.0,fullPool,high,,https://www.usbr.gov/projects/index.php?id=268,USBR top of active conservation = normal water surface; sheet 4132.0
Saguaro|AZ,1529.0,fullPool,high,,https://streamflow.watershedconnection.com/dwr,"SRP DWR: 1,526.63 ft + 2.37 ft below maximum conservation storage level = 1,529.00 (0.5 ft below the sheet)."
Salamonie Lake|IN,755.0,fullPool,high,,CWMS Salamonie Top of Conservation (summer),sheet 767 matched no normal level
Salt Fork Lake|OH,800.0,fullPool,high,797.0,http://web.archive.org/web/20230528025210/https://ohiodnr.gov/discover-and-learn/land-water/inland-lakes/osp-winter-drawdowns,"ODNR lists a standard pool of 800' and a desired winter pool of 797' (3 ft drawdown for flood control, Nov to Mar/Apr). The ODNR Wildlife map says 'normal summer pool elevation of 800 ft'. The sheet's 797 is the winter pool."
Sam Rayburn Reservoir|TX,164.4,fullPool,high,,CWMS JSPT2.Elev.Inst.0.Top of Conservation (max),sheet 164.0
San Carlos|AZ,2510.4,fullPool,high,,https://pubs.usgs.gov/wdr/2004/wdr-az-04-1/pdf/wdr-az-04-1.pdf,"USGS: usable capacity 866,600 AF between 2,382.63 ft (lowest outlet sill) and 2,510.4 ft (revised), crest of spillway; spills occur at capacity (ungated ogee spillways). Older BIA/ASDSO documents cite 2,511 ft. USGS 09469000 reports lake elevation as 'gage height' in the same feet (2,406.05 on 2026-09-26). Sheet's 2,500 is wrong.; sheet 2500.0"
Sangchris Lake|IL,585.0,fullPool,high,,https://prd-tnm.s3.amazonaws.com/StagedProducts/Maps/HistoricalTopo/PDF/IL/24000/IL_Pawnee_308444_1964_24000_geo.pdf,The USGS map explicitly labels the lake 'Sangchris Lake NORMAL POOL ELEVATION 585'. No operator figure was found online: Vistra/Luminant Kincaid CCR documents and IDNR park pages give none. GNIS/Wikipedia has 584. The sheet's 570 is wrong.
Santa Rosa Lake|NM,4750.02,fullPool,high,,CWMS Santa Rosa.Elev.Inst.0.Top of Normal (max),
Sardis Lake|MS,260.0,fullPool,high,,CWMS Sardis Lake.Elev.Inst.0.Top of Guide Curve (max),sheet 260.5
Sardis Lake|OK,599.0,fullPool,high,,CWMS SARD.Elev.Inst.0.Top of Conservation (max),
Savage River Reservoir|MD,1467.0,fullPool,high,1420.0,https://cwms-data.usace.army.mil/cwms-data/levels?office=NAB&level-id-mask=Savage*&unit=EN,"Top of Conservation curve: 1420.0 in Dec-Jan, rising to 1467.0 in May-June, falling Jul-Nov. Uncontrolled spillway crest (top of flood control) 1468.5; top of dam 1497.5. CWMS datum is LOCAL. USGS 01597490 reads about 0.2 ft lower on reservoir datum than on NAVD88 (1444.17 vs 1444.37).; sheet 1456.0"
Saylorville Lake|IA,836.4,fullPool,high,,CWMS Saylorville.Elev.Inst.0.Top of Conservation (max),sheet 836.0
Scituate Reservoir|RI,284.0,fullPool,high,,https://web.archive.org/web/20130116234918/http://www.provwater.com/news/facts/reservoir_facts.htm,"Spillway elevation 284.00 ft; spillway storage 36.611 BG; maximum elevation 285.35 ft. Capacity is quoted at the overflow spillway, so the crest is the full level. USGS NHD lists 284 as the spillway elevation. provwater.com blocks bots; read via Wayback."
Seminoe Reservoir|WY,6357.0,fullPool,high,,https://www.usbr.gov/gp/aop/resaloc/seminoe.pdf,USBR top of active conservation; sheet 6362 is about the dam crest
Seminole|GA,77.0,fullPool,high,,https://water.sam.usace.army.mil/JIM%20WOODRUFF%20Pertinent%20Data.pdf,"normal operating pool 77.0 (min 76.5, max operating 77.5); sheet 77.5 is the max operating level"
Senecaville Lake|OH,832.2,fullPool,high,,CWMS Senecaville Top of Recreation / Top of Normal max,sheet 836.8 matched no normal level
Shadow Mountain Reservoir|CO,8367.0,fullPool,high,,https://www.usbr.gov/gp/aop/resaloc/shadow_mountain.pdf,"USBR: top of active conservation 8,367.0 ft; top of inactive 8,366.0, so the active pool is only 1 ft (connected to Grand Lake). Dam crest 8,375."
Shasta|CA,1067.0,fullPool,high,,https://www.usbr.gov/projects/index.php?id=241,"USBR: total storage 4,552,000 AF at elevation 1,067 ft (gross pool). Dam crest 1,077.5; max water surface 1,076.2. Winter flood-control reservation lowers the allowed level (varies)."
Shenango River Lake|PA,894.67,fullPool,high,,CWMS Shenango Top of Conservation max (summer),sheet 900; winter 886.67
Sheridan Lake|SD,4624.0,fullPool,med,,https://prd-tnm.s3.amazonaws.com/StagedProducts/Maps/HistoricalTopo/PDF/SD/24000/SD_Mount%20Rushmore_343805_1954_24000_geo.pdf,"The USGS map labels 'SPILLWAY 4624' at Sheridan Lake dam. The USGS lake gage 06406980 (Sheridan Lake near Hill City) has its gage datum at 4,624.00 ft NGVD29. This treats the crest as the normal full level on the assumption the spillway is uncontrolled, which is not confirmed. No USFS figure was found. The sheet's 4600 is wrong."
Sherman Reservoir|NE,,,,,,no published elevation found; the sheet's 2144 is Cedar Bluff's value copied in
Silver Lake (Dover)|DE,12.8,fullPool,low,,https://epqs.nationalmap.gov/v1/json?x=-75.52644&y=39.17277&wkid=4326&units=Feet,"No City of Dover or DNREC elevation found. NHD Silver Lake (GNIS 00214647, Dover, St. Jones River) is at 39.175,-75.533. 3DEP lidar (spring 2014) shows a flat water surface of 12.76 ft NAVD88 at 12 of 12 points. USGS topo gives 14 ft (older NGVD29, about 13.2 NAVD88), which is consistent. The sheet's 12 is 0.8 ft lower."
Sinclair|GA,340.0,fullPool,high,,https://lakes.southernco.com/default.aspx,"Georgia Power lists Sinclair's Full Elevation as 340. Sinclair is the lower pool for the Wallace Dam pumped-storage plant. NWS gauge SNCG1 has action stage 340, minor flood 340.5, and read 338.95."
Skiatook Lake|OK,714.0,fullPool,high,,CWMS SKIA.Elev.Inst.0.Top of Conservation (max),
Smith (Lewis Smith)|AL,510.0,fullPool,high,,CWMS Smith.Elev.Inst.0.Top of Conservation (max),
Smith Mountain Lake|VA,795.0,fullPool,high,,https://www.smithmtn.com/lake-levels/,AEP: full pond 795 ft; normal operating range 793-795 ft NGVD29 (2-ft pumped-storage power pool); water above 795 goes over the spillway. USGS NHD/topo also gives 795.
Smithville Lake|MO,864.2,fullPool,high,,CWMS NWDM SMIE Top of Multi-Purpose,sheet 864.0
Somerset Reservoir|VT,2128.23,fullPool,high,,https://lowimpacthydro.org/wp-content/uploads/2023/06/20170518-lic-amendment-Somerset-water-levels.pdf,"Held at 2,128.23 ft (+/-3 in) May 15-Jul 31 (2,128.58 before 2017); normal maximum is reached in May. Dam crest and side-channel spillway crest are 2,133.58 (3-ft flashboards), used only in extreme floods; this is GRH's 'reservoir at' figure. Drawdown floors: 2,120 (Aug 1-Nov 1) and 2,107 (winter). Sheet 2140 is wrong.; sheet 2140.0"
South Holston Lake|VA,1729,fullPool,high,1703.2,TVA operating guide max (June fill target) (SHDT1),
Spruce Run Reservoir|NJ,272.2,fullPool,high,,https://www.njwsa.org/uploads/1/0/8/0/108064771/data.pdf,NJWSA: full pool 272.20 ft NAVD88 = 273.00 ft NGVD29 (USGS: spillway crest 273.00). USGS 01396790 publishes both 62614 (NGVD29) and 62615 (NAVD88); compare against the matching datum. Sheet 265 is wrong.; sheet 265.0
Squantz Pond|CT,429.5,fullPool,med,424.0,https://www.firstlightpower.com/annual-drawdown-schedule-for-candlewood-lake-lake-lillinonah-lake-zoar/,"Squantz Pond is part of the Candlewood basin, separated only by a causeway, and FirstLight's Candlewood drawdowns lower it too. So it carries Candlewood's full pond (429.5 ft) and winter targets (424 ft, or 418-420 in deep years). USGS NHD/topo gives 429 ft. Lidar (Mar 2016, during drawdown) 424.3 ft NAVD88. See the Candlewood note on datum. The input coordinates fall off the pond.; sheet 429.0"
Starvation Reservoir|UT,5712.0,fullPool,high,,https://www.usbr.gov/projects/index.php?id=209,USBR top of joint use
Stockton Lake|MO,867.0,fullPool,high,,CWMS NWDM STON Top of Multi-Purpose,
Stonewall Jackson Lake|WV,1072.53,fullPool,high,,CWMS StonewallJackson.Elev.Inst.0.Top of Conservation (max),
Strawberry Reservoir|UT,7602.4,fullPool,high,,https://www.usbr.gov/projects/index.php?id=190,USBR top of active conservation (dam crest 7612); sheet 7605.0
Summersville Lake|WV,1652.0,fullPool,high,,CWMS Summersville.Elev.Inst.0.Top of Normal (max),
Sumner Lake|NM,4260.9,fullPool,med,,CWMS Sumner Top of Conservation,sheet 4262.9 is the seasonal bottom of flood pool
Sutherland Reservoir|NE,3043.0,fullPool,med,,https://prd-tnm.s3.amazonaws.com/StagedProducts/Maps/HistoricalTopo/PDF/NE/24000/NE_Sutherland%20Reservoir%20West_317309_1971_24000_geo.pdf,"Both USGS quads label the reservoir 'ELEVATION 3043' (datum mean sea level, NGVD29 era). No NPPD figure was found; its site search is script-only. USGS water-quality sites on the reservoir are placed at 3043. The sheet's 2985 is wrong."
Sutton Lake|WV,922.0,fullPool,high,,CWMS Sutton.Elev.Inst.0.Top of Normal (max),
Swanson Reservoir|NE,2752.0,fullPool,high,,https://www.usbr.gov/gp/aop/resaloc/swanson_lake.pdf,"USBR (Trenton Dam): top of active conservation 2,752.0 ft; flood control to 2,773.0; gated spillway crest 2,743; max surface 2,785. USACE CWMS agrees. Sheet's 2,758 is 6 ft high. Datum per USBR RISE.; sheet 2758.0"
Table Rock Lake|MO,915.0,fullPool,high,,CWMS Table_Rock_Dam.Elev-Pool.Inst.0.Top of Conservation (min),
Tappan Lake|OH,899.3,fullPool,high,,CWMS Tappan.Elev.Inst.0.Top of Normal (max),
Taylorsville Lake|KY,547.0,fullPool,high,,CWMS Taylorsville.Elev.Inst.0.Top of Conservation (max),
Tiber Reservoir (Lake Elwell)|MT,2993.0,fullPool,high,,https://www.usbr.gov/gp/aop/resaloc/tiber_dam.pdf,"USBR: top of joint use 2,993.0 ft (USACE CWMS Top of Conservation 2,993.0 agrees); top of active conservation 2,976.0; exclusive flood to 3,012.5; max water surface 3,020.2."
Timothy Lake|OR,3190.0,fullPool,med,,https://pubs.usgs.gov/wdr/2005/wdr-or-05/pdf/clackamas_1.pdf,"USGS: capacity 65,710 AF at 3,190 ft, 'normal maximum operating level'. Since 1966 usable capacity extends to 3,192.0 ft (top of radial gates), and the WY2005 peak was 3,191.37, so the practical summer max may be ~1 ft higher. The sheet's 3,217 is ~27 ft high. The USGS series ended in 2013; no PGE figure found."
Tims Ford Lake|TN,888,fullPool,high,870,TVA operating guide max (June fill target) (TMFT1),
Tiogue Lake|RI,,,,,,"no operator, state or USGS figure; lidar surface ~224.8 ft NAVD88 (undated); the sheet's 213 is unsupported"
Tohopekaliga (Toho)|FL,55.0,fullPool,high,,https://cwms.sec.usace.army.mil/cwms-data/timeseries?name=Tohopekaliga.Elev-Zone.Inst.~1Day.0.ZoneB_NGVD&office=SAJ&unit=EN&begin=2025-01-01T00:00:00Z&end=2026-01-01T00:00:00Z,"The regulation line: 55.0 ft NGVD from Nov 1 to Mar 1, down to 52.0 by Jun 1, 53.5 in Jul-Aug, and back to 55.0 by Nov 1. On 2026-09-26 the lake was at 53.89 against a regulation of 53.92. The low pool is in early summer, not winter."
Toledo Bend Reservoir|TX,172.0,fullPool,high,,https://www.waterdatafortexas.org/reservoirs/individual/toledo-bend,TWDB gives conservation pool 172.00 ft NGVD29 (SRA Texas/Louisiana); emergency spillway crest 173 and top of dam 185.
Topaz Lake|NV,5000.38,fullPool,high,,https://pubs.usgs.gov/wdr/wdr-nv-04-1/wdr-nv-04-pg160-523.pdf,"USGS: usable capacity 59,440 AF between 4,967.68 ft (lowest practical diversion) and 5,000.38 ft (3 ft below top of levee), NGVD29. The sheet's 5,010 is wrong. USGS 10297000 now reports height above a gage datum (85.10 ft on 2026-09-26 at 20,560 AF). By the capacity table that datum is ~4,895.4 ft (the old datum was 4.62 ft higher), so full is ~105.0 ft on the gage; this is derived, so verify."
Trap Pond|DE,31.3,fullPool,low,,https://epqs.nationalmap.gov/v1/json?x=-75.46954&y=38.52008&wkid=4326&units=Feet,"No DNREC or State Parks elevation found. 3DEP lidar (spring 2014) shows a flat water surface of 31.33 ft NAVD88 at 12 of 12 points in the NHD polygon. This is a measured surface, not a published full pool. The sheet's 30 is 1.3 ft lower."
Triadelphia Reservoir|MD,366.4,fullPool,med,,https://princegeorgescountymd.gov/sites/default/files/media-document/dcv28018_2018-wsp_chap3_adopted_cr642019-n.pdf,Brighton Dam crest elevation 366.4 ft above sea level (13 tainter gates). MGS mean pool level 366.4 ft MSL; USGS topo normal pool 366. WSSC now keeps about 1 billion gal (both reservoirs) below full as a flood buffer; April 2004 and 2015 levels were 2.1-2.7 ft below 366.4. Sheet 420 is wrong.; sheet 420.0
Trinity|CA,2370.0,fullPool,high,,https://www.usbr.gov/projects/index.php?id=266,"USBR: top of active conservation = normal water surface = spillway crest 2,370 ft (uncontrolled spillway; crest is the normal full level). Dam crest 2,395. 2,387 (spillway design-flood level, sometimes mislabeled 'full pool') is not full pool."
Truman Lake|MO,706.02,fullPool,high,,CWMS NWDM HAST Top of Multi-Purpose,
Tuttle Creek Lake|KS,1075.0,fullPool,high,,CWMS NWDM TUCR Top of Multi-Purpose,
Tygart Lake|WV,1093.45,fullPool,high,,CWMS Tygart Top of Conservation max (summer),sheet 1099; winter 1039.45
Ute Lake|NM,3788.86,fullPool,high,,https://pubs.usgs.gov/wdr/2005/wdr-nm-05-1/pdf/wdr-nm-05-1.pdf,"USGS: capacity 229,710 AF at 3,788.86 ft NAVD88, the crest of the labyrinth spillway (Dec 2002 table). The original capacity was quoted at 3,787.0 ft, which is the same crest on the old datum and matches the sheet's 3,787. Use 3,788.86 with USGS 07226800 (reports NAVD88, param 62615). Top of dam 3,813.86."
Wachusett Reservoir|MA,395.0,fullPool,med,,https://www.mwra.com/your-water-system/reservoirs-watersheds/water-supply-demand,"Interpolated from MWRA's table: 394.50 ft = 99.0%, 394.64 = 99.3%, 396.05 = 102.1%, giving 100% at about 395.0 ft. MWRA keeps Wachusett 'relatively fixed', usually about 390-394 ft (391.17 ft, 92.4% on Sep 1, 2026), so readings sit a few feet below full in normal operation. Datum not stated; it is MWRA's local datum (historically Boston City Base). 3DEP lidar (Mar 2021) shows 380.9 ft NAVD88 when MWRA reported 388.2, an offset of about 7 ft."
Waconda Lake|KS,1455.6,fullPool,high,,https://www.usbr.gov/gp/aop/resaloc/waconda_lake.pdf,"USBR (Glen Elder Dam): top of active conservation 1,455.6 ft (USACE CWMS Top of Conservation/Multi-Purpose agrees); flood control to 1,488.3; gated spillway crest 1,467.4."
Wagamons Pond|DE,6.4,fullPool,low,,https://epqs.nationalmap.gov/v1/json?x=-75.31734&y=38.77163&wkid=4326&units=Feet,"No DNREC elevation found. The main NHD Wagamons Pond polygon (Milton, Broadkill River) shows a flat water surface of 6.40 ft NAVD88 (2023 lidar, fall) at 12 of 12 points; a small tidal polygon below the dam reads 0.6 ft. This is a measured surface, not a published full pool. The sheet's 20 is not supported."
Waimaluhia Reservoir|HI,,,,,,USACE Kaneohe flood-control reservoir; no operator figure; nothing supports the sheet's 200
Waita Reservoir|HI,,,,,,owner and NID give capacity but no elevation; telemetry is a local-datum level; the sheet's 220 is unsupported (unofficial ~243)
Walter F. George / Eufaula|GA,190.0,fullPool,high,,CWMS WalterFGeorge.Elev.Inst.0.Top of Conservation (max),
Wanaque Reservoir|NJ,302.4,fullPool,high,,https://pubs.usgs.gov/wdr/2004/wdr-nj-04-1/pdf/wdrnj04_1.pdf,"Total capacity 29.63 BG at spillway level, 302.4 ft (300.3 before 1986). Outflow runs through sluice gates in the intake conduits. USGS 01386990 publishes live NGVD29 elevation (62614): 292.95 on 2026-09-26. Sheet 296 is wrong.; sheet 296.0"
Wappapello Lake|MO,359.7,fullPool,high,,CWMS Wappapello Lk-St Francis.Elev.Inst.0.Summer Guide Curve (max),sheet 359.5
Watts Bar Lake|TN,740.85,fullPool,high,736,TVA top of summer operating zone (WBOT1),sheet 741.0
Weiss|AL,564.0,fullPool,high,,CWMS Weiss.Elev.Inst.0.Top of Conservation (max),
West Point|GA,635.0,fullPool,high,,CWMS WestPoint.Elev.Inst.0.Top of Conservation (max),
Wheeler|AL,556,fullPool,high,551,TVA top of summer operating zone (WHLA1),sheet 556.3 = top of gates
Wild Horse Reservoir|NV,6205.0,fullPool,low,,https://pubs.usgs.gov/wdr/wdr-nv-04-1/wdr-nv-04-pg160-523.pdf,"USGS gives capacity 71,660 AF (WDR NV 2004, sta 13174500 remarks) but no full elevation; no operator figure found (BIA / Duck Valley project). The USGS daily record pairs 71,660 AF with 6,205.04 ft, and recent annual peaks cluster at 6,205.3-6,206.6 ft (spill), which is consistent. This is a derived number, not a stated one. USGS 13174000 reports elevation directly (6,183.17 ft on 2026-09-26).; sheet 6204.0"
Willard Bay Reservoir|UT,4226.0,fullPool,high,,https://www.usbr.gov/projects/index.php?id=48,USBR top of active conservation; sheet 4225.0
Wilson Lake|KS,1516.0,fullPool,high,,CWMS NWDM WILN Top of Multi-Purpose,
Wilson|AL,507.7,fullPool,high,504.7,TVA top of summer operating zone (WLSA1),sheet 507.88 = top of gates
Yellow Creek Lake|PA,1280.0,fullPool,high,,https://pubs.usgs.gov/wdr/2004/wdr-pa-04-3/WDR-PA-04-3.pdf,"Earthfill dam with concrete spillway; usable capacity 13,800 acre-ft between 1,245.5 (outlet sills) and 1,280.00 (spillway crest). USGS 03042260 lists altitude 1280 NGVD29; no active gauge. Sheet 1330 is wrong.; sheet 1330.0"
Youghiogheny River Lake|MD,1438.35,fullPool,high,,CWMS Youghiogheny.Elev.Inst.0.Top of Conservation (max),sheet 1439.0
